{"type":"FeatureCollection","features":[{"type":"Feature","properties":{"osm_id":909993001,"name":"","gauge":"","electrified":""},"geometry":{"type":"LineString","coordinates":[[98.7902748,37.0226937],[98.7904545,37.0228229],[98.7906399,37.0229469],[98.7908308,37.0230656],[98.7910268,37.0231786],[98.7912279,37.023286],[98.7914336,37.0233875],[98.7916762,37.0234972],[98.7919244,37.0235988],[98.7921775,37.0236921],[98.7924353,37.0237769],[98.7926973,37.0238532],[98.792963,37.0239207],[98.793232,37.0239794],[98.7935038,37.0240292],[98.7937779,37.0240699],[98.7940539,37.0241015],[98.7943314,37.0241241],[98.7946097,37.0241374],[98.7948885,37.0241415],[98.7951673,37.0241364],[98.7954455,37.0241221],[98.7957228,37.0240986],[98.7959987,37.024066],[98.7962726,37.0240243],[98.7965441,37.0239736],[98.7968127,37.023914],[98.7970781,37.0238455],[98.7973396,37.0237683],[98.797597,37.0236826],[98.7978496,37.0235884],[98.7980972,37.023486],[98.7983393,37.0233755],[98.7985754,37.0232571],[98.7988052,37.0231309],[98.7990282,37.0229973],[98.7992442,37.0228565],[98.8000274,37.0222483],[98.8011002,37.0212975],[98.8012522,37.0211692],[98.8014112,37.0210465],[98.801577,37.0209297],[98.8017492,37.0208189],[98.8019275,37.0207144],[98.8021114,37.0206165],[98.8023007,37.0205252],[98.802495,37.0204409],[98.8026975,37.0203622],[98.8029044,37.020291],[98.8031151,37.0202275],[98.8033293,37.0201718],[98.8035464,37.0201239],[98.8126445,37.0178281],[98.8145697,37.0172136]]}},{"type":"Feature","properties":{"osm_id":1215902110,"name":"","gauge":"","electrified":""},"geometry":{"type":"LineString","coordinates":[[114.253836,30.5543814],[114.2533909,30.5544978],[114.2530243,30.5546144],[114.2515322,30.5551392],[114.2486368,30.5561587],[114.2473788,30.5566006],[114.2466102,30.5568707],[114.2464162,30.5569388],[114.2459135,30.5571151],[114.2454239,30.5572867],[114.2401434,30.5591458],[114.2369439,30.5602673],[114.2353172,30.5608419],[114.2346292,30.5610828],[114.2338978,30.5613389],[114.2336093,30.5614399],[114.2335228,30.5614701],[114.2331212,30.5616187],[114.2327844,30.5617432],[114.2323225,30.5619383],[114.23205,30.5620739],[114.2318571,30.5621867],[114.2315174,30.5624046],[114.2312714,30.5625965],[114.2309812,30.5628403],[114.230652,30.5631695],[114.2303087,30.5635809],[114.2301066,30.5638538]]}},{"type":"Feature","properties":{"osm_id":1215902113,"name":"","gauge":"","electrified":""},"geometry":{"type":"LineString","coordinates":[[114.2335918,30.5613995],[114.2340209,30.5611927],[114.2340419,30.5611828],[114.2344818,30.5609749],[114.2348359,30.5608132],[114.2352677,30.5606562],[114.2412202,30.5585784],[114.2439482,30.5576204],[114.2445528,30.557406],[114.2449957,30.5572489],[114.2451539,30.5572025],[114.2460036,30.5569871]]}},{"type":"Feature","properties":{"osm_id":1215902131,"name":"","gauge":"","electrified":""},"geometry":{"type":"LineString","coordinates":[[114.2346236,30.5607824],[114.2350465,30.5606306],[114.2354145,30.5604985],[114.2413856,30.5584079],[114.2417387,30.5582851],[114.2422072,30.5581222],[114.243342,30.557726],[114.243795,30.5575615],[114.2441986,30.5574421],[114.2451539,30.5572025]]}},{"type":"Feature","properties":{"osm_id":1215902136,"name":"","gauge":"","electrified":""},"geometry":{"type":"LineString","coordinates":[[114.236834,30.5604049],[114.237594,30.5601783]]}},{"type":"Feature","properties":{"osm_id":1215901460,"name":"","gauge":"","electrified":""},"geometry":{"type":"LineString","coordinates":[[113.3633133,29.5344512],[113.3643214,29.5318022],[113.3644612,29.5314684],[113.3646481,29.5310982]]}},{"type":"Feature","properties":{"osm_id":1215901464,"name":"","gauge":"","electrified":""},"geometry":{"type":"LineString","coordinates":[[113.3645766,29.5313998],[113.3644671,29.5317205],[113.3637006,29.5338864]]}},{"type":"Feature","properties":{"osm_id":1215901466,"name":"","gauge":"","electrified":""},"geometry":{"type":"LineString","coordinates":[[113.3649547,29.5310606],[113.3649826,29.531516],[113.3649746,29.531946],[113.3649185,29.5326687]]}},{"type":"Feature","properties":{"osm_id":861053707,"name":"","gauge":"","electrified":""},"geometry":{"type":"LineString","coordinates":[[119.2598426,34.6872162],[119.2599714,34.6872956],[119.2603764,34.6874682],[119.2616149,34.687752],[119.2622389,34.6877708],[119.262498,34.6877786],[119.2636004,34.6878029],[119.2647672,34.6879484],[119.2654511,34.6880764],[119.266285,34.6882524],[119.2675918,34.6884109],[119.2677981,34.6884359],[119.2682353,34.6885153],[119.270322,34.6887645]]}},{"type":"Feature","properties":{"osm_id":1267864565,"name":"杭温高速铁路","gauge":"","electrified":""},"geometry":{"type":"LineString","coordinates":[[120.6843718,28.0717455],[120.6851567,28.0717212],[120.6868004,28.0715734],[120.6881804,28.0714648],[120.6888603,28.0714379],[120.6934563,28.0714466],[120.6947348,28.0714651],[120.6953718,28.0714821],[120.6959299,28.0714969],[120.6980259,28.0715527],[120.7183476,28.0720932]]}},{"type":"Feature","properties":{"osm_id":1267864566,"name":"永嘉联络线","gauge":"","electrified":""},"geometry":{"type":"LineString","coordinates":[[120.6818241,28.0721672],[120.6873306,28.0723049],[120.6900849,28.0723738],[120.6913104,28.0723921],[120.696102,28.0723977],[120.7082709,28.0724118],[120.7093481,28.0723737],[120.7105765,28.0722915],[120.7117875,28.0722082],[120.7128169,28.0721681],[120.7183476,28.0720932]]}},{"type":"Feature","properties":{"osm_id":1267864570,"name":"永嘉联络线","gauge":"","electrified":""},"geometry":{"type":"LineString","coordinates":[[120.6784294,28.0721228],[120.6818241,28.0721672]]}},{"type":"Feature","properties":{"osm_id":1267864571,"name":"杭温高速铁路","gauge":"","electrified":""},"geometry":{"type":"LineString","coordinates":[[120.7192258,28.0721166],[120.7206746,28.0721547]]}},{"type":"Feature","properties":{"osm_id":1341158049,"name":"杭温高速线","gauge":"","electrified":""},"geometry":{"type":"LineString","coordinates":[[120.7183476,28.0720932],[120.7192258,28.0721166]]}},{"type":"Feature","properties":{"osm_id":909983323,"name":"","gauge":"","electrified":""},"geometry":{"type":"LineString","coordinates":[[99.1714919,37.1986422],[99.171744,37.1981466],[99.1729242,37.1946426],[99.1730017,37.1943982],[99.1730893,37.1941559],[99.173187,37.1939162],[99.1732963,37.1936755],[99.1734156,37.193438],[99.1735449,37.1932037],[99.173684,37.192973],[99.1738327,37.1927462],[99.1739909,37.1925235],[99.1741584,37.1923052],[99.174335,37.1920914],[99.1766208,37.1898772],[99.1772157,37.1893009],[99.1776546,37.1888685],[99.1779184,37.1886086],[99.1783744,37.1882111],[99.1785363,37.1880942],[99.1787039,37.1879826],[99.1788769,37.1878763],[99.1790551,37.1877756],[99.1792382,37.1876806],[99.1794258,37.1875915],[99.1796485,37.1874957],[99.1798765,37.1874083],[99.1801093,37.1873293],[99.1803464,37.1872589],[99.1805873,37.1871972],[99.1808316,37.1871445],[99.1810786,37.1871008],[99.1813279,37.1870661],[99.1815789,37.1870407],[99.1818311,37.1870244],[99.182084,37.1870174],[99.182337,37.1870197],[99.1825896,37.1870313],[99.1828413,37.1870521],[99.1830915,37.1870821],[99.1833398,37.1871212],[99.1835855,37.1871694],[99.1838281,37.1872266],[99.1840672,37.1872926],[99.1843023,37.1873672],[99.1845328,37.1874504],[99.1847511,37.1875358],[99.1849662,37.1876262],[99.1851777,37.1877218],[99.1853857,37.1878222],[99.1856279,37.187948],[99.1858644,37.1880805],[99.1860949,37.1882195],[99.1863191,37.188365]]}},{"type":"Feature","properties":{"osm_id":909993003,"name":"","gauge":"","electrified":""},"geometry":{"type":"LineString","coordinates":[[98.8588428,36.9851231],[98.8458288,36.9869828],[98.8455621,36.9870232],[98.8452978,36.9870723],[98.8450362,36.9871301],[98.8447779,36.9871964],[98.8445231,36.9872712],[98.8442725,36.9873543],[98.8440263,36.9874455],[98.8437882,36.9875435],[98.8435552,36.9876491],[98.8433278,36.9877622],[98.8431064,36.9878826],[98.8428913,36.98801],[98.8426828,36.9881444],[98.8424814,36.9882854],[98.8364839,36.9919617],[98.823899,36.9995623],[98.821882,37.0007791],[98.8201332,37.00209],[98.8185775,37.0028783],[98.8162923,37.0038036],[98.8090932,37.0068024],[98.8021517,37.009681],[98.7947059,37.0126024],[98.7928927,37.0133478],[98.7909937,37.0143501],[98.7907626,37.0144901],[98.790539,37.0146376],[98.7903232,37.0147924],[98.7901156,37.0149541],[98.7899166,37.0151226],[98.7897265,37.0152976],[98.7895456,37.0154786],[98.7893742,37.0156655],[98.7892127,37.0158578],[98.7890603,37.0160567],[98.7889184,37.0162605],[98.7887873,37.0164688],[98.7886671,37.0166813],[98.7885581,37.0168976],[98.7884605,37.0171173],[98.7883745,37.0173401],[98.7883001,37.0175656],[98.7882376,37.0177933],[98.788187,37.0180229],[98.7881485,37.018254],[98.788122,37.0184862],[98.7881076,37.018719],[98.788172,37.0193016]]}},{"type":"Feature","properties":{"osm_id":1346522313,"name":"","gauge":"","electrified":""},"geometry":{"type":"LineString","coordinates":[[121.4368614,31.1114547],[121.4362477,31.1113356]]}},{"type":"Feature","properties":{"osm_id":1352465348,"name":"","gauge":"","electrified":""},"geometry":{"type":"LineString","coordinates":[[109.4254195,24.324145],[109.4247559,24.3241627]]}},{"type":"Feature","properties":{"osm_id":1266790786,"name":"","gauge":"","electrified":""},"geometry":{"type":"LineString","coordinates":[[106.3708639,26.5871366],[106.3706209,26.5871414],[106.3702483,26.5871414],[106.3698054,26.5870786],[106.369314,26.5869627],[106.3689629,26.5867889],[106.3685903,26.5865474],[106.3675127,26.5856979],[106.3671386,26.585392],[106.3668357,26.5851148],[106.3666647,26.5848886],[106.366483,26.5846114],[106.3663725,26.5843565],[106.3663048,26.5840824],[106.3662763,26.583767],[106.3662942,26.5827091],[106.3663298,26.5816799],[106.3663868,26.5801185],[106.3664509,26.5779676],[106.3664581,26.5776968]]}},{"type":"Feature","properties":{"osm_id":1298250251,"name":"","gauge":"","electrified":""},"geometry":{"type":"LineString","coordinates":[[106.3726205,26.586409],[106.3720143,26.586784],[106.3716254,26.5869675],[106.3712366,26.5870738],[106.3710006,26.5871136]]}},{"type":"Feature","properties":{"osm_id":1298250252,"name":"","gauge":"","electrified":""},"geometry":{"type":"LineString","coordinates":[[106.3710006,26.5871136],[106.3708639,26.5871366]]}},{"type":"Feature","properties":{"osm_id":1243114539,"name":"","gauge":"","electrified":""},"geometry":{"type":"LineString","coordinates":[[112.1989483,27.7331352],[112.1986081,27.7332133],[112.1979693,27.7333482],[112.1973783,27.7334422],[112.19483,27.7337805],[112.1915032,27.7342003],[112.1901368,27.7343862],[112.1898992,27.7344107],[112.1892735,27.7344459],[112.1891532,27.7344541],[112.1885297,27.7345019],[112.1878256,27.7345554]]}},{"type":"Feature","properties":{"osm_id":1311442135,"name":"","gauge":"","electrified":""},"geometry":{"type":"LineString","coordinates":[[112.2053375,27.7327598],[112.2044878,27.7328138],[112.2028535,27.7328642],[112.2013249,27.7329253],[112.2011227,27.7329377],[112.2008142,27.7329518],[112.2005474,27.7329609],[112.2001527,27.7329743],[112.1997118,27.7330165],[112.1994961,27.733028]]}},{"type":"Feature","properties":{"osm_id":1311442160,"name":"沪昆线","gauge":"","electrified":""},"geometry":{"type":"LineString","coordinates":[[112.2271229,27.7245493],[112.2261765,27.7244659],[112.2256053,27.724461],[112.2248581,27.7244957],[112.2242039,27.724604],[112.2235027,27.7247968],[112.219688,27.725811],[112.218414,27.726244],[112.217293,27.726883],[112.2162888,27.7276439],[112.2159683,27.7278795],[112.215615,27.7281046],[112.21515,27.7283477],[112.214754,27.7285128],[112.2136043,27.7289122],[112.2124901,27.7292916],[112.2035854,27.7322798],[112.2027585,27.7324988],[112.201958,27.7326277],[112.2007198,27.7327961],[112.1993204,27.7330058],[112.1984657,27.7331186],[112.1977917,27.7332027],[112.1966674,27.733343],[112.1947319,27.7335928],[112.1925149,27.7338803],[112.1920939,27.7339377],[112.1904649,27.734136],[112.1885539,27.7344012],[112.1880314,27.7344848],[112.1869553,27.7346189],[112.1861426,27.7347213],[112.1856052,27.7348011]]}},{"type":"Feature","properties":{"osm_id":328380898,"name":"遵小线","gauge":"","electrified":""},"geometry":{"type":"LineString","coordinates":[[117.9632816,40.1476041],[117.9628203,40.149071],[117.9625949,40.1498449],[117.9626083,40.1503493],[117.9627022,40.1506835],[117.9628068,40.1510074],[117.9629463,40.1512616],[117.9631501,40.1515056],[117.9633567,40.151686],[117.9637322,40.1519361],[117.9641211,40.1521288],[117.9647407,40.1523461],[117.9695851,40.1540697],[117.9738154,40.1555698],[117.9778323,40.1568082],[117.9788231,40.1571136],[117.9812733,40.1578594],[117.9833012,40.1584767],[117.983672,40.1585897],[117.9866774,40.159488],[117.9921108,40.1611646],[117.9947496,40.1619718],[118.00031,40.1636581],[118.0033152,40.1645408],[118.0048027,40.1647714],[118.0084677,40.1649609],[118.0097138,40.1650039],[118.0129496,40.1652238],[118.0138574,40.1653069],[118.0232031,40.1660894],[118.0283354,40.1665094],[118.0283898,40.1665139]]}},{"type":"Feature","properties":{"osm_id":846585026,"name":"衢宁线","gauge":"","electrified":""},"geometry":{"type":"LineString","coordinates":[[119.1504962,28.8469804],[119.1507385,28.8464909],[119.1513685,28.8451945],[119.1557139,28.8365546]]}},{"type":"Feature","properties":{"osm_id":1233682816,"name":"黎湛铁路","gauge":"","electrified":""},"geometry":{"type":"LineString","coordinates":[[109.391535,23.1112244],[109.3924058,23.1112446]]}},{"type":"Feature","properties":{"osm_id":1233682817,"name":"黎湛铁路","gauge":"","electrified":""},"geometry":{"type":"LineString","coordinates":[[109.3844049,23.111751],[109.3891319,23.1113009],[109.3906196,23.1112228],[109.391535,23.1112244]]}},{"type":"Feature","properties":{"osm_id":1233682818,"name":"黎湛铁路","gauge":"","electrified":""},"geometry":{"type":"LineString","coordinates":[[109.3915311,23.1111477],[109.3924036,23.1111678]]}},{"type":"Feature","properties":{"osm_id":1233682819,"name":"黎湛铁路","gauge":"","electrified":""},"geometry":{"type":"LineString","coordinates":[[109.3843999,23.111704],[109.389069,23.111261],[109.3905806,23.111115],[109.3915311,23.1111477]]}},{"type":"Feature","properties":{"osm_id":1220468358,"name":"甬金铁路","gauge":"","electrified":""},"geometry":{"type":"LineString","coordinates":[[120.4256462,29.3575519],[120.4199085,29.3566142],[120.4184392,29.3563516],[120.4167348,29.356009],[120.4150061,29.3556071],[120.4132035,29.355137],[120.4126323,29.3549682]]}},{"type":"Feature","properties":{"osm_id":1220468359,"name":"甬金铁路","gauge":"","electrified":""},"geometry":{"type":"LineString","coordinates":[[120.4126177,29.3550234],[120.4132105,29.3551999],[120.414995,29.3556631],[120.4167035,29.3560587],[120.4184229,29.356398],[120.419897,29.3566581],[120.4256284,29.3576066]]}},{"type":"Feature","properties":{"osm_id":1329813724,"name":"甬金铁路","gauge":"","electrified":""},"geometry":{"type":"LineString","coordinates":[[120.4125147,29.3549335],[120.4075181,29.3534573]]}},{"type":"Feature","properties":{"osm_id":1329813725,"name":"甬金铁路","gauge":"","electrified":""},"geometry":{"type":"LineString","coordinates":[[120.4126323,29.3549682],[120.4125147,29.3549335]]}},{"type":"Feature","properties":{"osm_id":1329813726,"name":"甬金铁路","gauge":"","electrified":""},"geometry":{"type":"LineString","coordinates":[[120.4074933,29.3534974],[120.4125002,29.3549884]]}},{"type":"Feature","properties":{"osm_id":1329813727,"name":"甬金铁路","gauge":"","electrified":""},"geometry":{"type":"LineString","coordinates":[[120.4125002,29.3549884],[120.4126177,29.3550234]]}},{"type":"Feature","properties":{"osm_id":471447885,"name":"","gauge":"","electrified":""},"geometry":{"type":"LineString","coordinates":[[123.4227677,41.8152087],[123.4237221,41.8156428]]}},{"type":"Feature","properties":{"osm_id":471447902,"name":"","gauge":"","electrified":""},"geometry":{"type":"LineString","coordinates":[[123.4251995,41.816284],[123.4255148,41.8164352],[123.4258608,41.8166102],[123.426188,41.8167541],[123.4265112,41.816889],[123.4311308,41.8185447],[123.4314514,41.8186576],[123.4318067,41.818765],[123.4321371,41.818853],[123.4324753,41.8189248],[123.4328088,41.818982],[123.4336217,41.8191118]]}},{"type":"Feature","properties":{"osm_id":471477478,"name":"","gauge":"","electrified":""},"geometry":{"type":"LineString","coordinates":[[123.4240589,41.8158289],[123.4245199,41.8159855],[123.4249786,41.8161413]]}},{"type":"Feature","properties":{"osm_id":471497339,"name":"","gauge":"","electrified":""},"geometry":{"type":"LineString","coordinates":[[123.4121899,41.8122874],[123.4138879,41.8126471]]}},{"type":"Feature","properties":{"osm_id":471447900,"name":"","gauge":"","electrified":""},"geometry":{"type":"LineString","coordinates":[[123.4234801,41.815491],[123.4248431,41.8159341],[123.4253423,41.8160845],[123.4258472,41.8162366]]}},{"type":"Feature","properties":{"osm_id":471447887,"name":"","gauge":"","electrified":""},"geometry":{"type":"LineString","coordinates":[[123.4236381,41.8153571],[123.4240526,41.8154921],[123.4245647,41.815659]]}},{"type":"Feature","properties":{"osm_id":471477476,"name":"","gauge":"","electrified":""},"geometry":{"type":"LineString","coordinates":[[123.423489,41.8155981],[123.4240589,41.8158289],[123.4249493,41.8161809]]}},{"type":"Feature","properties":{"osm_id":471477480,"name":"","gauge":"","electrified":""},"geometry":{"type":"LineString","coordinates":[[123.4211108,41.814344],[123.4225626,41.8146432]]}},{"type":"Feature","properties":{"osm_id":471490627,"name":"","gauge":"","electrified":""},"geometry":{"type":"LineString","coordinates":[[123.434803,41.818632],[123.4363353,41.8191831]]}},{"type":"Feature","properties":{"osm_id":471447883,"name":"京哈秦沈下行联络线","gauge":"","electrified":""},"geometry":{"type":"LineString","coordinates":[[123.4205746,41.8143616],[123.4209175,41.814459],[123.4212304,41.8145535],[123.4215469,41.8146648],[123.4218101,41.8147768],[123.4225955,41.8151406]]}},{"type":"Feature","properties":{"osm_id":471477462,"name":"","gauge":"","electrified":""},"geometry":{"type":"LineString","coordinates":[[123.4242444,41.8152735],[123.4254232,41.8156066],[123.4260052,41.8157805],[123.4267106,41.8160184],[123.4328703,41.8181863],[123.4333612,41.8183742],[123.4349674,41.8190262]]}},{"type":"Feature","properties":{"osm_id":471477564,"name":"","gauge":"","electrified":""},"geometry":{"type":"LineString","coordinates":[[123.4352553,41.8192147],[123.4338976,41.8188379],[123.4334793,41.8187127],[123.4331076,41.8185887],[123.4265464,41.8162578],[123.4258476,41.8160179],[123.4253943,41.815838],[123.4241812,41.8153589]]}},{"type":"Feature","properties":{"osm_id":471490622,"name":"","gauge":"","electrified":""},"geometry":{"type":"LineString","coordinates":[[123.4341362,41.818244],[123.4367328,41.8192777],[123.4371859,41.8194469],[123.4379277,41.819702],[123.4394815,41.8201964]]}},{"type":"Feature","properties":{"osm_id":471490626,"name":"","gauge":"","electrified":""},"geometry":{"type":"LineString","coordinates":[[123.4251482,41.815272],[123.4264391,41.8155392],[123.4267529,41.8156092],[123.4269581,41.8156631],[123.427795,41.815896],[123.4284897,41.8161229],[123.4321924,41.8174672],[123.43308,41.8178083],[123.4335809,41.8180078],[123.4341362,41.818244],[123.4355144,41.8188523]]}},{"type":"Feature","properties":{"osm_id":907269075,"name":"","gauge":"","electrified":""},"geometry":{"type":"LineString","coordinates":[[123.4236634,41.8153158],[123.4240526,41.8154921],[123.4245333,41.81571],[123.4248834,41.8158726],[123.4258472,41.8162366]]}},{"type":"Feature","properties":{"osm_id":471477460,"name":"","gauge":"","electrified":""},"geometry":{"type":"LineString","coordinates":[[123.4242469,41.8151361],[123.4256579,41.8156006],[123.4260468,41.8157306],[123.42637,41.8158245],[123.4267629,41.8159345],[123.4275944,41.8161773],[123.4282838,41.8164102],[123.4346546,41.8186687]]}},{"type":"Feature","properties":{"osm_id":226090402,"name":"","gauge":"","electrified":""},"geometry":{"type":"LineString","coordinates":[[123.4232445,41.8148551],[123.4242469,41.8151361],[123.425728,41.8155577],[123.4262322,41.8157036],[123.4267928,41.8158615],[123.4276324,41.8161094],[123.4283188,41.8163463],[123.4329607,41.8180268],[123.4334076,41.8181895],[123.4346546,41.8186687],[123.4349697,41.818777],[123.4368331,41.8194326]]}},{"type":"Feature","properties":{"osm_id":471477437,"name":"","gauge":"","electrified":""},"geometry":{"type":"LineString","coordinates":[[123.42409,41.8157899],[123.4245199,41.8159855],[123.4249493,41.8161809],[123.4251995,41.816284],[123.4256824,41.8164892],[123.4259533,41.8165992],[123.4262591,41.8167211],[123.4265394,41.816838],[123.4311584,41.8185],[123.4314685,41.8186051],[123.4318335,41.8187103],[123.4321644,41.8187985],[123.4325073,41.8188776],[123.4336217,41.8191118],[123.4340396,41.8192046]]}},{"type":"Feature","properties":{"osm_id":471477464,"name":"","gauge":"","electrified":""},"geometry":{"type":"LineString","coordinates":[[123.4234215,41.8152767],[123.4236381,41.8153571],[123.4245333,41.81571]]}},{"type":"Feature","properties":{"osm_id":471477504,"name":"","gauge":"","electrified":""},"geometry":{"type":"LineString","coordinates":[[123.4170932,41.8134179],[123.4187115,41.8137643]]}},{"type":"Feature","properties":{"osm_id":471477538,"name":"","gauge":"","electrified":""},"geometry":{"type":"LineString","coordinates":[[123.4219669,41.8147777],[123.4227678,41.8150318]]}},{"type":"Feature","properties":{"osm_id":1334655306,"name":"","gauge":"","electrified":""},"geometry":{"type":"LineString","coordinates":[[123.4349697,41.818777],[123.4371429,41.8196158],[123.4375119,41.8197508],[123.4379054,41.8198833],[123.4387329,41.820141]]}},{"type":"Feature","properties":{"osm_id":257366369,"name":"兰新线","gauge":"","electrified":""},"geometry":{"type":"LineString","coordinates":[[98.2574035,39.7562674],[98.2570509,39.7568815],[98.2567177,39.7574751],[98.2555844,39.7594963],[98.2551862,39.7602252],[98.2550606,39.7605023],[98.255004,39.760598],[98.2548868,39.7608237],[98.2548232,39.7609819],[98.2547217,39.7611807],[98.2514082,39.7670494],[98.2512582,39.7672616],[98.2510177,39.7676037],[98.2508066,39.7680064],[98.2503679,39.7687772],[98.2501996,39.7690792],[98.2496607,39.7700371],[98.247969,39.7730797],[98.2479013,39.7732595],[98.2478192,39.7734408],[98.2476528,39.7738859],[98.2475574,39.7742582],[98.2474913,39.7747136],[98.2471313,39.7765428]]}},{"type":"Feature","properties":{"osm_id":257686317,"name":"","gauge":"","electrified":""},"geometry":{"type":"LineString","coordinates":[[98.2413658,39.7816652],[98.2416558,39.7815946],[98.2420715,39.7814895],[98.2424873,39.781374],[98.2427291,39.7812966],[98.2430237,39.7811865],[98.243308,39.7810875],[98.2437398,39.7808917],[98.244169,39.7806711],[98.2445445,39.7804423],[98.2448476,39.7802341],[98.2452124,39.7799394],[98.2455476,39.7796343],[98.2457944,39.7793787],[98.2460277,39.779119],[98.2462852,39.7787335],[98.2464247,39.7784923],[98.24667,39.7780176],[98.2467493,39.777808],[98.2468968,39.7773668],[98.2469907,39.7769484],[98.2470926,39.776433],[98.2471972,39.7758661],[98.2472723,39.7754456],[98.2473635,39.7749653],[98.2474627,39.774485],[98.2475298,39.7741613],[98.2476183,39.7738088],[98.2477739,39.7733903],[98.2478731,39.7731615],[98.248034,39.7728255],[98.2483049,39.7723328],[98.2487234,39.7715865],[98.249186,39.7707738],[98.2494315,39.7703331],[98.2496675,39.7699022],[98.2501485,39.7690484],[98.2503132,39.7687621],[98.2505151,39.7683931],[98.2507421,39.7679997],[98.251009,39.7675167],[98.2510559,39.7674328],[98.2520439,39.7656675],[98.2526716,39.764513],[98.2531049,39.7637664]]}},{"type":"Feature","properties":{"osm_id":258831717,"name":"","gauge":"","electrified":""},"geometry":{"type":"LineString","coordinates":[[98.2889378,39.8251988],[98.2890211,39.8250794],[98.2891507,39.8249672],[98.2906044,39.8239433],[98.2913722,39.8233925],[98.291931,39.8229878],[98.2931784,39.8221067],[98.2939966,39.8215342],[98.2943507,39.8213302],[98.2944454,39.8212768],[98.2947932,39.8210809],[98.2949998,39.8209697],[98.2951097,39.8209037],[98.2953964,39.8207429],[98.2958339,39.8205021],[98.2958999,39.8204651],[98.2962094,39.8202919],[98.296472,39.820127],[98.296717,39.8199464],[98.2969414,39.8197809],[98.2973166,39.8195189],[98.2978644,39.8191362],[98.2988139,39.818479],[98.2992752,39.8181412],[98.299629,39.8178774],[98.3002244,39.8174406],[98.3006538,39.8171111],[98.3007877,39.8169626],[98.3009406,39.8167772],[98.3011042,39.8166371],[98.3013322,39.8164641],[98.3018716,39.8160295],[98.3026357,39.8154299],[98.3033975,39.8148303],[98.3039986,39.8143566],[98.304704,39.8137859],[98.3050381,39.8135076],[98.3053018,39.813316],[98.3055289,39.8131809],[98.3057519,39.8130483],[98.3058732,39.8129761],[98.3063475,39.8126573],[98.3067706,39.812355],[98.3071066,39.8120768],[98.3073218,39.8118986],[98.307799,39.8115421],[98.3080938,39.8113536],[98.3083757,39.8111733]]}},{"type":"Feature","properties":{"osm_id":258836930,"name":"","gauge":"","electrified":""},"geometry":{"type":"LineString","coordinates":[[98.3036778,39.7867929],[98.3038201,39.7865321],[98.3038559,39.7864664],[98.3038937,39.7863972],[98.3045913,39.7850753],[98.3048584,39.7845924],[98.3052707,39.7838442],[98.3057563,39.782946],[98.3061058,39.7823727],[98.3061756,39.7822674],[98.3062317,39.7821874],[98.3062699,39.782133],[98.3064251,39.7819535],[98.3066992,39.7817106],[98.3069239,39.7815328],[98.3072595,39.7813138],[98.3075712,39.7811333],[98.3079775,39.7809737],[98.3082318,39.7808889],[98.308553,39.7807985],[98.3089289,39.7807299],[98.3092805,39.7806719],[98.3103699,39.7805552]]}},{"type":"Feature","properties":{"osm_id":259260858,"name":"","gauge":"","electrified":""},"geometry":{"type":"LineString","coordinates":[[98.2977407,39.8193502],[98.298213,39.8190353],[98.2985912,39.8187633],[98.2988273,39.818582],[98.2989721,39.8184687],[98.2993178,39.8182255],[98.2995941,39.8179989],[98.2999562,39.8177084],[98.3004283,39.8173623],[98.3009891,39.8169174],[98.3016436,39.8164024],[98.3023973,39.815809],[98.3030464,39.8152919],[98.3035963,39.8148566],[98.3038778,39.8146245],[98.3060726,39.812902],[98.3067706,39.812355]]}},{"type":"Feature","properties":{"osm_id":259261751,"name":"","gauge":"","electrified":""},"geometry":{"type":"LineString","coordinates":[[98.2956405,39.8210726],[98.2962574,39.8206276],[98.2973198,39.819867],[98.2980357,39.8193928],[98.2989972,39.8187045],[98.2994173,39.8184069],[98.3000155,39.8179661],[98.3003749,39.8177147],[98.301032,39.8172471],[98.3014102,39.8169813],[98.3015978,39.8168514],[98.3017314,39.8167563],[98.301976,39.8165527],[98.3021504,39.8163755],[98.3023631,39.8161222],[98.3024999,39.8159903],[98.3026662,39.8158276],[98.3027815,39.8157287]]}},{"type":"Feature","properties":{"osm_id":259263196,"name":"","gauge":"","electrified":""},"geometry":{"type":"LineString","coordinates":[[98.2996587,39.818137],[98.3000259,39.8178609],[98.3002378,39.8176755],[98.3004849,39.8174757],[98.300616,39.8173809],[98.3014126,39.8167484],[98.3024689,39.8158817],[98.3044981,39.8142803],[98.3055147,39.8134604],[98.3067351,39.8125044],[98.3076926,39.8117544],[98.3083757,39.8111733]]}},{"type":"Feature","properties":{"osm_id":1097349136,"name":"","gauge":"","electrified":""},"geometry":{"type":"LineString","coordinates":[[117.9629597,40.1481986],[117.9628792,40.1486497]]}},{"type":"Feature","properties":{"osm_id":1097349157,"name":"唐遵线","gauge":"","electrified":""},"geometry":{"type":"LineString","coordinates":[[118.0231968,40.04453],[118.0228052,40.044801],[118.0225182,40.0450433],[118.0222231,40.0453369]]}},{"type":"Feature","properties":{"osm_id":1104009448,"name":"和若线","gauge":"","electrified":""},"geometry":{"type":"LineString","coordinates":[[85.5048508,38.1844259],[85.5053525,38.1844146]]}},{"type":"Feature","properties":{"osm_id":1342810263,"name":"","gauge":"","electrified":""},"geometry":{"type":"LineString","coordinates":[[111.1225407,23.3611401],[111.1228007,23.3615773]]}},{"type":"Feature","properties":{"osm_id":505071418,"name":"","gauge":"","electrified":""},"geometry":{"type":"LineString","coordinates":[[111.1227157,23.3612911],[111.1232158,23.3619686],[111.1248784,23.3649246],[111.1250245,23.3652845],[111.1251126,23.3654508]]}},{"type":"Feature","properties":{"osm_id":505071405,"name":"永玉铁路","gauge":"","electrified":""},"geometry":{"type":"LineString","coordinates":[[111.1262851,23.3730664],[111.1264362,23.374413],[111.1265294,23.3752029],[111.1267087,23.3766048],[111.1271389,23.3792376],[111.1273512,23.3802195],[111.1275227,23.3812539],[111.1278738,23.3830827],[111.1280553,23.3838297],[111.1283311,23.3847617],[111.1287149,23.3856011],[111.1291722,23.386538],[111.1297765,23.3874899],[111.1304951,23.3883518],[111.1313035,23.3890938]]}},{"type":"Feature","properties":{"osm_id":505071410,"name":"","gauge":"","electrified":""},"geometry":{"type":"LineString","coordinates":[[111.125787,23.3691978],[111.1255166,23.3674191],[111.1252674,23.3664024],[111.1249894,23.3655057]]}},{"type":"Feature","properties":{"osm_id":505071421,"name":"永玉铁路","gauge":"","electrified":""},"geometry":{"type":"LineString","coordinates":[[111.1226001,23.3611034],[111.1227157,23.3612911],[111.1230015,23.361755],[111.124816,23.3649508],[111.1250467,23.3654801]]}},{"type":"Feature","properties":{"osm_id":505071425,"name":"","gauge":"","electrified":""},"geometry":{"type":"LineString","coordinates":[[111.1249894,23.3655057],[111.1246735,23.3648814],[111.1229788,23.3618806],[111.1228007,23.3615773],[111.1225586,23.3611289]]}},{"type":"Feature","properties":{"osm_id":1042255075,"name":"广西梧州新港铁路投资有限公司专用线","gauge":"","electrified":""},"geometry":{"type":"LineString","coordinates":[[111.1369952,23.3976127],[111.1370484,23.3981322],[111.1370807,23.3990381],[111.1371676,23.4005894],[111.1372047,23.4014156],[111.1372377,23.4021508],[111.1372953,23.4034336],[111.1376359,23.4110185],[111.1376495,23.4112448],[111.1377214,23.4123067],[111.1377189,23.4131351],[111.1377527,23.413812],[111.1377876,23.414255],[111.1378078,23.4145318],[111.13786,23.4152445]]}},{"type":"Feature","properties":{"osm_id":1042255090,"name":"","gauge":"","electrified":""},"geometry":{"type":"LineString","coordinates":[[111.1257085,23.3691604],[111.1256906,23.3688089],[111.1255208,23.3676757],[111.1252096,23.3664052],[111.1248779,23.3655555]]}},{"type":"Feature","properties":{"osm_id":231705126,"name":"","gauge":"","electrified":""},"geometry":{"type":"LineString","coordinates":[[114.2831028,30.6298485],[114.2827755,30.6297331],[114.2826057,30.6296864],[114.2804974,30.6291746],[114.2800833,30.6290629],[114.2791351,30.6287688],[114.278308,30.6285637],[114.2771662,30.6282877],[114.2729939,30.6272792],[114.27277,30.6272238],[114.2725602,30.6271949],[114.2720539,30.6271294],[114.2717767,30.6270882],[114.2714871,30.6270452],[114.2710968,30.6269903],[114.2660545,30.6257743],[114.2655928,30.625666],[114.2650818,30.6255015]]}},{"type":"Feature","properties":{"osm_id":231705180,"name":"","gauge":"","electrified":""},"geometry":{"type":"LineString","coordinates":[[114.2610269,30.62463],[114.2612792,30.624729],[114.2615553,30.6248374]]}},{"type":"Feature","properties":{"osm_id":1342810258,"name":"","gauge":"","electrified":""},"geometry":{"type":"LineString","coordinates":[[111.1205866,23.3578547],[111.1220765,23.3603597]]}},{"type":"Feature","properties":{"osm_id":1342810259,"name":"","gauge":"","electrified":""},"geometry":{"type":"LineString","coordinates":[[111.1200282,23.3569158],[111.1205866,23.3578547]]}},{"type":"Feature","properties":{"osm_id":1342810260,"name":"","gauge":"","electrified":""},"geometry":{"type":"LineString","coordinates":[[111.1220765,23.3603597],[111.1224841,23.361045]]}},{"type":"Feature","properties":{"osm_id":1342810261,"name":"永玉铁路","gauge":"","electrified":""},"geometry":{"type":"LineString","coordinates":[[111.1221338,23.3603463],[111.122542,23.3610091]]}},{"type":"Feature","properties":{"osm_id":1342810262,"name":"永玉铁路","gauge":"","electrified":""},"geometry":{"type":"LineString","coordinates":[[111.122542,23.3610091],[111.1226001,23.3611034]]}},{"type":"Feature","properties":{"osm_id":1342810264,"name":"","gauge":"","electrified":""},"geometry":{"type":"LineString","coordinates":[[111.1224841,23.361045],[111.1225407,23.3611401]]}},{"type":"Feature","properties":{"osm_id":1342810265,"name":"","gauge":"","electrified":""},"geometry":{"type":"LineString","coordinates":[[111.122506,23.3610315],[111.1223991,23.3608334],[111.1221338,23.3603463]]}},{"type":"Feature","properties":{"osm_id":1342810266,"name":"","gauge":"","electrified":""},"geometry":{"type":"LineString","coordinates":[[111.1225586,23.3611289],[111.122506,23.3610315]]}},{"type":"Feature","properties":{"osm_id":1342810267,"name":"永玉铁路","gauge":"","electrified":""},"geometry":{"type":"LineString","coordinates":[[111.12583,23.3691912],[111.1258554,23.3693633],[111.125939,23.3703143],[111.1260554,23.371169],[111.1260886,23.3714905]]}},{"type":"Feature","properties":{"osm_id":1342810268,"name":"永玉铁路","gauge":"","electrified":""},"geometry":{"type":"LineString","coordinates":[[111.1260886,23.3714905],[111.1262851,23.3730664]]}},{"type":"Feature","properties":{"osm_id":1342810269,"name":"","gauge":"","electrified":""},"geometry":{"type":"LineString","coordinates":[[111.1371394,23.4009355],[111.1371717,23.4017054],[111.1371421,23.4020841],[111.1370666,23.4024059],[111.1369101,23.4027697],[111.1364543,23.4038786]]}},{"type":"Feature","properties":{"osm_id":1342810272,"name":"","gauge":"","electrified":""},"geometry":{"type":"LineString","coordinates":[[111.1377876,23.414255],[111.137784,23.4138485],[111.1377678,23.4123906],[111.1376788,23.4110912],[111.1375898,23.4084181],[111.137517,23.4070617],[111.1373767,23.404042],[111.1372953,23.4034336]]}},{"type":"Feature","properties":{"osm_id":411530782,"name":"红一线","gauge":"","electrified":""},"geometry":{"type":"LineString","coordinates":[[94.3204275,37.9700375],[94.3183824,37.9710181],[94.3159771,37.9722512],[94.3136026,37.9735185],[94.3114437,37.9748545],[94.308727,37.9765863],[94.3064483,37.9779148],[94.3051654,37.9785789],[94.2961223,37.9833021],[94.2929824,37.984837],[94.2906106,37.9857711],[94.2882246,37.9866043],[94.278221,37.9902836],[94.2751352,37.9913581],[94.2724571,37.9926863],[94.2698847,37.994751],[94.2675982,37.997116],[94.2635491,37.9997812],[94.259643,38.0016581],[94.2490678,38.0051489],[94.2431609,38.0072133],[94.2353963,38.0086772],[94.2298229,38.0089774],[94.2221058,38.0094278],[94.2101968,38.0098031],[94.2043376,38.0099157],[94.2006696,38.0093903],[94.1979068,38.008527],[94.1946199,38.0071007],[94.1917141,38.0048862],[94.1873792,38.0024088],[94.1832825,38.0006821],[94.1772265,37.9993926]]}},{"type":"Feature","properties":{"osm_id":1008724964,"name":"红一线","gauge":"","electrified":""},"geometry":{"type":"LineString","coordinates":[[93.9859726,37.9840689],[93.9840594,37.9834169]]}},{"type":"Feature","properties":{"osm_id":1008724966,"name":"红一线","gauge":"","electrified":""},"geometry":{"type":"LineString","coordinates":[[93.9804976,37.9822098],[93.9789141,37.9816712]]}},{"type":"Feature","properties":{"osm_id":1008724968,"name":"红一线","gauge":"","electrified":""},"geometry":{"type":"LineString","coordinates":[[94.0352978,37.9984009],[94.0286561,37.9978574],[94.0198911,37.9958303],[93.9899758,37.9854331]]}},{"type":"Feature","properties":{"osm_id":1008724970,"name":"红一线","gauge":"","electrified":""},"geometry":{"type":"LineString","coordinates":[[94.0458649,37.9985965],[94.0442135,37.9986019]]}},{"type":"Feature","properties":{"osm_id":1008724972,"name":"红一线","gauge":"","electrified":""},"geometry":{"type":"LineString","coordinates":[[94.0422928,37.9985862],[94.0384572,37.9985549]]}},{"type":"Feature","properties":{"osm_id":1008724974,"name":"红一线","gauge":"","electrified":""},"geometry":{"type":"LineString","coordinates":[[94.0556717,37.9986176],[94.0528795,37.9986176]]}},{"type":"Feature","properties":{"osm_id":1008724976,"name":"红一线","gauge":"","electrified":""},"geometry":{"type":"LineString","coordinates":[[94.1772265,37.9993926],[94.1766437,37.9993301]]}},{"type":"Feature","properties":{"osm_id":1008724978,"name":"红一线","gauge":"","electrified":""},"geometry":{"type":"LineString","coordinates":[[94.3213695,37.9696917],[94.3204275,37.9700375]]}},{"type":"Feature","properties":{"osm_id":1008724979,"name":"红一线","gauge":"","electrified":""},"geometry":{"type":"LineString","coordinates":[[94.5166745,37.9938076],[94.5165327,37.9936418],[94.5147385,37.9919014],[94.5129902,37.9909224],[94.5067332,37.9894358],[94.4848797,37.9853021],[94.4566771,37.9796813],[94.4409193,37.9766959],[94.4342328,37.9753463],[94.4278281,37.9740906],[94.4276037,37.9740459],[94.4214559,37.9728225],[94.4167232,37.9719534],[94.4125433,37.9710988],[94.4096502,37.9706975],[94.4058985,37.9703786],[94.4021584,37.970252],[94.387436,37.9700344],[94.3718395,37.9698893],[94.3673308,37.9697079],[94.362684,37.9690188],[94.3525164,37.9675318],[94.3444975,37.9665241],[94.3425109,37.9663578],[94.3405734,37.9662819],[94.3380753,37.9662856],[94.3355937,37.9664185],[94.3328201,37.9666756],[94.3295865,37.9672643],[94.3264677,37.9679952],[94.3233691,37.9689262],[94.3213695,37.9696917]]}},{"type":"Feature","properties":{"osm_id":1342810270,"name":"","gauge":"","electrified":""},"geometry":{"type":"LineString","coordinates":[[111.1372047,23.4014156],[111.1371717,23.4017054]]}},{"type":"Feature","properties":{"osm_id":1342810271,"name":"","gauge":"","electrified":""},"geometry":{"type":"LineString","coordinates":[[111.1372377,23.4021508],[111.1372041,23.4025568],[111.1371205,23.4029182],[111.1368805,23.4035197],[111.1367591,23.4040593],[111.1367429,23.4042078],[111.1367753,23.4048786],[111.1368346,23.4057425],[111.1368535,23.4068761],[111.1369641,23.4080914],[111.1369641,23.4094601],[111.1370045,23.4102027],[111.1370881,23.4115046],[111.1371663,23.4127471],[111.1372634,23.4131629],[111.1375089,23.4136678],[111.1376815,23.4140168],[111.1378078,23.4145318]]}},{"type":"Feature","properties":{"osm_id":776086464,"name":"义乌联络线","gauge":"","electrified":""},"geometry":{"type":"LineString","coordinates":[[120.041366,29.3858367],[120.0406545,29.3850022],[120.0400864,29.3843262],[120.0398482,29.3840143],[120.0392046,29.383187],[120.0388103,29.3827269],[120.0341649,29.3777046],[120.0325211,29.3758926]]}},{"type":"Feature","properties":{"osm_id":1267862217,"name":"义乌联络线","gauge":"","electrified":""},"geometry":{"type":"LineString","coordinates":[[120.0149778,29.360258],[120.0220478,29.3667459],[120.0228417,29.3674744],[120.0234781,29.3680341],[120.0258657,29.3700586],[120.0264208,29.3705459],[120.0269331,29.371025],[120.027449,29.3715444]]}},{"type":"Feature","properties":{"osm_id":1267862218,"name":"义乌联络线","gauge":"","electrified":""},"geometry":{"type":"LineString","coordinates":[[120.031785,29.3762003],[120.0339148,29.3785067],[120.0379103,29.3828335],[120.0381924,29.3831128],[120.0384365,29.3833391],[120.0387047,29.3835583],[120.0389708,29.383769],[120.0398707,29.3844658],[120.040312,29.3848604],[120.0412825,29.3858254]]}},{"type":"Feature","properties":{"osm_id":1267862219,"name":"义乌联络线","gauge":"","electrified":""},"geometry":{"type":"LineString","coordinates":[[120.027449,29.3715444],[120.0282845,29.3724156]]}},{"type":"Feature","properties":{"osm_id":1267862220,"name":"义乌联络线","gauge":"","electrified":""},"geometry":{"type":"LineString","coordinates":[[120.0282845,29.3724156],[120.0298619,29.3741208]]}},{"type":"Feature","properties":{"osm_id":1267862221,"name":"义乌联络线","gauge":"","electrified":""},"geometry":{"type":"LineString","coordinates":[[120.0298619,29.3741208],[120.0307318,29.3750612]]}},{"type":"Feature","properties":{"osm_id":1267862222,"name":"义乌联络线","gauge":"","electrified":""},"geometry":{"type":"LineString","coordinates":[[120.0307318,29.3750612],[120.031785,29.3762003]]}},{"type":"Feature","properties":{"osm_id":1267862226,"name":"义乌联络线","gauge":"","electrified":""},"geometry":{"type":"LineString","coordinates":[[120.0282088,29.371262],[120.0233281,29.3671648],[120.0150312,29.3601996]]}},{"type":"Feature","properties":{"osm_id":1267862229,"name":"义乌联络线","gauge":"","electrified":""},"geometry":{"type":"LineString","coordinates":[[120.0325211,29.3758926],[120.031214,29.3744448]]}},{"type":"Feature","properties":{"osm_id":1267862230,"name":"义乌联络线","gauge":"","electrified":""},"geometry":{"type":"LineString","coordinates":[[120.031214,29.3744448],[120.0302272,29.3733579]]}},{"type":"Feature","properties":{"osm_id":1267862231,"name":"义乌联络线","gauge":"","electrified":""},"geometry":{"type":"LineString","coordinates":[[120.0302272,29.3733579],[120.0290241,29.3720587]]}},{"type":"Feature","properties":{"osm_id":1267862232,"name":"义乌联络线","gauge":"","electrified":""},"geometry":{"type":"LineString","coordinates":[[120.0290241,29.3720587],[120.0282088,29.371262]]}},{"type":"Feature","properties":{"osm_id":1315682127,"name":"","gauge":"","electrified":""},"geometry":{"type":"LineString","coordinates":[[98.3033506,39.7872917],[98.303356,39.7872834],[98.3036778,39.7867929]]}},{"type":"Feature","properties":{"osm_id":1315682128,"name":"兰新线","gauge":"","electrified":""},"geometry":{"type":"LineString","coordinates":[[98.2602315,39.7517084],[98.2601563,39.7518403],[98.2596697,39.75262],[98.2591512,39.7533279],[98.2587033,39.7540416],[98.258379,39.7545465],[98.258085,39.7550452],[98.2574487,39.7561864]]}},{"type":"Feature","properties":{"osm_id":1315682129,"name":"兰新线","gauge":"","electrified":""},"geometry":{"type":"LineString","coordinates":[[98.2574487,39.7561864],[98.2574035,39.7562674]]}},{"type":"Feature","properties":{"osm_id":1315682130,"name":"","gauge":"","electrified":""},"geometry":{"type":"LineString","coordinates":[[98.2531049,39.7637664],[98.2540824,39.7620821],[98.2549097,39.7605804],[98.2553327,39.7598559],[98.2555251,39.7594767],[98.2560836,39.7585094],[98.2564336,39.75786],[98.2567166,39.7573424],[98.2570158,39.7568559]]}},{"type":"Feature","properties":{"osm_id":453972256,"name":"陇海线","gauge":"","electrified":""},"geometry":{"type":"LineString","coordinates":[[117.287371,34.2501298],[117.2860553,34.2490158],[117.2853676,34.2484507],[117.2774951,34.2424157],[117.2767222,34.2418093],[117.2755679,34.2409967],[117.2724668,34.2389779],[117.2720227,34.23869],[117.271679,34.2384756],[117.2712153,34.2382643],[117.2707082,34.2380792],[117.2701222,34.2379107],[117.2695241,34.2377968],[117.2688832,34.2377468],[117.2681676,34.2377574],[117.267487,34.2378474],[117.26683,34.2379969],[117.2662342,34.2381962],[117.2656355,34.2384725],[117.2643756,34.2391511],[117.2630814,34.2398911],[117.2620076,34.2403377],[117.2611073,34.2405866],[117.2602899,34.2407049],[117.2595809,34.2407798],[117.2585614,34.2407776],[117.2579208,34.2407302],[117.2545513,34.2404075],[117.2477515,34.2398068]]}},{"type":"Feature","properties":{"osm_id":675449770,"name":"陇海线","gauge":"","electrified":""},"geometry":{"type":"LineString","coordinates":[[117.2475179,34.2397861],[117.2458716,34.2396407],[117.2407022,34.2393339]]}},{"type":"Feature","properties":{"osm_id":675449767,"name":"陇海线","gauge":"","electrified":""},"geometry":{"type":"LineString","coordinates":[[117.2794155,34.2439951],[117.2854872,34.2486204],[117.2858322,34.2489256],[117.2861244,34.2492292],[117.286741,34.2498948],[117.287709,34.251007],[117.2883528,34.2517178],[117.2889561,34.2522949],[117.2893967,34.2526997],[117.289725,34.2529143],[117.2900858,34.2531111],[117.2903829,34.2532295],[117.2908248,34.2534189],[117.2912293,34.253546],[117.2919963,34.2537419],[117.293441,34.2541024]]}},{"type":"Feature","properties":{"osm_id":775227093,"name":"徐州联络线","gauge":"","electrified":""},"geometry":{"type":"LineString","coordinates":[[117.2972957,34.2755559],[117.2967787,34.2771691],[117.2945244,34.284206]]}},{"type":"Feature","properties":{"osm_id":1315459792,"name":"","gauge":"","electrified":""},"geometry":{"type":"LineString","coordinates":[[113.9493709,30.6950651],[113.9501599,30.6959425],[113.9504766,30.6962475],[113.9508976,30.6965492],[113.9513471,30.6968069],[113.9520242,30.6971086],[113.9525477,30.697288],[113.9531897,30.697416],[113.9532621,30.6974235]]}},{"type":"Feature","properties":{"osm_id":1315459793,"name":"","gauge":"","electrified":""},"geometry":{"type":"LineString","coordinates":[[113.9532621,30.6974235],[113.9535037,30.6974558]]}},{"type":"Feature","properties":{"osm_id":592647810,"name":"","gauge":"","electrified":""},"geometry":{"type":"LineString","coordinates":[[113.0536566,25.2830907],[113.0535261,25.2831914],[113.0533915,25.2832911]]}},{"type":"Feature","properties":{"osm_id":592647811,"name":"","gauge":"","electrified":""},"geometry":{"type":"LineString","coordinates":[[113.0533504,25.2832566],[113.0535261,25.2831914],[113.0536918,25.2831299]]}},{"type":"Feature","properties":{"osm_id":592647812,"name":"","gauge":"","electrified":""},"geometry":{"type":"LineString","coordinates":[[113.0556625,25.2792985],[113.0557027,25.2797036],[113.0557081,25.2799728],[113.0556545,25.2806082],[113.0555864,25.2808717]]}},{"type":"Feature","properties":{"osm_id":592647813,"name":"","gauge":"","electrified":""},"geometry":{"type":"LineString","coordinates":[[113.0554748,25.2801814],[113.0554426,25.2806858],[113.0554694,25.2808784]]}},{"type":"Feature","properties":{"osm_id":592647814,"name":"","gauge":"","electrified":""},"geometry":{"type":"LineString","coordinates":[[113.0555364,25.2801704],[113.0555016,25.2807392],[113.0555074,25.2808676]]}},{"type":"Feature","properties":{"osm_id":592647815,"name":"","gauge":"","electrified":""},"geometry":{"type":"LineString","coordinates":[[113.0556481,25.2790237],[113.0556625,25.2792985],[113.0556571,25.2795775],[113.0555472,25.2808653]]}},{"type":"Feature","properties":{"osm_id":592647816,"name":"","gauge":"","electrified":""},"geometry":{"type":"LineString","coordinates":[[113.0555472,25.2808653],[113.0555284,25.2811636]]}},{"type":"Feature","properties":{"osm_id":592647818,"name":"","gauge":"","electrified":""},"geometry":{"type":"LineString","coordinates":[[113.0544662,25.2825994],[113.0547371,25.2824054],[113.0550858,25.2821653],[113.0553594,25.2818573],[113.0554613,25.2815711],[113.0555284,25.2811636]]}},{"type":"Feature","properties":{"osm_id":592647819,"name":"","gauge":"","electrified":""},"geometry":{"type":"LineString","coordinates":[[113.0557644,25.2798564],[113.0557993,25.2803608],[113.0557591,25.2809429],[113.0556652,25.2812849],[113.0555255,25.2816191]]}},{"type":"Feature","properties":{"osm_id":592647820,"name":"","gauge":"","electrified":""},"geometry":{"type":"LineString","coordinates":[[113.0540934,25.2828541],[113.0544662,25.2825994],[113.0548203,25.2824102],[113.0551207,25.2822089],[113.055397,25.2819033],[113.0555713,25.2816269],[113.0557296,25.2812922],[113.0558288,25.2809284],[113.055861,25.280567],[113.0558395,25.2802905],[113.0557644,25.2798564],[113.0557376,25.2794635]]}},{"type":"Feature","properties":{"osm_id":592647825,"name":"","gauge":"","electrified":""},"geometry":{"type":"LineString","coordinates":[[113.0570708,25.275674],[113.0575213,25.2754785]]}},{"type":"Feature","properties":{"osm_id":592647826,"name":"","gauge":"","electrified":""},"geometry":{"type":"LineString","coordinates":[[113.0556142,25.2788571],[113.0555832,25.2784499]]}},{"type":"Feature","properties":{"osm_id":592647828,"name":"","gauge":"","electrified":""},"geometry":{"type":"LineString","coordinates":[[113.0540746,25.2829244],[113.0542757,25.2828362],[113.0545816,25.2827085],[113.0549276,25.2825121],[113.0552387,25.2822817],[113.0555311,25.2819809],[113.0557376,25.2817166],[113.0559146,25.2813528],[113.0560112,25.2809744],[113.0560273,25.2806325],[113.0559871,25.280208],[113.0555204,25.277836],[113.0555064,25.277733],[113.0555096,25.2774601],[113.055582,25.2770963],[113.0557644,25.2766985],[113.0559495,25.2764002],[113.0562955,25.2760388],[113.0567756,25.2757696],[113.0570708,25.275674],[113.0579585,25.2753864]]}},{"type":"Feature","properties":{"osm_id":592647829,"name":"","gauge":"","electrified":""},"geometry":{"type":"LineString","coordinates":[[113.0553594,25.2777317],[113.0554453,25.2780616],[113.0556142,25.2788571],[113.0556481,25.2790237],[113.0557376,25.2794635],[113.0558932,25.2802711],[113.0559415,25.280647],[113.055912,25.2809453],[113.0558073,25.2813164],[113.0556464,25.2816511],[113.0554399,25.2819324],[113.0551422,25.282255],[113.0548418,25.2824563],[113.0542283,25.2827824],[113.0540934,25.2828541],[113.0536566,25.2830907],[113.0533504,25.2832566],[113.0530232,25.2834385],[113.0508292,25.2846439]]}},{"type":"Feature","properties":{"osm_id":499229044,"name":"瓦日铁路","gauge":"","electrified":""},"geometry":{"type":"LineString","coordinates":[[118.4601834,35.9025934],[118.4594618,35.9029559],[118.4565082,35.9047478],[118.4558101,35.9052547]]}},{"type":"Feature","properties":{"osm_id":185870570,"name":"","gauge":"","electrified":""},"geometry":{"type":"LineString","coordinates":[[116.9436533,38.7219752],[116.9484871,38.7223448],[116.9487112,38.7223581],[116.9492169,38.7224129],[116.9535179,38.7227594],[116.957447,38.7230503],[116.9613497,38.7233678],[116.9657873,38.7237322],[116.9687741,38.7239649],[116.9688569,38.7239725],[116.9716979,38.7241877],[116.9755365,38.7245169],[116.9799892,38.7248519],[116.9846579,38.7252473],[116.9847996,38.7252572],[116.9867173,38.7253898],[116.9898176,38.7256278],[116.9939614,38.7259511],[116.9983538,38.7263038],[117.001233,38.7265338],[117.0013487,38.726533],[117.0019018,38.7265833],[117.0017932,38.7265771],[117.0062007,38.726915],[117.0102202,38.727203],[117.0153603,38.7276178],[117.0153886,38.7276468],[117.019781,38.7279906],[117.0227909,38.7282199],[117.0231546,38.7282479],[117.0237478,38.7282904],[117.0249947,38.7284697],[117.0258611,38.7286254],[117.0264789,38.7287812],[117.0270176,38.7289487],[117.0275902,38.7291426],[117.0285764,38.7295634],[117.0288009,38.7296741],[117.0289802,38.7297606],[117.0293532,38.7299361],[117.0298844,38.7302417],[117.0303929,38.7305503],[117.0307772,38.7307971],[117.0310748,38.730997],[117.0314138,38.7312791],[117.0329583,38.7326603],[117.0351545,38.7346467],[117.0371624,38.7364686],[117.038786,38.7379466],[117.040161,38.7391984],[117.0406087,38.7395739],[117.0422969,38.7411758],[117.0447456,38.7434059],[117.0467886,38.7453036],[117.046938,38.7453921],[117.0489044,38.7471814],[117.0514321,38.7494965],[117.0538129,38.7516676],[117.0554215,38.75311],[117.0556417,38.7533177],[117.0571016,38.7546671],[117.0574444,38.7550284],[117.0578098,38.7556012],[117.0582619,38.7564825],[117.0583342,38.7566178],[117.0591831,38.7582443],[117.0597958,38.7594159],[117.0606189,38.7610942]]}},{"type":"Feature","properties":{"osm_id":1348136541,"name":"","gauge":"","electrified":""},"geometry":{"type":"LineString","coordinates":[[116.9262732,38.7130089],[116.9263525,38.7132168],[116.9264018,38.713337],[116.9267014,38.7139881],[116.9268784,38.7143872],[116.9269686,38.714597],[116.9270422,38.7147653],[116.9275706,38.7161424],[116.9277825,38.7167493],[116.9279076,38.717052],[116.9283847,38.7181082],[116.9284837,38.7183247],[116.9286981,38.718739],[116.9288456,38.7189975],[116.9290598,38.7192963],[116.9293185,38.7195997],[116.9296662,38.7199266],[116.9299511,38.7201549],[116.9302806,38.7203669],[116.9306445,38.72056],[116.9310081,38.7207116],[116.9314319,38.7208494],[116.9318456,38.7209594],[116.9322349,38.721029],[116.9327542,38.7210796],[116.9329767,38.7210951],[116.933981,38.7211644],[116.9364334,38.7213937],[116.9420049,38.7218345],[116.9435042,38.7219638]]}},{"type":"Feature","properties":{"osm_id":1348136542,"name":"","gauge":"","electrified":""},"geometry":{"type":"LineString","coordinates":[[116.9435042,38.7219638],[116.9436533,38.7219752]]}},{"type":"Feature","properties":{"osm_id":185519315,"name":"黄万线","gauge":"","electrified":""},"geometry":{"type":"LineString","coordinates":[[117.2604694,38.6617004],[117.2653416,38.6481585],[117.265707,38.6471312],[117.2660155,38.6462054],[117.2678423,38.6410434],[117.269385,38.6367499],[117.2700264,38.6352024],[117.2722673,38.6289043]]}},{"type":"Feature","properties":{"osm_id":172700146,"name":"孟宝线","gauge":"","electrified":""},"geometry":{"type":"LineString","coordinates":[[113.1020303,33.8294885],[113.102573,33.8293515],[113.1032012,33.8291763],[113.1036861,33.8290218],[113.1042936,33.8288137],[113.1046671,33.8286757],[113.1048372,33.828608],[113.1053123,33.828413],[113.1060536,33.8281024],[113.1067085,33.8277918],[113.1071612,33.8275492],[113.1080822,33.8270266],[113.1085061,33.8267609],[113.1094005,33.8261707],[113.1109879,33.8251033],[113.118172,33.8202245],[113.1233006,33.8167064],[113.1268629,33.8142991],[113.1308883,33.8115446],[113.1351604,33.8086389],[113.1402307,33.8052083],[113.1415593,33.8043047],[113.1420448,33.803958],[113.1425218,33.8036345],[113.1429907,33.8033378],[113.1438137,33.8028392],[113.1443639,33.802527],[113.1448939,33.802245],[113.1456127,33.8018748],[113.1463234,33.8015294],[113.1474301,33.8010217],[113.1521659,33.7989835],[113.1556829,33.797436],[113.1584738,33.7962229],[113.1635261,33.7939966],[113.1674735,33.7922893],[113.1741563,33.789362]]}},{"type":"Feature","properties":{"osm_id":654224502,"name":"孟宝上行—焦柳上行联络线","gauge":"","electrified":""},"geometry":{"type":"LineString","coordinates":[[113.0620631,33.8419268],[113.0616723,33.84203],[113.0613148,33.8420951],[113.0609416,33.8421354],[113.0605106,33.8421687],[113.0599946,33.8421706],[113.0596285,33.8421432],[113.0592095,33.8420948],[113.0587487,33.8419982],[113.0583829,33.8419032],[113.0579474,33.8417974],[113.0570037,33.8415535],[113.0558861,33.8412401],[113.0554482,33.8411194],[113.0551448,33.8410522],[113.0548248,33.8410057],[113.0544082,33.840967],[113.0540177,33.8409627],[113.0535016,33.840976],[113.0529659,33.8410376],[113.0523732,33.8411847],[113.0518324,33.8413554],[113.0515799,33.8414574],[113.051317,33.8415716],[113.0510254,33.8417281],[113.0506737,33.8419392],[113.0503273,33.842182],[113.0499675,33.8424965],[113.0497466,33.8427214],[113.0495314,33.8429746],[113.0494197,33.8431335],[113.0492111,33.8434462],[113.0490443,33.8437545],[113.0489329,33.843993],[113.0488348,33.8442467],[113.0487551,33.8445309],[113.0486947,33.8448339],[113.0486529,33.8451268],[113.0486435,33.8454784],[113.0486519,33.84575],[113.0486862,33.8460949],[113.0487441,33.8463551],[113.0487988,33.8465564],[113.049048,33.8473397],[113.0492084,33.8479881],[113.0492879,33.8485066],[113.0492911,33.8488935],[113.0492562,33.8492636],[113.0491052,33.84992],[113.0488524,33.8505491]]}},{"type":"Feature","properties":{"osm_id":868350812,"name":"申楼西线","gauge":"","electrified":""},"geometry":{"type":"LineString","coordinates":[[113.1020336,33.8295761],[113.1018299,33.8296214]]}},{"type":"Feature","properties":{"osm_id":868350813,"name":"孟宝铁路","gauge":"","electrified":""},"geometry":{"type":"LineString","coordinates":[[113.1085238,33.8267913],[113.1080807,33.8270725],[113.1073299,33.827494],[113.1070886,33.8276321],[113.1070137,33.8276643],[113.1065971,33.8278803],[113.1062569,33.8280431],[113.1052873,33.8284792],[113.1050135,33.8285992],[113.1047194,33.828712],[113.1043913,33.8288329],[113.1037255,33.8290565],[113.1030966,33.8292461],[113.102035,33.829525]]}},{"type":"Feature","properties":{"osm_id":868488267,"name":"","gauge":"","electrified":""},"geometry":{"type":"LineString","coordinates":[[113.102035,33.829525],[113.1018365,33.8295757]]}},{"type":"Feature","properties":{"osm_id":868488268,"name":"孟宝线","gauge":"","electrified":""},"geometry":{"type":"LineString","coordinates":[[113.1085238,33.8267913],[113.1080807,33.8270725],[113.1073299,33.827494],[113.1070886,33.8276321],[113.1070137,33.8276643],[113.1065971,33.8278803],[113.1062569,33.8280431],[113.1052873,33.8284792],[113.1050135,33.8285992],[113.1047194,33.828712],[113.1043913,33.8288329],[113.1037255,33.8290565],[113.1030966,33.8292461],[113.102035,33.829525]]}},{"type":"Feature","properties":{"osm_id":878210723,"name":"","gauge":"","electrified":""},"geometry":{"type":"LineString","coordinates":[[113.0607588,33.8436071],[113.0604713,33.8438588],[113.0608355,33.8436281],[113.0613515,33.8433238]]}},{"type":"Feature","properties":{"osm_id":878210749,"name":"","gauge":"","electrified":""},"geometry":{"type":"LineString","coordinates":[[113.0325475,33.8621175],[113.0328469,33.8619731]]}},{"type":"Feature","properties":{"osm_id":878210801,"name":"孟宝上行—焦柳上行联络线","gauge":"","electrified":""},"geometry":{"type":"LineString","coordinates":[[113.069034,33.8381156],[113.0686364,33.8383102],[113.0675068,33.8389674],[113.0654833,33.840149],[113.0633278,33.8413931],[113.0630408,33.8415497],[113.0627753,33.8416684],[113.0624012,33.8418243],[113.0620631,33.8419268]]}},{"type":"Feature","properties":{"osm_id":878210802,"name":"","gauge":"","electrified":""},"geometry":{"type":"LineString","coordinates":[[113.0488524,33.8505491],[113.0486918,33.8508839],[113.0483491,33.8513601],[113.0481424,33.8516093],[113.0479253,33.8518306],[113.0477155,33.8520089],[113.0475345,33.8521464],[113.0472548,33.8523462]]}},{"type":"Feature","properties":{"osm_id":1050951673,"name":"申楼西线","gauge":"","electrified":""},"geometry":{"type":"LineString","coordinates":[[113.1691531,33.7917559],[113.1697357,33.7916188],[113.1701052,33.7915476],[113.1704201,33.7915077],[113.170914,33.7914626],[113.1713028,33.7914463],[113.1719201,33.7914621],[113.1725537,33.7915028],[113.1729153,33.7915463],[113.1732811,33.7916159],[113.1737782,33.791731],[113.1742751,33.7918764],[113.1746745,33.7920082]]}},{"type":"Feature","properties":{"osm_id":1054391980,"name":"孟宝线","gauge":"","electrified":""},"geometry":{"type":"LineString","coordinates":[[113.1269032,33.8143127],[113.1233279,33.816735],[113.1181943,33.8202438],[113.1110006,33.8251404],[113.1085238,33.8267913]]}},{"type":"Feature","properties":{"osm_id":1054391981,"name":"孟宝线","gauge":"","electrified":""},"geometry":{"type":"LineString","coordinates":[[113.1742022,33.7894011],[113.1688455,33.7917472],[113.1663045,33.7928448],[113.1635583,33.7940311],[113.1594969,33.7958096],[113.1578821,33.7965167],[113.1557027,33.797463],[113.1521683,33.7990051],[113.1474436,33.8010583],[113.1463266,33.8015722],[113.1456364,33.8019107],[113.1449014,33.802287],[113.1443981,33.8025563],[113.1438408,33.8028688],[113.1429997,33.803387],[113.1425404,33.8036773],[113.142077,33.8039845],[113.1415775,33.8043255],[113.1407992,33.8048636],[113.1402588,33.8052329],[113.1351951,33.8086691],[113.1308961,33.8115872],[113.1269032,33.8143127]]}},{"type":"Feature","properties":{"osm_id":1149568829,"name":"申楼西线","gauge":"","electrified":""},"geometry":{"type":"LineString","coordinates":[[113.1750837,33.7921479],[113.175723,33.7923599],[113.1772137,33.7928802]]}},{"type":"Feature","properties":{"osm_id":1149568833,"name":"孟宝线","gauge":"","electrified":""},"geometry":{"type":"LineString","coordinates":[[113.2006769,33.7721303],[113.1941017,33.7774955],[113.1921077,33.7791251],[113.1873262,33.7830059],[113.1864349,33.7836581],[113.1859479,33.7839783],[113.1851712,33.7844576],[113.1844579,33.7848693],[113.1837833,33.7852201],[113.1801219,33.7868224],[113.1783334,33.7876026],[113.1744277,33.789291]]}},{"type":"Feature","properties":{"osm_id":1149568835,"name":"孟宝线","gauge":"","electrified":""},"geometry":{"type":"LineString","coordinates":[[113.1744028,33.7892412],[113.1782992,33.7875604],[113.1827553,33.7856271],[113.1837377,33.7851649],[113.1844357,33.7848195],[113.1851561,33.7843949],[113.185907,33.7839335],[113.1863969,33.7836075],[113.1872939,33.7829516]]}},{"type":"Feature","properties":{"osm_id":1348137090,"name":"黄万线","gauge":"","electrified":""},"geometry":{"type":"LineString","coordinates":[[117.260449,38.6617573],[117.2604694,38.6617004]]}},{"type":"Feature","properties":{"osm_id":1216677144,"name":"","gauge":"","electrified":""},"geometry":{"type":"LineString","coordinates":[[114.2210299,30.5981884],[114.2209065,30.5986342],[114.220865,30.5987813],[114.2207695,30.5991197],[114.2207313,30.5993943],[114.2207067,30.5995509]]}},{"type":"Feature","properties":{"osm_id":1348137089,"name":"黄万线","gauge":"","electrified":""},"geometry":{"type":"LineString","coordinates":[[117.2600064,38.6629873],[117.260449,38.6617573]]}},{"type":"Feature","properties":{"osm_id":611062157,"name":"徐连高速线","gauge":"","electrified":""},"geometry":{"type":"LineString","coordinates":[[117.3097953,34.2345145],[117.3093188,34.2349204],[117.3089004,34.2353461],[117.3085678,34.2357763],[117.3082298,34.2363218],[117.3079401,34.2370004],[117.3077577,34.2376656],[117.3076612,34.2383707],[117.3073205,34.2430249],[117.3072426,34.2435922],[117.3071165,34.2441816],[117.3070081,34.2445526],[117.3067924,34.2451273],[117.3045898,34.2502806],[117.3043359,34.250918],[117.3041026,34.2515417],[117.3039071,34.2521913],[117.3025254,34.2584122]]}},{"type":"Feature","properties":{"osm_id":675216532,"name":"","gauge":"","electrified":""},"geometry":{"type":"LineString","coordinates":[[117.2981072,34.2736154],[117.2983807,34.272881],[117.2987857,34.2719575],[117.2989655,34.2715674],[117.2990754,34.271297],[117.2991673,34.2710427],[117.3004386,34.2670719],[117.3005119,34.2667942],[117.3005639,34.2665316],[117.3006322,34.2662002],[117.3008422,34.2651587]]}},{"type":"Feature","properties":{"osm_id":675367462,"name":"徐州东联络线","gauge":"","electrified":""},"geometry":{"type":"LineString","coordinates":[[117.2912877,34.3045101],[117.2916655,34.3010997],[117.2919596,34.2986587],[117.2922496,34.2962474],[117.292506,34.2941334]]}},{"type":"Feature","properties":{"osm_id":775227092,"name":"徐州联络线","gauge":"","electrified":""},"geometry":{"type":"LineString","coordinates":[[117.2947581,34.2842445],[117.2971952,34.2765208],[117.297486,34.2755947]]}},{"type":"Feature","properties":{"osm_id":904957978,"name":"徐连高速线","gauge":"","electrified":""},"geometry":{"type":"LineString","coordinates":[[117.3018922,34.2617392],[117.3023958,34.2603882],[117.3026305,34.259835],[117.3027898,34.2594967],[117.3029918,34.2591476]]}},{"type":"Feature","properties":{"osm_id":1348683834,"name":"","gauge":"","electrified":""},"geometry":{"type":"LineString","coordinates":[[120.9823487,41.0552444],[120.9827674,41.0553253],[120.9831178,41.0553743],[120.9838742,41.0554399],[120.9849855,41.0555363],[120.9859599,41.0556208]]}},{"type":"Feature","properties":{"osm_id":1348683842,"name":"","gauge":"","electrified":""},"geometry":{"type":"LineString","coordinates":[[120.9912981,41.0507206],[120.991979,41.0507248],[120.9923489,41.0507573],[120.9926344,41.0507824],[120.9948999,41.0509817]]}},{"type":"Feature","properties":{"osm_id":1352466498,"name":"","gauge":"","electrified":""},"geometry":{"type":"LineString","coordinates":[[109.4068149,25.1858784],[109.4071766,25.1860344],[109.4076509,25.1861433],[109.4083481,25.1863002]]}},{"type":"Feature","properties":{"osm_id":544323172,"name":"","gauge":"","electrified":""},"geometry":{"type":"LineString","coordinates":[[121.4598164,31.2473401],[121.4608587,31.2476182],[121.4616172,31.2477728],[121.4619312,31.2478366],[121.4627754,31.2480663],[121.4638238,31.2482938],[121.4643748,31.2484196],[121.4644141,31.2484308],[121.4646542,31.2484992],[121.4647461,31.2485254],[121.465122,31.2486991],[121.4652797,31.2487968],[121.4656228,31.2490092],[121.4657766,31.2491212],[121.4660054,31.2492806],[121.4664922,31.2496106],[121.4669231,31.2499028]]}},{"type":"Feature","properties":{"osm_id":51731093,"name":"","gauge":"","electrified":""},"geometry":{"type":"LineString","coordinates":[[121.4669231,31.2499028],[121.4675147,31.2501563],[121.4679254,31.2503376],[121.4682949,31.2505243],[121.4724648,31.2528498]]}},{"type":"Feature","properties":{"osm_id":51318262,"name":"","gauge":"","electrified":""},"geometry":{"type":"LineString","coordinates":[[121.4592942,31.2491009],[121.4595088,31.2490195],[121.4606756,31.2486045],[121.461259,31.2484703],[121.4615682,31.2484069],[121.4623514,31.2483519],[121.4631346,31.2483702],[121.4636818,31.2484711],[121.4642719,31.2486362],[121.4649787,31.2488913],[121.4653561,31.2490615],[121.4657069,31.2492599],[121.4668999,31.2499383],[121.4673345,31.2501852],[121.467827,31.2504564],[121.4686327,31.2509047],[121.4723436,31.253002]]}},{"type":"Feature","properties":{"osm_id":51318562,"name":"","gauge":"","electrified":""},"geometry":{"type":"LineString","coordinates":[[121.453963,31.2509471],[121.4553307,31.2504248],[121.4556555,31.2503016],[121.4561943,31.2500891],[121.4564963,31.2499609],[121.4569813,31.2498055],[121.4573749,31.2497077],[121.4579089,31.2494965],[121.4581611,31.2493853],[121.4589588,31.2491428],[121.4591719,31.2490595],[121.4597596,31.2488742],[121.4605536,31.2485819],[121.4609137,31.2484803],[121.4615467,31.2483427],[121.4622227,31.2482969],[121.4631775,31.248306],[121.4636389,31.2483978],[121.4642182,31.2485445],[121.4649263,31.2487922],[121.4657592,31.2492301],[121.4663199,31.2495447],[121.4669231,31.2499028]]}},{"type":"Feature","properties":{"osm_id":51731042,"name":"","gauge":"","electrified":""},"geometry":{"type":"LineString","coordinates":[[121.4678228,31.2507834],[121.4681376,31.2510448],[121.4686237,31.2514085],[121.4689054,31.2515874],[121.4720345,31.2533533]]}},{"type":"Feature","properties":{"osm_id":51731044,"name":"","gauge":"","electrified":""},"geometry":{"type":"LineString","coordinates":[[121.4671062,31.2501453],[121.4674801,31.2504094],[121.4676898,31.2506026],[121.4678552,31.2507386],[121.4681458,31.2509935],[121.4685099,31.2512669],[121.4688383,31.251474],[121.4720725,31.253302]]}},{"type":"Feature","properties":{"osm_id":51731045,"name":"","gauge":"","electrified":""},"geometry":{"type":"LineString","coordinates":[[121.4678552,31.2507386],[121.4684439,31.2511527],[121.4688006,31.2513857],[121.4721113,31.2532593]]}},{"type":"Feature","properties":{"osm_id":51731048,"name":"","gauge":"","electrified":""},"geometry":{"type":"LineString","coordinates":[[121.4674801,31.2504094],[121.4677149,31.250575],[121.4678837,31.250697],[121.4680985,31.2508523],[121.4687712,31.2513075],[121.4721428,31.2532183]]}},{"type":"Feature","properties":{"osm_id":51731049,"name":"","gauge":"","electrified":""},"geometry":{"type":"LineString","coordinates":[[121.4678837,31.250697],[121.4688073,31.2512622],[121.4721823,31.2531653]]}},{"type":"Feature","properties":{"osm_id":51731062,"name":"","gauge":"","electrified":""},"geometry":{"type":"LineString","coordinates":[[121.4668781,31.2499763],[121.4672785,31.2502137],[121.4677459,31.2505437],[121.4680656,31.2507328],[121.4692059,31.2513704],[121.4722548,31.2530941]]}},{"type":"Feature","properties":{"osm_id":51731063,"name":"","gauge":"","electrified":""},"geometry":{"type":"LineString","coordinates":[[121.4669231,31.2499028],[121.4673901,31.2501616],[121.4678568,31.2504193],[121.4692871,31.2512166],[121.4723746,31.2529623]]}},{"type":"Feature","properties":{"osm_id":51731066,"name":"","gauge":"","electrified":""},"geometry":{"type":"LineString","coordinates":[[121.4673345,31.2501852],[121.4675769,31.2503527],[121.4677908,31.2504947],[121.4684414,31.2508602],[121.4722962,31.253046]]}},{"type":"Feature","properties":{"osm_id":51731079,"name":"","gauge":"","electrified":""},"geometry":{"type":"LineString","coordinates":[[121.4668999,31.2499383],[121.4673901,31.2501616],[121.4678918,31.2503733],[121.4679481,31.2504008],[121.4685334,31.2507346],[121.4724105,31.2529229]]}},{"type":"Feature","properties":{"osm_id":766826618,"name":"","gauge":"","electrified":""},"geometry":{"type":"LineString","coordinates":[[121.4672128,31.2502421],[121.4674657,31.25046],[121.467657,31.2506328],[121.4678228,31.2507834],[121.4680211,31.250994],[121.4682437,31.2512119],[121.4685412,31.2514371],[121.4688576,31.2516285],[121.4720006,31.2533955]]}},{"type":"Feature","properties":{"osm_id":808745826,"name":"","gauge":"","electrified":""},"geometry":{"type":"LineString","coordinates":[[121.4668781,31.2499763],[121.4671062,31.2501453],[121.4672128,31.2502421],[121.4673827,31.2504008],[121.4676257,31.2506617],[121.4677941,31.250835],[121.4680956,31.2511263],[121.4683701,31.251346],[121.4687581,31.251625],[121.4719722,31.2534291]]}},{"type":"Feature","properties":{"osm_id":1351055405,"name":"","gauge":"","electrified":""},"geometry":{"type":"LineString","coordinates":[[121.4663199,31.2495447],[121.4664922,31.2496106],[121.4669949,31.2498031]]}},{"type":"Feature","properties":{"osm_id":1351055406,"name":"","gauge":"","electrified":""},"geometry":{"type":"LineString","coordinates":[[121.4675147,31.2501563],[121.4679509,31.250303],[121.4682086,31.2504208],[121.4724936,31.2528113]]}},{"type":"Feature","properties":{"osm_id":1097289782,"name":"","gauge":"","electrified":""},"geometry":{"type":"LineString","coordinates":[[105.8720221,30.2241161],[105.8711617,30.2245746]]}},{"type":"Feature","properties":{"osm_id":1097289784,"name":"","gauge":"","electrified":""},"geometry":{"type":"LineString","coordinates":[[105.8723474,30.2239401],[105.8720221,30.2241161]]}},{"type":"Feature","properties":{"osm_id":1097289785,"name":"","gauge":"","electrified":""},"geometry":{"type":"LineString","coordinates":[[105.8819121,30.2187876],[105.8812697,30.2191729]]}},{"type":"Feature","properties":{"osm_id":1097289791,"name":"","gauge":"","electrified":""},"geometry":{"type":"LineString","coordinates":[[105.8705934,30.2248357],[105.8698966,30.2251521]]}},{"type":"Feature","properties":{"osm_id":1097289792,"name":"","gauge":"","electrified":""},"geometry":{"type":"LineString","coordinates":[[105.8713722,30.224367],[105.8707787,30.2247371]]}},{"type":"Feature","properties":{"osm_id":1352466494,"name":"","gauge":"","electrified":""},"geometry":{"type":"LineString","coordinates":[[109.4065856,25.1857269],[109.4068149,25.1858784],[109.4072138,25.1861418],[109.4073324,25.1862201],[109.4083021,25.1864379]]}},{"type":"Feature","properties":{"osm_id":1352466495,"name":"","gauge":"","electrified":""},"geometry":{"type":"LineString","coordinates":[[109.4072138,25.1861418],[109.4083127,25.1863803]]}},{"type":"Feature","properties":{"osm_id":1352466496,"name":"","gauge":"","electrified":""},"geometry":{"type":"LineString","coordinates":[[109.406893,25.1858085],[109.4072262,25.1857942],[109.407481,25.1857429],[109.4077181,25.1857429],[109.4084189,25.1858838]]}},{"type":"Feature","properties":{"osm_id":1352466497,"name":"","gauge":"","electrified":""},"geometry":{"type":"LineString","coordinates":[[109.4071071,25.1858654],[109.4072899,25.1859575],[109.4083729,25.1861689]]}},{"type":"Feature","properties":{"osm_id":1348378111,"name":"","gauge":"","electrified":""},"geometry":{"type":"LineString","coordinates":[[113.2877994,33.7600254],[113.2879768,33.7599887],[113.2882654,33.759929]]}},{"type":"Feature","properties":{"osm_id":685712274,"name":"","gauge":"","electrified":""},"geometry":{"type":"LineString","coordinates":[[125.4525841,44.1399133],[125.4521394,44.1399896],[125.4513951,44.1400659],[125.4508828,44.1401353],[125.4473061,44.1408706]]}},{"type":"Feature","properties":{"osm_id":1352004708,"name":"","gauge":"","electrified":""},"geometry":{"type":"LineString","coordinates":[[123.1807152,41.8632181],[123.1806279,41.8635713]]}},{"type":"Feature","properties":{"osm_id":1352004709,"name":"","gauge":"","electrified":""},"geometry":{"type":"LineString","coordinates":[[123.1780809,41.872705],[123.1780631,41.8725848]]}},{"type":"Feature","properties":{"osm_id":1097257029,"name":"兰新线","gauge":"","electrified":""},"geometry":{"type":"LineString","coordinates":[[84.8367169,44.412538],[84.8334787,44.4142839]]}},{"type":"Feature","properties":{"osm_id":1352004717,"name":"","gauge":"","electrified":""},"geometry":{"type":"LineString","coordinates":[[123.1821864,41.8601189],[123.1822817,41.8597344]]}},{"type":"Feature","properties":{"osm_id":317156635,"name":"","gauge":"","electrified":""},"geometry":{"type":"LineString","coordinates":[[123.182796,41.7693312],[123.1856793,41.7700614],[123.1909941,41.7713672],[123.1956477,41.7725274],[123.1960302,41.7726225],[123.1994471,41.7734721],[123.2000211,41.7736681],[123.2004475,41.7738682],[123.2008955,41.7741302],[123.201271,41.7744483],[123.2016733,41.7748703],[123.2019026,41.7752319],[123.2020475,41.7755019],[123.2022661,41.7761745],[123.2024511,41.7766666],[123.2026684,41.7770446],[123.2029956,41.7774527],[123.203406,41.7778227],[123.2037735,41.7780647],[123.204267,41.7783208],[123.2061606,41.7791968],[123.2067749,41.7794049],[123.2073248,41.7795443],[123.2078263,41.7795829],[123.2084137,41.7795749],[123.2088965,41.7795129],[123.2094329,41.7793729],[123.2099412,41.7791723],[123.2104039,41.7789228],[123.2109209,41.7785422],[123.21123,41.7782728],[123.2114955,41.7779867],[123.2117343,41.7776027],[123.211855,41.7772526],[123.211914,41.7769386],[123.2118406,41.7757299]]}},{"type":"Feature","properties":{"osm_id":315109062,"name":"兰新线","gauge":"","electrified":""},"geometry":{"type":"LineString","coordinates":[[84.7893638,44.4276562],[84.7911608,44.4274553],[84.7934997,44.4270722],[84.7955114,44.4266317],[84.7977698,44.4260532],[84.8006853,44.4251931],[84.8126892,44.4218207],[84.8247957,44.4184021],[84.8267135,44.4177527],[84.8292294,44.4166454],[84.833171,44.4145112]]}},{"type":"Feature","properties":{"osm_id":315109067,"name":"兰新线","gauge":"","electrified":""},"geometry":{"type":"LineString","coordinates":[[84.8331257,44.4144742],[84.8291838,44.4165994],[84.8266813,44.417701],[84.8247662,44.4183791],[84.802402,44.4246376]]}},{"type":"Feature","properties":{"osm_id":1097257030,"name":"兰新线","gauge":"","electrified":""},"geometry":{"type":"LineString","coordinates":[[84.8335163,44.4143242],[84.8367463,44.4125753]]}},{"type":"Feature","properties":{"osm_id":1097257031,"name":"兰新线","gauge":"","electrified":""},"geometry":{"type":"LineString","coordinates":[[84.833171,44.4145112],[84.8335163,44.4143242]]}},{"type":"Feature","properties":{"osm_id":1097257032,"name":"兰新线","gauge":"","electrified":""},"geometry":{"type":"LineString","coordinates":[[84.8334787,44.4142839],[84.8331257,44.4144742]]}},{"type":"Feature","properties":{"osm_id":279672830,"name":"","gauge":"","electrified":""},"geometry":{"type":"LineString","coordinates":[[108.8586909,34.2868628],[108.8582609,34.2868037],[108.8577719,34.2867344],[108.8571119,34.2864781],[108.8568388,34.2863055],[108.8566673,34.2861611],[108.8565058,34.2859905],[108.8562604,34.285665],[108.8551767,34.2841906]]}},{"type":"Feature","properties":{"osm_id":1047502205,"name":"","gauge":"","electrified":""},"geometry":{"type":"LineString","coordinates":[[108.8589942,34.2869076],[108.8575131,34.2868499],[108.8567646,34.2868215],[108.8563443,34.2867448],[108.8558558,34.2865686],[108.8555096,34.2863933],[108.8551373,34.286109],[108.854829,34.2857572],[108.8542237,34.2849756],[108.8536683,34.2842183]]}},{"type":"Feature","properties":{"osm_id":1255673042,"name":"","gauge":"","electrified":""},"geometry":{"type":"LineString","coordinates":[[108.8877644,34.2767476],[108.8877147,34.2762843],[108.8876993,34.2757496],[108.8877024,34.275121],[108.8876624,34.2749171],[108.8875946,34.2746523],[108.887573,34.274525],[108.887573,34.2744153]]}},{"type":"Feature","properties":{"osm_id":258741055,"name":"","gauge":"","electrified":""},"geometry":{"type":"LineString","coordinates":[[108.8766883,34.2825472],[108.8768781,34.2824257],[108.8770249,34.282301],[108.8772018,34.2821316],[108.8777132,34.2815187],[108.8782517,34.2808243],[108.878436,34.2806028],[108.8787843,34.2802384],[108.8790184,34.2800551],[108.879516,34.2797671],[108.8801086,34.2795525],[108.8810418,34.2792263],[108.881975,34.2789746],[108.8830731,34.2788663],[108.8849614,34.2789768],[108.8862072,34.2790588],[108.886482,34.279084],[108.8867449,34.2791067],[108.8872033,34.2791311],[108.8879299,34.2791774],[108.8886139,34.2791693],[108.8897581,34.2790725],[108.8926402,34.2786795],[108.8934033,34.2785904],[108.8939039,34.2785546],[108.8943582,34.2785368],[108.8948993,34.2785503],[108.8966157,34.278581],[108.8977196,34.2786007]]}},{"type":"Feature","properties":{"osm_id":279672828,"name":"","gauge":"","electrified":""},"geometry":{"type":"LineString","coordinates":[[108.8661792,34.2861875],[108.8658248,34.2864474],[108.8654187,34.2866812],[108.8649154,34.2868911],[108.864335,34.2870293],[108.8634805,34.2870921],[108.8610287,34.2869955],[108.8600753,34.2869626]]}},{"type":"Feature","properties":{"osm_id":279672829,"name":"","gauge":"","electrified":""},"geometry":{"type":"LineString","coordinates":[[108.8589942,34.2869076],[108.8586909,34.2868628],[108.8580516,34.2867],[108.8575359,34.286397],[108.8573455,34.2862253],[108.8572507,34.2860948],[108.8570906,34.2858483],[108.8569836,34.2856196],[108.8568953,34.2852763],[108.8569121,34.2845975],[108.8569268,34.284066]]}},{"type":"Feature","properties":{"osm_id":1210322708,"name":"","gauge":"","electrified":""},"geometry":{"type":"LineString","coordinates":[[108.8640087,34.2874266],[108.8643715,34.2873129],[108.8647661,34.2871892],[108.8650445,34.2870679],[108.865296,34.2869266],[108.8655784,34.2867438],[108.8661792,34.2861875],[108.8664378,34.2859338],[108.8669445,34.2853747]]}},{"type":"Feature","properties":{"osm_id":1255673041,"name":"","gauge":"","electrified":""},"geometry":{"type":"LineString","coordinates":[[108.8877702,34.2785654],[108.8877644,34.2767476],[108.887764,34.2766178],[108.887761,34.275243],[108.8877702,34.275121],[108.8878349,34.2746498],[108.8878657,34.274385],[108.8878706,34.2741802]]}},{"type":"Feature","properties":{"osm_id":1255673043,"name":"","gauge":"","electrified":""},"geometry":{"type":"LineString","coordinates":[[108.8877147,34.2762843],[108.8877178,34.2766891],[108.8876901,34.2769513],[108.8876346,34.2771754],[108.8875977,34.2773307],[108.8874929,34.2775445],[108.8873912,34.2776973],[108.8872156,34.277901],[108.8870616,34.2781072],[108.8867597,34.2784014],[108.8867473,34.2784051],[108.8866113,34.2785251],[108.8862948,34.2786564],[108.8859863,34.2787666],[108.8855488,34.2789091],[108.8852653,34.2789575],[108.8849614,34.2789768]]}},{"type":"Feature","properties":{"osm_id":1352004698,"name":"","gauge":"","electrified":""},"geometry":{"type":"LineString","coordinates":[[123.1785188,41.8690969],[123.1787017,41.8685095],[123.1789375,41.8678829],[123.1792668,41.8670321],[123.1798848,41.8656273],[123.180405,41.8643961]]}},{"type":"Feature","properties":{"osm_id":1352004699,"name":"","gauge":"","electrified":""},"geometry":{"type":"LineString","coordinates":[[123.1792005,41.8668615],[123.1796471,41.8658278],[123.1803941,41.864099]]}},{"type":"Feature","properties":{"osm_id":1352004700,"name":"","gauge":"","electrified":""},"geometry":{"type":"LineString","coordinates":[[123.1796471,41.8658278],[123.179876,41.8654731]]}},{"type":"Feature","properties":{"osm_id":1352004701,"name":"","gauge":"","electrified":""},"geometry":{"type":"LineString","coordinates":[[123.1801414,41.8648634],[123.180405,41.8643961],[123.1810313,41.8629756],[123.1812512,41.8624696],[123.1815579,41.8617639],[123.181836,41.8611239],[123.182409,41.8597462],[123.18259,41.8593209],[123.1827264,41.8590004],[123.1839459,41.8562354],[123.1871868,41.8487449],[123.1877195,41.8475123],[123.1878393,41.847235],[123.1881907,41.8464397]]}},{"type":"Feature","properties":{"osm_id":1352004702,"name":"","gauge":"","electrified":""},"geometry":{"type":"LineString","coordinates":[[123.1815579,41.8617639],[123.1817593,41.8611129]]}},{"type":"Feature","properties":{"osm_id":1352004703,"name":"","gauge":"","electrified":""},"geometry":{"type":"LineString","coordinates":[[123.1812512,41.8624696],[123.1815168,41.8620587],[123.1817555,41.8617531],[123.1820157,41.8615074],[123.1823349,41.8612417],[123.1827775,41.860966],[123.1833354,41.8607044],[123.1839174,41.8604287],[123.1842178,41.8602589],[123.1844217,41.860127]]}},{"type":"Feature","properties":{"osm_id":1352004705,"name":"","gauge":"","electrified":""},"geometry":{"type":"LineString","coordinates":[[123.1807044,41.8635636],[123.1807823,41.8632228]]}},{"type":"Feature","properties":{"osm_id":1352004706,"name":"","gauge":"","electrified":""},"geometry":{"type":"LineString","coordinates":[[123.1780213,41.872304],[123.1780112,41.8722356],[123.1779736,41.8717263],[123.1779683,41.8711151],[123.1780004,41.8705279],[123.1780648,41.8699647],[123.1781828,41.8694094],[123.1783089,41.868938],[123.1784698,41.8684567],[123.1786683,41.8680452],[123.1787515,41.8677856],[123.1791002,41.8669247],[123.1794891,41.8660238],[123.1803635,41.8640004],[123.1807152,41.8632181],[123.180747,41.8631474],[123.1809764,41.862621],[123.1811118,41.8623104],[123.1813452,41.8617411],[123.1813654,41.8616957],[123.1815088,41.8613744],[123.1816268,41.8611099],[123.1818957,41.8604943],[123.1819567,41.8603548],[123.1820662,41.8600971],[123.1824331,41.859234],[123.1826319,41.8587839],[123.1828427,41.8583069],[123.1829723,41.8580134],[123.1839995,41.8556221],[123.1871177,41.8484338]]}},{"type":"Feature","properties":{"osm_id":1352004707,"name":"","gauge":"","electrified":""},"geometry":{"type":"LineString","coordinates":[[123.1809764,41.862621],[123.1811936,41.8622753]]}},{"type":"Feature","properties":{"osm_id":1352004710,"name":"","gauge":"","electrified":""},"geometry":{"type":"LineString","coordinates":[[123.1780631,41.8725848],[123.1780213,41.872304]]}},{"type":"Feature","properties":{"osm_id":1352004711,"name":"","gauge":"","electrified":""},"geometry":{"type":"LineString","coordinates":[[123.1824087,41.8596015],[123.18259,41.8593209]]}},{"type":"Feature","properties":{"osm_id":1352004712,"name":"","gauge":"","electrified":""},"geometry":{"type":"LineString","coordinates":[[123.1817354,41.8610066],[123.1819368,41.8606997]]}},{"type":"Feature","properties":{"osm_id":1352004713,"name":"","gauge":"","electrified":""},"geometry":{"type":"LineString","coordinates":[[123.1814153,41.8617561],[123.1815088,41.8613744]]}},{"type":"Feature","properties":{"osm_id":1352004714,"name":"","gauge":"","electrified":""},"geometry":{"type":"LineString","coordinates":[[123.1813654,41.8616957],[123.1814327,41.8614214],[123.1815668,41.8611118],[123.1816633,41.8608521],[123.1817599,41.8605185],[123.1818135,41.8602388],[123.1818216,41.8599752],[123.1818082,41.8597115],[123.1817358,41.8594218],[123.1815936,41.8590702],[123.1814568,41.8588465],[123.181312,41.8586127],[123.1810974,41.858387],[123.1808962,41.8581972],[123.180164,41.8576678],[123.1796302,41.8572763]]}},{"type":"Feature","properties":{"osm_id":1352004718,"name":"","gauge":"","electrified":""},"geometry":{"type":"LineString","coordinates":[[123.1825261,41.8591705],[123.1826319,41.8587839]]}},{"type":"Feature","properties":{"osm_id":1352004719,"name":"","gauge":"","electrified":""},"geometry":{"type":"LineString","coordinates":[[123.1828427,41.8583069],[123.1829803,41.8578237],[123.1838467,41.8558139],[123.1868901,41.8488274],[123.1871177,41.8484338],[123.187443,41.8478311]]}},{"type":"Feature","properties":{"osm_id":1352004720,"name":"","gauge":"","electrified":""},"geometry":{"type":"LineString","coordinates":[[123.1878285,41.8471031],[123.1877195,41.8475123]]}},{"type":"Feature","properties":{"osm_id":1352004721,"name":"","gauge":"","electrified":""},"geometry":{"type":"LineString","coordinates":[[123.1880546,41.8465898],[123.1881597,41.846204]]}},{"type":"Feature","properties":{"osm_id":1352004722,"name":"","gauge":"","electrified":""},"geometry":{"type":"LineString","coordinates":[[123.18841,41.845628],[123.1886526,41.8452381]]}},{"type":"Feature","properties":{"osm_id":1352004723,"name":"","gauge":"","electrified":""},"geometry":{"type":"LineString","coordinates":[[123.1900518,41.8418695],[123.1902789,41.8414998]]}},{"type":"Feature","properties":{"osm_id":627615304,"name":"","gauge":"","electrified":""},"geometry":{"type":"LineString","coordinates":[[121.3332666,31.2745632],[121.3324695,31.2746763],[121.332409,31.2746832],[121.3300047,31.275024],[121.3270855,31.2753609],[121.3265949,31.2754222],[121.3262311,31.2754669]]}},{"type":"Feature","properties":{"osm_id":627615313,"name":"","gauge":"","electrified":""},"geometry":{"type":"LineString","coordinates":[[121.3331473,31.2741024],[121.3326927,31.2741987],[121.3323871,31.2742493],[121.33232,31.2742579],[121.3298685,31.2745784],[121.3269995,31.274936],[121.326521,31.2749991],[121.3261636,31.2749969]]}},{"type":"Feature","properties":{"osm_id":627615315,"name":"","gauge":"","electrified":""},"geometry":{"type":"LineString","coordinates":[[121.3334638,31.2740096],[121.3329206,31.274092],[121.3323069,31.2741796],[121.3298546,31.2745003],[121.3269869,31.2748578],[121.3265073,31.274921],[121.3257116,31.2750078]]}},{"type":"Feature","properties":{"osm_id":1211521115,"name":"成昆线","gauge":"","electrified":""},"geometry":{"type":"LineString","coordinates":[[101.9836593,25.1784369],[101.9811071,25.1714976],[101.9809179,25.1710162],[101.980752,25.170654],[101.9805421,25.1702969],[101.9803163,25.1699897]]}},{"type":"Feature","properties":{"osm_id":220065023,"name":"羊场铁路","gauge":"","electrified":""},"geometry":{"type":"LineString","coordinates":[[104.381808,26.0965663],[104.3815259,26.0963022],[104.3811147,26.0959707],[104.3808991,26.0958151],[104.3808882,26.0958072],[104.3807936,26.0957389],[104.3804845,26.0955961],[104.3801063,26.0954586],[104.3796502,26.0953616],[104.379311,26.0953238],[104.3787918,26.0953265],[104.3780565,26.0953697],[104.3775673,26.0953777],[104.3771562,26.0953292],[104.376751,26.0952295],[104.3763939,26.0951001],[104.3759287,26.0948468],[104.3751939,26.094381],[104.3734685,26.0933827],[104.371768,26.0924105],[104.3700592,26.0913601],[104.3686376,26.0905555],[104.3682358,26.0903422],[104.3677519,26.0900472],[104.367397,26.0897864]]}},{"type":"Feature","properties":{"osm_id":220065038,"name":"羊场铁路","gauge":"","electrified":""},"geometry":{"type":"LineString","coordinates":[[104.3386929,26.0758048],[104.3386642,26.0757865],[104.3367311,26.0745562],[104.3349518,26.0734749],[104.3344451,26.0731436],[104.3341047,26.0728597],[104.3338169,26.0725866],[104.3335413,26.072208],[104.3330914,26.071418],[104.3327753,26.0709483],[104.3327008,26.0708584],[104.3326956,26.0708521],[104.3325402,26.0706643],[104.3323051,26.070435],[104.3320254,26.0702202],[104.3315958,26.0699944],[104.3310891,26.0698124],[104.3303393,26.0696486],[104.3298975,26.0695175],[104.3294922,26.0693318],[104.3291599,26.0691206],[104.3288478,26.0688658],[104.3285438,26.0685272],[104.3280209,26.0677663],[104.327648,26.0672092],[104.3274008,26.0668779],[104.3270928,26.0665466],[104.3268334,26.0663245],[104.3265132,26.0661352],[104.3261783,26.065993],[104.3261443,26.0659786],[104.325735,26.0658512],[104.3243812,26.0656254],[104.3223709,26.0653123],[104.3218723,26.0652031],[104.3214548,26.0650611],[104.3206564,26.0646679],[104.3185812,26.0636957],[104.3184796,26.0636464],[104.3170815,26.0629675],[104.316583,26.0626945],[104.316202,26.0624105],[104.3159061,26.0621228],[104.3156548,26.0617697],[104.3154116,26.0613291],[104.3151603,26.0608849],[104.3149333,26.0605536],[104.314605,26.0602186],[104.3143416,26.060011],[104.3139606,26.0597853],[104.3134337,26.0595814],[104.3120718,26.0591954],[104.310819,26.0588263],[104.3073261,26.0577972],[104.3061109,26.0574471],[104.3049072,26.0570969],[104.3043283,26.0568652],[104.3037264,26.0565717],[104.303285,26.0562679]]}},{"type":"Feature","properties":{"osm_id":1047502206,"name":"","gauge":"","electrified":""},"geometry":{"type":"LineString","coordinates":[[108.8600753,34.2869626],[108.8593545,34.2869184],[108.8589942,34.2869076]]}},{"type":"Feature","properties":{"osm_id":1156927802,"name":"","gauge":"","electrified":""},"geometry":{"type":"LineString","coordinates":[[108.8777132,34.2815187],[108.878371,34.2804488],[108.878532,34.2801055],[108.878625,34.2798141],[108.8787154,34.2794491],[108.8787528,34.2792164],[108.8787929,34.2789678],[108.8788948,34.2785427],[108.8790236,34.2780048],[108.8791062,34.2777832],[108.8792617,34.277542],[108.8798678,34.276754],[108.8800201,34.2763567]]}},{"type":"Feature","properties":{"osm_id":545543895,"name":"成昆线","gauge":"","electrified":""},"geometry":{"type":"LineString","coordinates":[[101.9838445,25.1789021],[101.9836593,25.1784369]]}},{"type":"Feature","properties":{"osm_id":1316852827,"name":"成昆线","gauge":"","electrified":""},"geometry":{"type":"LineString","coordinates":[[101.9803163,25.1699897],[101.9801198,25.1697763]]}},{"type":"Feature","properties":{"osm_id":797760263,"name":"","gauge":"","electrified":""},"geometry":{"type":"LineString","coordinates":[[116.9553692,36.6612684],[116.9551914,36.661164],[116.9549748,36.6610338],[116.9547289,36.6608783]]}},{"type":"Feature","properties":{"osm_id":690903151,"name":"","gauge":"","electrified":""},"geometry":{"type":"LineString","coordinates":[[116.9489721,36.6565272],[116.9486475,36.6563187],[116.948449,36.6561958],[116.9482664,36.6560954],[116.9478045,36.6558414],[116.9475719,36.6557116],[116.9471997,36.655474],[116.946727,36.6551554],[116.9461209,36.6547369],[116.945921,36.6545984],[116.9457332,36.6544432],[116.9452196,36.6540139],[116.9448414,36.6536524],[116.9444579,36.6532435],[116.9441221,36.6528441],[116.9439643,36.6526575],[116.9437934,36.6524352],[116.9435218,36.6520363],[116.942642,36.6506591]]}},{"type":"Feature","properties":{"osm_id":797760258,"name":"","gauge":"","electrified":""},"geometry":{"type":"LineString","coordinates":[[116.9564673,36.6617237],[116.9563206,36.6616444],[116.9561805,36.6615707],[116.9557036,36.6613323],[116.9554563,36.661206],[116.9552635,36.6610964],[116.9550543,36.6609654],[116.9541759,36.6604097],[116.9517715,36.6589003],[116.948336,36.6567435],[116.9476809,36.6563323],[116.947264,36.6560645],[116.9465782,36.6556395],[116.9464716,36.6555755],[116.9463851,36.6555169],[116.9461783,36.6553745]]}},{"type":"Feature","properties":{"osm_id":797760261,"name":"","gauge":"","electrified":""},"geometry":{"type":"LineString","coordinates":[[116.9554506,36.6612556],[116.9552283,36.6611296],[116.9550177,36.6610026],[116.9541414,36.6604451],[116.9476464,36.6563676],[116.9472231,36.6560993],[116.9469604,36.6559333],[116.9466922,36.6557654],[116.9465312,36.6556521],[116.9461783,36.6553745]]}},{"type":"Feature","properties":{"osm_id":797760262,"name":"","gauge":"","electrified":""},"geometry":{"type":"LineString","coordinates":[[116.9582182,36.6627173],[116.9579311,36.6625551],[116.9577576,36.6624657],[116.9575632,36.6623657],[116.9571233,36.6621398],[116.956481,36.6618262]]}},{"type":"Feature","properties":{"osm_id":1041483681,"name":"","gauge":"","electrified":""},"geometry":{"type":"LineString","coordinates":[[116.9588195,36.6630971],[116.9592918,36.6633888],[116.9593931,36.6634533],[116.9594642,36.6634966],[116.959591,36.6635785],[116.9598551,36.6637674],[116.9600932,36.6639503],[116.9602848,36.6641188],[116.9604063,36.6642192],[116.9605362,36.6643228],[116.960699,36.6644406],[116.9610481,36.6646558],[116.9612005,36.664742],[116.9614074,36.664855],[116.961595,36.6649572]]}},{"type":"Feature","properties":{"osm_id":1041483682,"name":"","gauge":"","electrified":""},"geometry":{"type":"LineString","coordinates":[[116.9564673,36.6617237],[116.9566807,36.6618541],[116.9567712,36.6619071],[116.956871,36.6619615],[116.957261,36.6621521]]}},{"type":"Feature","properties":{"osm_id":220065032,"name":"羊场铁路","gauge":"","electrified":""},"geometry":{"type":"LineString","coordinates":[[104.3664585,26.088825],[104.366306,26.088588],[104.3658485,26.0879979],[104.3656256,26.0877056],[104.365607,26.0876872],[104.3653799,26.0874614],[104.3653499,26.0874316],[104.3650652,26.087229],[104.3648983,26.0871103],[104.3644701,26.0869285],[104.3637692,26.0867441],[104.3632266,26.0866335],[104.3628395,26.0865361],[104.362294,26.0863016],[104.361854,26.0860382],[104.36142,26.0856879],[104.3609361,26.0852796],[104.3605548,26.0850294],[104.3599799,26.0847895],[104.3594003,26.0845748],[104.3588572,26.0843855],[104.3583019,26.084127],[104.3578925,26.0838831],[104.3575034,26.08357],[104.3571711,26.0832825],[104.3567617,26.0828565],[104.3564131,26.0824525],[104.3560362,26.0820593],[104.3556471,26.0816916],[104.3549702,26.0812548],[104.3531186,26.0802527]]}},{"type":"Feature","properties":{"osm_id":1044258848,"name":"","gauge":"","electrified":""},"geometry":{"type":"LineString","coordinates":[[116.956481,36.6618262],[116.9568036,36.6619676],[116.957261,36.6621521],[116.9574026,36.6622212]]}},{"type":"Feature","properties":{"osm_id":1044271593,"name":"","gauge":"","electrified":""},"geometry":{"type":"LineString","coordinates":[[116.949367,36.6567391],[116.949669,36.6568911],[116.9499146,36.6570227],[116.9501137,36.6571419],[116.9518637,36.6582254],[116.9520241,36.6583323],[116.9521639,36.6584314],[116.952552,36.6587342]]}},{"type":"Feature","properties":{"osm_id":1316852976,"name":"羊场铁路","gauge":"","electrified":""},"geometry":{"type":"LineString","coordinates":[[104.3528688,26.08011],[104.3522303,26.0797476],[104.3518615,26.0795656],[104.351371,26.0793945],[104.3512781,26.0793772],[104.3508239,26.0792926],[104.3503271,26.0792517],[104.3501769,26.0792393],[104.3498511,26.0792125],[104.349231,26.079187],[104.3487081,26.0791287],[104.3482866,26.0790414],[104.3477921,26.0788484],[104.3472004,26.0785681],[104.3466978,26.0783024],[104.3462479,26.0781385],[104.3458709,26.0780621],[104.34534,26.0780148],[104.3443551,26.0780366]]}},{"type":"Feature","properties":{"osm_id":1316852977,"name":"羊场铁路","gauge":"","electrified":""},"geometry":{"type":"LineString","coordinates":[[104.3531186,26.0802527],[104.3528688,26.08011]]}},{"type":"Feature","properties":{"osm_id":1171536199,"name":"","gauge":"","electrified":""},"geometry":{"type":"LineString","coordinates":[[116.9442506,36.6540252],[116.9441397,36.6539244],[116.9440486,36.6538356],[116.9437506,36.6535337],[116.9435502,36.6532988],[116.9433716,36.6530595],[116.9432362,36.6528571],[116.9430605,36.652556],[116.9428767,36.65223],[116.9426022,36.651766]]}},{"type":"Feature","properties":{"osm_id":1171536200,"name":"","gauge":"","electrified":""},"geometry":{"type":"LineString","coordinates":[[116.9442506,36.6540252],[116.9443731,36.6541209],[116.9444954,36.6542097],[116.9450177,36.6545864],[116.9454264,36.6548472]]}},{"type":"Feature","properties":{"osm_id":1171536211,"name":"","gauge":"","electrified":""},"geometry":{"type":"LineString","coordinates":[[116.9557776,36.6614192],[116.9558854,36.6614792],[116.955986,36.6615373],[116.9562935,36.6617305]]}},{"type":"Feature","properties":{"osm_id":1171536214,"name":"","gauge":"","electrified":""},"geometry":{"type":"LineString","coordinates":[[116.9496761,36.6578198],[116.9536723,36.6603291],[116.9543613,36.660758],[116.9544511,36.6608074],[116.9545309,36.6608488],[116.9549742,36.6610713]]}},{"type":"Feature","properties":{"osm_id":1354881328,"name":"","gauge":"","electrified":""},"geometry":{"type":"LineString","coordinates":[[116.9596337,36.6635373],[116.9592335,36.6633212],[116.9588195,36.6630971]]}},{"type":"Feature","properties":{"osm_id":1354912167,"name":"","gauge":"","electrified":""},"geometry":{"type":"LineString","coordinates":[[116.9489721,36.6565272],[116.9491606,36.6566333],[116.949367,36.6567391]]}},{"type":"Feature","properties":{"osm_id":1354912168,"name":"","gauge":"","electrified":""},"geometry":{"type":"LineString","coordinates":[[116.9562935,36.6617305],[116.9567886,36.662042]]}},{"type":"Feature","properties":{"osm_id":1354912169,"name":"","gauge":"","electrified":""},"geometry":{"type":"LineString","coordinates":[[116.9574026,36.6622212],[116.9575927,36.6623307],[116.9577737,36.6624378],[116.9582182,36.6627173],[116.9588195,36.6630971]]}},{"type":"Feature","properties":{"osm_id":1354912172,"name":"","gauge":"","electrified":""},"geometry":{"type":"LineString","coordinates":[[116.9450922,36.6537942],[116.9453001,36.6539956],[116.9454825,36.6541591],[116.9456877,36.6543388],[116.9459599,36.6545561],[116.9461929,36.6547243],[116.9463312,36.6548112]]}},{"type":"Feature","properties":{"osm_id":1354912174,"name":"","gauge":"","electrified":""},"geometry":{"type":"LineString","coordinates":[[116.9452192,36.6546842],[116.9447564,36.6543209],[116.9443545,36.6540054]]}},{"type":"Feature","properties":{"osm_id":1354912175,"name":"","gauge":"","electrified":""},"geometry":{"type":"LineString","coordinates":[[116.9447308,36.6542351],[116.9449078,36.6543904],[116.9450882,36.6545696],[116.9452192,36.6546842]]}},{"type":"Feature","properties":{"osm_id":1354912176,"name":"","gauge":"","electrified":""},"geometry":{"type":"LineString","coordinates":[[116.9465091,36.6556964],[116.9462701,36.6555122],[116.9460265,36.6553136],[116.945912,36.6552246],[116.9454264,36.6548472],[116.9452192,36.6546842]]}},{"type":"Feature","properties":{"osm_id":1354912177,"name":"","gauge":"","electrified":""},"geometry":{"type":"LineString","coordinates":[[116.9461783,36.6553745],[116.9460702,36.655288],[116.945857,36.6551169]]}},{"type":"Feature","properties":{"osm_id":663673031,"name":"","gauge":"","electrified":""},"geometry":{"type":"LineString","coordinates":[[116.9427141,36.6511187],[116.9428586,36.6513676],[116.9429827,36.6516059],[116.9435379,36.6527249],[116.9436532,36.6529325],[116.9437619,36.6531079],[116.9438879,36.653279],[116.9440958,36.6535254],[116.9443452,36.653774],[116.944539,36.6539568],[116.9447422,36.6541402]]}},{"type":"Feature","properties":{"osm_id":797760255,"name":"","gauge":"","electrified":""},"geometry":{"type":"LineString","coordinates":[[116.9549742,36.6610713],[116.954828,36.6609887],[116.9546959,36.660909],[116.9540724,36.6605158],[116.9475774,36.6564384],[116.9471459,36.6561671],[116.9470134,36.6560812],[116.9468712,36.6559784],[116.9467865,36.6559081],[116.9465091,36.6556964]]}},{"type":"Feature","properties":{"osm_id":797760282,"name":"","gauge":"","electrified":""},"geometry":{"type":"LineString","coordinates":[[116.9463312,36.6548112],[116.9474717,36.6555177],[116.9478972,36.6557641],[116.9486025,36.6560889],[116.9490268,36.656263],[116.949848,36.6566042],[116.9511618,36.6571224],[116.9519352,36.6574301],[116.9548937,36.6585911],[116.9549415,36.6586124],[116.9565482,36.6592227],[116.958523,36.6599847],[116.9596724,36.6604949],[116.9600803,36.6606936],[116.9613193,36.6611978]]}},{"type":"Feature","properties":{"osm_id":797760284,"name":"","gauge":"","electrified":""},"geometry":{"type":"LineString","coordinates":[[116.949367,36.6567391],[116.9496346,36.6568929],[116.9500788,36.6571735],[116.9522198,36.6585155]]}},{"type":"Feature","properties":{"osm_id":797760285,"name":"","gauge":"","electrified":""},"geometry":{"type":"LineString","coordinates":[[116.9489721,36.6565272],[116.9493302,36.6567537],[116.9494622,36.6568402],[116.9495923,36.6569242],[116.950043,36.6572092],[116.9515189,36.6581325],[116.951669,36.65822],[116.9519989,36.6583911],[116.9522198,36.6585155]]}},{"type":"Feature","properties":{"osm_id":1041483683,"name":"","gauge":"","electrified":""},"geometry":{"type":"LineString","coordinates":[[116.9564673,36.6617237],[116.9561952,36.6615524],[116.9559766,36.6614222],[116.9557263,36.6612887],[116.9554992,36.6611715],[116.9553047,36.6610607],[116.9550835,36.6609253],[116.9542104,36.6603744],[116.9477154,36.6562969],[116.9467376,36.6556825],[116.9462719,36.6553804],[116.945857,36.6551169]]}},{"type":"Feature","properties":{"osm_id":1044258846,"name":"","gauge":"","electrified":""},"geometry":{"type":"LineString","coordinates":[[116.945857,36.6551169],[116.945466,36.6548133],[116.9447308,36.6542351],[116.9442916,36.6538913],[116.9440715,36.6537083],[116.9438091,36.653461],[116.9436821,36.6533253],[116.9435558,36.6531814],[116.943438,36.6530321],[116.9433318,36.6528826],[116.9432093,36.6526969],[116.9431128,36.652538],[116.9430336,36.6523957],[116.9429386,36.6522146],[116.9428383,36.6520334]]}},{"type":"Feature","properties":{"osm_id":1044261777,"name":"","gauge":"","electrified":""},"geometry":{"type":"LineString","coordinates":[[116.956481,36.6618262],[116.9562935,36.6617305],[116.9561537,36.661661],[116.9560117,36.6615893],[116.955585,36.6613759],[116.9553692,36.6612684]]}},{"type":"Feature","properties":{"osm_id":1044271594,"name":"","gauge":"","electrified":""},"geometry":{"type":"LineString","coordinates":[[116.9548254,36.6604204],[116.9538,36.6597656],[116.9535738,36.6596248],[116.9533872,36.6594941],[116.9532022,36.6593473],[116.9530369,36.6591974],[116.9528908,36.65905],[116.9527088,36.6588632],[116.952552,36.6587342],[116.9522198,36.6585155]]}},{"type":"Feature","properties":{"osm_id":1354881325,"name":"","gauge":"","electrified":""},"geometry":{"type":"LineString","coordinates":[[116.9554506,36.6612556],[116.9549869,36.6610263],[116.9548622,36.6609575],[116.9547289,36.6608783]]}},{"type":"Feature","properties":{"osm_id":1354881326,"name":"","gauge":"","electrified":""},"geometry":{"type":"LineString","coordinates":[[116.9574026,36.6622212],[116.9579574,36.6625125],[116.9582364,36.6626768]]}},{"type":"Feature","properties":{"osm_id":1354912178,"name":"","gauge":"","electrified":""},"geometry":{"type":"LineString","coordinates":[[116.9454264,36.6548472],[116.9456457,36.6549845],[116.945857,36.6551169]]}},{"type":"Feature","properties":{"osm_id":1354912180,"name":"","gauge":"","electrified":""},"geometry":{"type":"LineString","coordinates":[[116.9449139,36.654285],[116.9451103,36.6544587],[116.9452981,36.6546454],[116.945466,36.6548133],[116.9456457,36.6549845],[116.9457869,36.6551196],[116.945912,36.6552246]]}},{"type":"Feature","properties":{"osm_id":1354912181,"name":"","gauge":"","electrified":""},"geometry":{"type":"LineString","coordinates":[[116.956871,36.6619615],[116.9562074,36.6616315],[116.9557776,36.6614192],[116.9556821,36.6613698],[116.9554506,36.6612556]]}},{"type":"Feature","properties":{"osm_id":1354912182,"name":"","gauge":"","electrified":""},"geometry":{"type":"LineString","coordinates":[[116.9547289,36.6608783],[116.9541069,36.6604805],[116.9476119,36.656403],[116.947183,36.6561334],[116.946774,36.6558762],[116.9466526,36.6557966],[116.9465091,36.6556964]]}},{"type":"Feature","properties":{"osm_id":514134646,"name":"焦柳线","gauge":"","electrified":""},"geometry":{"type":"LineString","coordinates":[[113.0289178,33.8644538],[113.0281953,33.8649188],[113.0248263,33.8671212],[113.0243865,33.8673736],[113.0229037,33.8682181],[113.0222987,33.868615],[113.0213261,33.8693467],[113.0206086,33.8699001]]}},{"type":"Feature","properties":{"osm_id":878210719,"name":"","gauge":"","electrified":""},"geometry":{"type":"LineString","coordinates":[[113.0222199,33.868449],[113.0208593,33.8679838],[113.0150032,33.8646775],[113.0146174,33.8644051],[113.0144043,33.8642515],[113.0141461,33.8640269],[113.0139377,33.863801],[113.0137366,33.863531],[113.0135835,33.8632947],[113.0134239,33.8630028],[113.0133029,33.8627124],[113.0128397,33.8614459],[113.0127738,33.8612793],[113.0126863,33.8610728],[113.0125896,33.8608898],[113.0124551,33.8606552],[113.0122767,33.8604217],[113.0121294,33.8602558],[113.0119975,33.8601097],[113.0117836,33.8598967],[113.0116226,33.8597409],[113.0114261,33.8595662],[113.0112444,33.85942],[113.0109699,33.8592266],[113.010247,33.8588056],[113.0097427,33.8585272],[113.0095904,33.8584431],[113.008278,33.8577307],[113.0020402,33.854364]]}},{"type":"Feature","properties":{"osm_id":878210766,"name":"","gauge":"","electrified":""},"geometry":{"type":"LineString","coordinates":[[113.0327374,33.8622349],[113.0331266,33.8620938],[113.0335226,33.861912],[113.033846,33.8617819],[113.0342621,33.8616506],[113.0345563,33.8615305]]}},{"type":"Feature","properties":{"osm_id":878210806,"name":"","gauge":"","electrified":""},"geometry":{"type":"LineString","coordinates":[[113.0356996,33.8609965],[113.0360222,33.8608785],[113.0362902,33.8607779],[113.0366557,33.8605879],[113.0371613,33.8602958],[113.0374866,33.8600822],[113.0424336,33.8568097],[113.0429976,33.8564483]]}},{"type":"Feature","properties":{"osm_id":81132186,"name":"郑州西到达线","gauge":"","electrified":""},"geometry":{"type":"LineString","coordinates":[[113.5263351,34.7806567],[113.5277637,34.7803616],[113.5284547,34.7802115],[113.5292789,34.7800444],[113.5300997,34.779855],[113.5392143,34.7775639],[113.5400866,34.7773439],[113.5410114,34.777113],[113.545477,34.775994],[113.545994,34.7758641],[113.5466326,34.7757183],[113.5471383,34.7756445],[113.5476992,34.7756011],[113.5482046,34.7756096],[113.5488306,34.7756504],[113.5494093,34.7757547],[113.5499561,34.7759004],[113.5504745,34.7760764],[113.5509056,34.7762573],[113.5512429,34.7764217],[113.5515654,34.7766143],[113.5518932,34.7768362],[113.5521796,34.7770483],[113.5524675,34.7773085],[113.553043,34.7779425],[113.556665,34.7819546]]}},{"type":"Feature","properties":{"osm_id":81176499,"name":"郑州北西出发线","gauge":"","electrified":""},"geometry":{"type":"LineString","coordinates":[[113.5567126,34.7819412],[113.5531035,34.7779082],[113.5525058,34.7772681],[113.5522543,34.7770135],[113.5519731,34.7767729],[113.5516702,34.7765356],[113.5513436,34.7763084],[113.5510316,34.7761318],[113.5507171,34.7759754],[113.5503504,34.7758299],[113.5499814,34.7757111],[113.5495967,34.7756052],[113.549182,34.775517],[113.5487571,34.775462],[113.5483528,34.775442],[113.5479364,34.7754422],[113.5475322,34.7754673],[113.5470353,34.7755236],[113.5464182,34.7756559],[113.5457964,34.7758149],[113.5438699,34.7763023],[113.5434296,34.7764145],[113.5432798,34.7764517],[113.5428304,34.7765668],[113.5316976,34.7793617],[113.5312038,34.7794806],[113.5301343,34.779708]]}},{"type":"Feature","properties":{"osm_id":514134647,"name":"","gauge":"","electrified":""},"geometry":{"type":"LineString","coordinates":[[113.023267,33.8685366],[113.0230063,33.8685346],[113.0226568,33.8685178],[113.0223949,33.8684787],[113.0222199,33.868449]]}},{"type":"Feature","properties":{"osm_id":654124379,"name":"","gauge":"","electrified":""},"geometry":{"type":"LineString","coordinates":[[113.0290258,33.8645672],[113.0286437,33.8648279],[113.0283339,33.8650619],[113.0279097,33.8654759],[113.0276995,33.8657419],[113.027419,33.866106],[113.0270047,33.8667064],[113.0267318,33.8670404],[113.0265091,33.8672702],[113.0262828,33.8674734],[113.0260651,33.8676563],[113.025837,33.8678064],[113.0255248,33.8679911],[113.0252124,33.8681381],[113.0248027,33.8682942],[113.0244641,33.8683935],[113.0241193,33.8684653],[113.0238092,33.8685086],[113.023267,33.8685366]]}},{"type":"Feature","properties":{"osm_id":654124382,"name":"","gauge":"","electrified":""},"geometry":{"type":"LineString","coordinates":[[113.0298792,33.8640022],[113.0290258,33.8645672]]}},{"type":"Feature","properties":{"osm_id":494398674,"name":"云浮支线","gauge":"","electrified":""},"geometry":{"type":"LineString","coordinates":[[112.2775951,22.8912926],[112.2774443,22.8913167],[112.2769908,22.8914256],[112.27659,22.8915109],[112.2762937,22.8916199],[112.2706613,22.89419],[112.2672537,22.8957086],[112.2639492,22.8979845],[112.2635512,22.8981717],[112.2631332,22.898309],[112.2628704,22.8983843],[112.2623169,22.8984848],[112.2616939,22.8985367],[112.260793,22.898542],[112.2573437,22.8981566],[112.2563696,22.8982268],[112.2554876,22.8984876],[112.2536043,22.8993408],[112.2521486,22.8999684],[112.2513163,22.900154],[112.2505706,22.9001689],[112.2490791,22.9000742],[112.2484571,22.9001145],[112.2478239,22.9002521],[112.247164,22.9005091],[112.2466546,22.9007816],[112.2461555,22.9011219],[112.2454959,22.9018391],[112.2447072,22.9030836],[112.2444069,22.9038553],[112.2441814,22.9050948],[112.243951,22.9058813],[112.2435785,22.9065743]]}},{"type":"Feature","properties":{"osm_id":1097191887,"name":"","gauge":"","electrified":""},"geometry":{"type":"LineString","coordinates":[[113.5454614,34.899195],[113.5458434,34.8987116],[113.5460524,34.8984199],[113.5518895,34.8897787],[113.5519612,34.8896687],[113.5524073,34.8890008],[113.5527037,34.8885555],[113.5528067,34.8884045],[113.5532143,34.887711]]}},{"type":"Feature","properties":{"osm_id":1097191890,"name":"","gauge":"","electrified":""},"geometry":{"type":"LineString","coordinates":[[113.5454098,34.8994101],[113.5456438,34.8991773],[113.545859,34.8989802],[113.5460992,34.8987628],[113.5462615,34.8985939],[113.5464174,34.8983866],[113.5479586,34.8960838],[113.5514371,34.8909533],[113.5516087,34.8906615],[113.5517927,34.8903033],[113.5520673,34.8897301]]}},{"type":"Feature","properties":{"osm_id":1097191891,"name":"","gauge":"","electrified":""},"geometry":{"type":"LineString","coordinates":[[113.545859,34.8989802],[113.5461148,34.8986988],[113.5462895,34.8984762],[113.5515276,34.8907204],[113.5517927,34.8903033]]}},{"type":"Feature","properties":{"osm_id":1097191896,"name":"","gauge":"","electrified":""},"geometry":{"type":"LineString","coordinates":[[113.5519612,34.8896687],[113.5523636,34.8889777]]}},{"type":"Feature","properties":{"osm_id":1097191899,"name":"","gauge":"","electrified":""},"geometry":{"type":"LineString","coordinates":[[113.5523166,34.8894432],[113.5524565,34.8891346],[113.5525815,34.8888962],[113.5527733,34.8886101]]}},{"type":"Feature","properties":{"osm_id":1097191900,"name":"","gauge":"","electrified":""},"geometry":{"type":"LineString","coordinates":[[113.552002,34.8893795],[113.5526801,34.8885018]]}},{"type":"Feature","properties":{"osm_id":1097191901,"name":"","gauge":"","electrified":""},"geometry":{"type":"LineString","coordinates":[[113.5527689,34.8883687],[113.553325,34.8874046]]}},{"type":"Feature","properties":{"osm_id":1097191903,"name":"","gauge":"","electrified":""},"geometry":{"type":"LineString","coordinates":[[113.5535312,34.8872456],[113.5541255,34.8864968],[113.5542026,34.8863945],[113.5548051,34.8855522],[113.5551553,34.885092],[113.555648,34.8845029],[113.5566838,34.8832685]]}},{"type":"Feature","properties":{"osm_id":152027814,"name":"京广线","gauge":"","electrified":""},"geometry":{"type":"LineString","coordinates":[[113.6317874,34.7836872],[113.6324754,34.7826249],[113.6325483,34.7825142],[113.6384749,34.7734422]]}},{"type":"Feature","properties":{"osm_id":152027819,"name":"京广线","gauge":"","electrified":""},"geometry":{"type":"LineString","coordinates":[[113.6387218,34.7730568],[113.6394036,34.7720102],[113.639507,34.771852],[113.6399498,34.7711747],[113.6405144,34.770289],[113.6432967,34.7660354],[113.6442387,34.7645592]]}},{"type":"Feature","properties":{"osm_id":301688107,"name":"","gauge":"","electrified":""},"geometry":{"type":"LineString","coordinates":[[113.5931367,34.8565777],[113.5914415,34.8561052],[113.5912065,34.8560392],[113.5909343,34.8559575],[113.5897963,34.8556416],[113.5889074,34.8554929],[113.5880298,34.8554976],[113.5876455,34.8555062],[113.5874071,34.8555115],[113.5864446,34.8557252],[113.5854254,34.856148],[113.584361,34.8568356],[113.5837722,34.8574164],[113.5832324,34.8580619]]}},{"type":"Feature","properties":{"osm_id":675666011,"name":"京广线","gauge":"","electrified":""},"geometry":{"type":"LineString","coordinates":[[113.6441901,34.7645403],[113.6432353,34.7660188],[113.6400108,34.7709634],[113.6398957,34.7711471],[113.639454,34.7718326],[113.6393536,34.7719884],[113.6386719,34.7730386]]}},{"type":"Feature","properties":{"osm_id":675696432,"name":"","gauge":"","electrified":""},"geometry":{"type":"LineString","coordinates":[[113.6247492,34.7942567],[113.6244731,34.7946803]]}},{"type":"Feature","properties":{"osm_id":675696433,"name":"","gauge":"","electrified":""},"geometry":{"type":"LineString","coordinates":[[113.638617,34.7730183],[113.6383702,34.7734059]]}},{"type":"Feature","properties":{"osm_id":675696435,"name":"","gauge":"","electrified":""},"geometry":{"type":"LineString","coordinates":[[113.6316763,34.7836361],[113.6313973,34.7840723]]}},{"type":"Feature","properties":{"osm_id":675696436,"name":"","gauge":"","electrified":""},"geometry":{"type":"LineString","coordinates":[[113.6313973,34.7840723],[113.6310384,34.7846099],[113.6308511,34.7848858],[113.6303416,34.7856289],[113.6294967,34.7869184],[113.6270226,34.7906872],[113.6266181,34.7913272],[113.6263064,34.7917868],[113.6259672,34.792208],[113.6257439,34.792439],[113.6254984,34.7926474],[113.6252227,34.7928081],[113.6249855,34.7929123],[113.6246849,34.7929938],[113.6244009,34.7930527],[113.6240727,34.7930799],[113.6237584,34.7930573],[113.6234605,34.7930029],[113.6232372,34.792935],[113.6229807,34.7928353],[113.6224402,34.7925975]]}},{"type":"Feature","properties":{"osm_id":675696438,"name":"京广线","gauge":"","electrified":""},"geometry":{"type":"LineString","coordinates":[[113.6384219,34.7734238],[113.6381653,34.7738203],[113.6319578,34.7833144],[113.6317282,34.7836615]]}},{"type":"Feature","properties":{"osm_id":675696448,"name":"京广线","gauge":"","electrified":""},"geometry":{"type":"LineString","coordinates":[[113.5980823,34.8328935],[113.5980574,34.8329665],[113.5969323,34.8364204],[113.5967767,34.8367991],[113.5965897,34.8372177],[113.5963547,34.8376577],[113.5960811,34.8381453],[113.5956152,34.838891],[113.5911072,34.8458025],[113.5909348,34.8460691],[113.5892796,34.848611],[113.5888544,34.8492512],[113.5825471,34.8589043],[113.5824563,34.8590458],[113.5814637,34.8605607],[113.5809313,34.8613557],[113.5790178,34.8638424],[113.5785616,34.8643108]]}},{"type":"Feature","properties":{"osm_id":899117252,"name":"京广线","gauge":"","electrified":""},"geometry":{"type":"LineString","coordinates":[[113.5472606,34.8965338],[113.5523636,34.8889777],[113.5526801,34.8885018],[113.5527689,34.8883687],[113.5532143,34.887711],[113.5532906,34.8875984],[113.5535312,34.8872456],[113.5544323,34.8859144],[113.5547782,34.8854379],[113.5554573,34.8845643],[113.5559896,34.8839295],[113.556396,34.8834659],[113.5570458,34.8827567],[113.5575219,34.8822613],[113.5581103,34.8817353]]}},{"type":"Feature","properties":{"osm_id":675660102,"name":"","gauge":"","electrified":""},"geometry":{"type":"LineString","coordinates":[[113.5284547,34.7802115],[113.5290576,34.7801378],[113.5295852,34.7800377],[113.5303154,34.7798614],[113.5317443,34.7795024],[113.5325823,34.7792934],[113.5391964,34.7776357],[113.5400866,34.7773439]]}},{"type":"Feature","properties":{"osm_id":963768069,"name":"京广线","gauge":"","electrified":""},"geometry":{"type":"LineString","coordinates":[[113.5386006,34.9103699],[113.5404407,34.907066],[113.5412172,34.905658],[113.5416602,34.9048758],[113.5420982,34.9041888],[113.5445813,34.9004955],[113.5446396,34.900407],[113.5448571,34.9000882],[113.5451347,34.8996813],[113.5454614,34.899195],[113.5472606,34.8965338]]}},{"type":"Feature","properties":{"osm_id":861022688,"name":"","gauge":"","electrified":""},"geometry":{"type":"LineString","coordinates":[[113.5725647,34.799937],[113.573157,34.8006802],[113.5784893,34.8067142],[113.579121,34.8073585]]}},{"type":"Feature","properties":{"osm_id":1097198127,"name":"","gauge":"","electrified":""},"geometry":{"type":"LineString","coordinates":[[113.5432798,34.7764517],[113.5424798,34.7766032]]}},{"type":"Feature","properties":{"osm_id":1097198128,"name":"","gauge":"","electrified":""},"geometry":{"type":"LineString","coordinates":[[113.5421883,34.7766769],[113.5413157,34.7768505]]}},{"type":"Feature","properties":{"osm_id":1097198129,"name":"","gauge":"","electrified":""},"geometry":{"type":"LineString","coordinates":[[113.5312038,34.7794806],[113.5299637,34.7797968]]}},{"type":"Feature","properties":{"osm_id":1097198130,"name":"","gauge":"","electrified":""},"geometry":{"type":"LineString","coordinates":[[113.5392143,34.7775639],[113.5400952,34.7774177],[113.5406663,34.7773307]]}},{"type":"Feature","properties":{"osm_id":1097198131,"name":"","gauge":"","electrified":""},"geometry":{"type":"LineString","coordinates":[[113.5391964,34.7776357],[113.5400952,34.7774177]]}},{"type":"Feature","properties":{"osm_id":1097198132,"name":"","gauge":"","electrified":""},"geometry":{"type":"LineString","coordinates":[[113.5406663,34.7773307],[113.5326076,34.7793506],[113.5317699,34.7795699],[113.5312851,34.7797387],[113.530963,34.7798824],[113.5307513,34.7799958],[113.5303867,34.7801867],[113.5298432,34.7804716],[113.5293403,34.7807447],[113.5290888,34.7809061],[113.5288835,34.7810604],[113.5286581,34.7812646],[113.5257876,34.7840044]]}},{"type":"Feature","properties":{"osm_id":1097198139,"name":"","gauge":"","electrified":""},"geometry":{"type":"LineString","coordinates":[[113.5257392,34.7808047],[113.5248715,34.7809759]]}},{"type":"Feature","properties":{"osm_id":43324343,"name":"京广线","gauge":"","electrified":""},"geometry":{"type":"LineString","coordinates":[[113.5471822,34.8965072],[113.5519053,34.8895279],[113.552002,34.8893795],[113.553325,34.8874046],[113.5538306,34.8866479],[113.5546044,34.8855222],[113.5549096,34.8851005],[113.5552494,34.8846414],[113.5555721,34.8842378],[113.5558824,34.8838752],[113.5562969,34.8833967],[113.5569298,34.8827494],[113.5574619,34.8822217],[113.5580564,34.8816939]]}},{"type":"Feature","properties":{"osm_id":202395034,"name":"瓦日铁路","gauge":"","electrified":""},"geometry":{"type":"LineString","coordinates":[[118.4854416,35.8837102],[118.4849524,35.884817],[118.4844696,35.885834],[118.4837465,35.8871514]]}},{"type":"Feature","properties":{"osm_id":99942072,"name":"通让线","gauge":"","electrified":""},"geometry":{"type":"LineString","coordinates":[[124.0539614,45.308627],[124.0524466,45.3068395],[124.0518109,45.3060587],[124.0511727,45.3051419],[124.0507644,45.3045108],[124.0504085,45.3038743],[124.0499739,45.302963],[124.0494593,45.3016569],[124.0490498,45.3001623],[124.0488347,45.2988343],[124.048759,45.2972245],[124.0487277,45.29542],[124.0486693,45.2927948],[124.0486626,45.2918935]]}},{"type":"Feature","properties":{"osm_id":1363510135,"name":"通让线","gauge":"","electrified":""},"geometry":{"type":"LineString","coordinates":[[124.0486254,45.2894001],[124.0485921,45.2881639],[124.048525,45.2857735],[124.0484853,45.2851186],[124.0483571,45.2840662],[124.0482778,45.2835959],[124.0480423,45.2827651],[124.0477264,45.2820119],[124.0472798,45.281022]]}},{"type":"Feature","properties":{"osm_id":1363510136,"name":"通让线","gauge":"","electrified":""},"geometry":{"type":"LineString","coordinates":[[124.0486626,45.2918935],[124.0486254,45.2894001]]}},{"type":"Feature","properties":{"osm_id":861277681,"name":"南北出发线","gauge":"","electrified":""},"geometry":{"type":"LineString","coordinates":[[113.6383439,34.7636886],[113.6387464,34.7636007],[113.6392496,34.7635586],[113.639776,34.7635888],[113.6401915,34.7636611],[113.6405383,34.7637522],[113.64101,34.7639144],[113.6413903,34.7641311],[113.6415938,34.7642935],[113.6417799,34.7644546],[113.6419558,34.7646174],[113.6420701,34.7647731],[113.6422088,34.7649739],[113.6423314,34.7651683],[113.642438,34.7653841],[113.6425219,34.7656479],[113.6425701,34.7659152],[113.6426004,34.7661782],[113.6425808,34.7664374],[113.6425322,34.766717],[113.6424762,34.7669442],[113.6423684,34.7672007],[113.6421731,34.7675281],[113.6404269,34.7702353],[113.6400108,34.7709634]]}},{"type":"Feature","properties":{"osm_id":902514129,"name":"京广线","gauge":"","electrified":""},"geometry":{"type":"LineString","coordinates":[[113.5786017,34.8643374],[113.5790634,34.8638622],[113.5809881,34.8613711],[113.5819588,34.859893],[113.5820789,34.8597233],[113.5825408,34.8590142]]}},{"type":"Feature","properties":{"osm_id":1097168891,"name":"","gauge":"","electrified":""},"geometry":{"type":"LineString","coordinates":[[113.6270226,34.7906872],[113.6267421,34.7910485],[113.6265408,34.7912818],[113.6263147,34.7914562],[113.6260555,34.7916079],[113.6257742,34.7917234],[113.6254598,34.7918094],[113.6251537,34.7918638],[113.6248394,34.7918774],[113.624547,34.791857],[113.6242796,34.7918072]]}},{"type":"Feature","properties":{"osm_id":1097168894,"name":"","gauge":"","electrified":""},"geometry":{"type":"LineString","coordinates":[[113.6303416,34.7856289],[113.6300728,34.7859744],[113.6298553,34.7862084],[113.6296316,34.7863896],[113.6293252,34.7865758],[113.6290066,34.7867217],[113.6286634,34.7868325],[113.628308,34.7868954],[113.6278974,34.7869231],[113.6275266,34.786908],[113.6272049,34.7868601],[113.6268771,34.7867821],[113.6264787,34.7866261],[113.6249958,34.7860046]]}},{"type":"Feature","properties":{"osm_id":1097168895,"name":"","gauge":"","electrified":""},"geometry":{"type":"LineString","coordinates":[[113.6308511,34.7848858],[113.6310778,34.784462],[113.6313352,34.7840493]]}},{"type":"Feature","properties":{"osm_id":1097168896,"name":"","gauge":"","electrified":""},"geometry":{"type":"LineString","coordinates":[[113.6313352,34.7840493],[113.6316631,34.7835334]]}},{"type":"Feature","properties":{"osm_id":1097168898,"name":"","gauge":"","electrified":""},"geometry":{"type":"LineString","coordinates":[[113.6314492,34.7840926],[113.6310384,34.7846099]]}},{"type":"Feature","properties":{"osm_id":1097168900,"name":"","gauge":"","electrified":""},"geometry":{"type":"LineString","coordinates":[[113.6381122,34.7737904],[113.6378765,34.7740953],[113.6376347,34.7744102],[113.637172,34.7750167],[113.632242,34.7825743],[113.6320061,34.7829593],[113.6317793,34.7834123],[113.6316763,34.7836361]]}},{"type":"Feature","properties":{"osm_id":1097168902,"name":"","gauge":"","electrified":""},"geometry":{"type":"LineString","coordinates":[[113.6376347,34.7744102],[113.6372271,34.7748657],[113.6370494,34.7751073],[113.6323676,34.7822798],[113.632193,34.7825743],[113.6320061,34.7829593]]}},{"type":"Feature","properties":{"osm_id":1097168904,"name":"","gauge":"","electrified":""},"geometry":{"type":"LineString","coordinates":[[113.6319578,34.7833144],[113.6324754,34.7826249]]}},{"type":"Feature","properties":{"osm_id":1097168905,"name":"","gauge":"","electrified":""},"geometry":{"type":"LineString","coordinates":[[113.6325483,34.7825142],[113.6330264,34.7818822],[113.633247,34.7815626],[113.6334982,34.7811876],[113.6380973,34.7741384],[113.6381647,34.7740377],[113.6385385,34.7734664]]}},{"type":"Feature","properties":{"osm_id":1097168906,"name":"","gauge":"","electrified":""},"geometry":{"type":"LineString","coordinates":[[113.6387846,34.7730904],[113.6388664,34.7729655],[113.6395098,34.7719903],[113.6395282,34.7719563]]}},{"type":"Feature","properties":{"osm_id":1097168907,"name":"","gauge":"","electrified":""},"geometry":{"type":"LineString","coordinates":[[113.6385385,34.7734664],[113.6387846,34.7730904]]}},{"type":"Feature","properties":{"osm_id":1097168908,"name":"","gauge":"","electrified":""},"geometry":{"type":"LineString","coordinates":[[113.6395098,34.7719903],[113.6392739,34.7724269],[113.6390318,34.7728095]]}},{"type":"Feature","properties":{"osm_id":1097168909,"name":"","gauge":"","electrified":""},"geometry":{"type":"LineString","coordinates":[[113.6404269,34.7702353],[113.6388379,34.7726795],[113.638617,34.7730183]]}},{"type":"Feature","properties":{"osm_id":1097168911,"name":"","gauge":"","electrified":""},"geometry":{"type":"LineString","coordinates":[[113.6388664,34.7729655],[113.6394036,34.7720102]]}},{"type":"Feature","properties":{"osm_id":1097168912,"name":"","gauge":"","electrified":""},"geometry":{"type":"LineString","coordinates":[[113.639454,34.7718326],[113.6399498,34.7711747]]}},{"type":"Feature","properties":{"osm_id":1097168913,"name":"","gauge":"","electrified":""},"geometry":{"type":"LineString","coordinates":[[113.6398957,34.7711471],[113.639507,34.771852]]}},{"type":"Feature","properties":{"osm_id":1097168915,"name":"","gauge":"","electrified":""},"geometry":{"type":"LineString","coordinates":[[113.637699,34.7748531],[113.6380973,34.7741384]]}},{"type":"Feature","properties":{"osm_id":1097168918,"name":"","gauge":"","electrified":""},"geometry":{"type":"LineString","coordinates":[[113.6388327,34.7731115],[113.6389614,34.7729479],[113.6390839,34.772817]]}},{"type":"Feature","properties":{"osm_id":1097168919,"name":"","gauge":"","electrified":""},"geometry":{"type":"LineString","coordinates":[[113.6385876,34.7734865],[113.6388327,34.7731115]]}},{"type":"Feature","properties":{"osm_id":1097171902,"name":"","gauge":"","electrified":""},"geometry":{"type":"LineString","coordinates":[[113.5820789,34.8597233],[113.5824563,34.8590458]]}},{"type":"Feature","properties":{"osm_id":1097171908,"name":"","gauge":"","electrified":""},"geometry":{"type":"LineString","coordinates":[[113.5807017,34.8619379],[113.5831371,34.8582062]]}},{"type":"Feature","properties":{"osm_id":1347249040,"name":"","gauge":"","electrified":""},"geometry":{"type":"LineString","coordinates":[[120.3113636,36.0726045],[120.3113762,36.0726131],[120.3113929,36.0726245],[120.3116848,36.0728009],[120.3118812,36.0729148]]}},{"type":"Feature","properties":{"osm_id":837653936,"name":"武九线","gauge":"","electrified":""},"geometry":{"type":"LineString","coordinates":[[114.434761,30.6211268],[114.4347498,30.6211653],[114.4346085,30.6216159],[114.4336581,30.6248122],[114.4332772,30.6260954],[114.4331782,30.6264767],[114.4331123,30.6266402],[114.4330465,30.6267821],[114.4329084,30.6270256],[114.4327515,30.627261],[114.4325338,30.6275143],[114.4323753,30.627646],[114.4322553,30.6277457],[114.4318568,30.6280188],[114.431071,30.6285275],[114.4302457,30.6290731],[114.42995,30.6293036],[114.4297045,30.6295401],[114.4294574,30.6298412],[114.4293045,30.6301039],[114.4291806,30.6303965],[114.4291067,30.6305559],[114.429,30.6309207],[114.4289358,30.631165]]}},{"type":"Feature","properties":{"osm_id":1187774607,"name":"汉西联络线","gauge":"","electrified":""},"geometry":{"type":"LineString","coordinates":[[114.2216421,30.6099783],[114.2214847,30.6096214],[114.2206988,30.6083032],[114.2204615,30.6078947],[114.2200711,30.6072228],[114.2198485,30.6067658],[114.2196795,30.6062602],[114.2195883,30.6057615],[114.2195669,30.6053137],[114.2195746,30.604773]]}},{"type":"Feature","properties":{"osm_id":1187774609,"name":"汉西联络线","gauge":"","electrified":""},"geometry":{"type":"LineString","coordinates":[[114.2212582,30.614256],[114.2212969,30.6142012],[114.2214954,30.6138273],[114.2215238,30.6137583]]}},{"type":"Feature","properties":{"osm_id":1316861555,"name":"汉西联络线","gauge":"","electrified":""},"geometry":{"type":"LineString","coordinates":[[114.2217189,30.6133318],[114.2217663,30.6131694],[114.2218602,30.6127954],[114.2219862,30.6117243],[114.2219433,30.6111449],[114.2218307,30.6105309],[114.2218121,30.6104704]]}},{"type":"Feature","properties":{"osm_id":1316861556,"name":"汉西联络线","gauge":"","electrified":""},"geometry":{"type":"LineString","coordinates":[[114.221683,30.610071],[114.2216421,30.6099783]]}},{"type":"Feature","properties":{"osm_id":1316861559,"name":"汉西联络线","gauge":"","electrified":""},"geometry":{"type":"LineString","coordinates":[[114.2218121,30.6104704],[114.2217046,30.61012],[114.221683,30.610071]]}},{"type":"Feature","properties":{"osm_id":1316861560,"name":"汉西联络线","gauge":"","electrified":""},"geometry":{"type":"LineString","coordinates":[[114.2130051,30.6181734],[114.2172548,30.6168835],[114.2180353,30.6166596],[114.2184913,30.6164911],[114.2192048,30.6161633],[114.2196313,30.6159002],[114.2200953,30.6155678],[114.2205754,30.61512],[114.2209003,30.6147565],[114.2209329,30.6147203]]}},{"type":"Feature","properties":{"osm_id":1316861561,"name":"","gauge":"","electrified":""},"geometry":{"type":"LineString","coordinates":[[114.2200589,30.6069873],[114.2202068,30.6072605],[114.2204615,30.6078947]]}},{"type":"Feature","properties":{"osm_id":1332138012,"name":"","gauge":"","electrified":""},"geometry":{"type":"LineString","coordinates":[[121.3203911,31.1868448],[121.3203587,31.187337],[121.3203034,31.1881419],[121.3202199,31.1895133],[121.3201823,31.1901317],[121.3201526,31.1906713],[121.3201432,31.1908426],[121.3200826,31.1921449],[121.3200704,31.1927884],[121.3200903,31.1935007],[121.3201351,31.1941183],[121.3201536,31.1948439],[121.3200099,31.1973739]]}},{"type":"Feature","properties":{"osm_id":868350815,"name":"孟宝线","gauge":"","electrified":""},"geometry":{"type":"LineString","coordinates":[[113.0487898,33.8515331],[113.0496727,33.8509428],[113.0519772,33.8493659],[113.0539821,33.8480369],[113.0563125,33.8464932],[113.0572744,33.845858],[113.0598331,33.8441621],[113.0604524,33.8437542],[113.0611114,33.8433307],[113.0654103,33.840429],[113.0670815,33.8393366],[113.068294,33.8385817],[113.069034,33.8381156],[113.0699304,33.8375581],[113.0707214,33.8370709],[113.0716714,33.8365454],[113.0722483,33.836252],[113.0729378,33.8359233],[113.0750623,33.8350773],[113.0762802,33.8346205],[113.076935,33.8343906],[113.077655,33.8341726],[113.0782371,33.8340081],[113.078855,33.8338561],[113.0791984,33.8337698],[113.0795271,33.8336926],[113.0799514,33.8336004],[113.0810276,33.833378],[113.0823183,33.8331342],[113.0829011,33.8330216],[113.0848255,33.8326661],[113.0855407,33.8325318],[113.0859821,33.8324453],[113.0908259,33.8315588],[113.0961915,33.8305781],[113.1006972,33.829754],[113.1014819,33.8296094],[113.10182,33.8295403]]}},{"type":"Feature","properties":{"osm_id":1097127054,"name":"唐包线","gauge":"","electrified":""},"geometry":{"type":"LineString","coordinates":[[117.7472346,40.5888284],[117.7471894,40.589084],[117.7469776,40.5903938],[117.7468604,40.5911373],[117.746473,40.5935958],[117.746205,40.5952961],[117.7448639,40.6031806]]}},{"type":"Feature","properties":{"osm_id":1097127060,"name":"","gauge":"","electrified":""},"geometry":{"type":"LineString","coordinates":[[117.7462642,40.5962922],[117.7463194,40.5960456],[117.7463472,40.5959484]]}},{"type":"Feature","properties":{"osm_id":1097127063,"name":"唐包京承联线","gauge":"","electrified":""},"geometry":{"type":"LineString","coordinates":[[117.747691,40.5878446],[117.7476427,40.5880992],[117.7475864,40.5883538],[117.7475193,40.5886247],[117.7474281,40.5889333],[117.747357,40.5892347],[117.7472699,40.589681],[117.7466747,40.5934379],[117.7465637,40.5941386],[117.7465342,40.5943244],[117.7462073,40.5962702],[117.7461225,40.5967745],[117.7455202,40.600309]]}},{"type":"Feature","properties":{"osm_id":1097127064,"name":"","gauge":"","electrified":""},"geometry":{"type":"LineString","coordinates":[[117.7462642,40.5962922],[117.7463934,40.595497],[117.7464045,40.5954285],[117.7464581,40.595099],[117.7473342,40.5897073],[117.7474308,40.5892286],[117.7474952,40.5889526],[117.7475944,40.5886226],[117.7476615,40.5883578],[117.7477097,40.5881236],[117.7477419,40.5879617],[117.7478696,40.5872692]]}},{"type":"Feature","properties":{"osm_id":1097127065,"name":"唐包线","gauge":"","electrified":""},"geometry":{"type":"LineString","coordinates":[[117.7547841,40.5719175],[117.7547529,40.5719728],[117.7542279,40.5729878],[117.748961,40.5826391],[117.748733,40.5830877],[117.748556,40.5834539],[117.7483588,40.5839071],[117.7481925,40.5843685],[117.7480531,40.5848289],[117.7479149,40.5853865],[117.7477996,40.5859151],[117.747629,40.586795],[117.7472346,40.5888284]]}},{"type":"Feature","properties":{"osm_id":1097127067,"name":"","gauge":"","electrified":""},"geometry":{"type":"LineString","coordinates":[[117.7458255,40.5989915],[117.7462642,40.5962922]]}},{"type":"Feature","properties":{"osm_id":1097127072,"name":"","gauge":"","electrified":""},"geometry":{"type":"LineString","coordinates":[[117.7470003,40.5910006],[117.7470566,40.590632],[117.747113,40.5903091],[117.7471881,40.5899018],[117.747374,40.5888401],[117.7477495,40.5868053],[117.7479196,40.5859248],[117.7480316,40.5854053],[117.7481724,40.5848523],[117.7483012,40.5843929],[117.7484742,40.5839336],[117.7486713,40.5834844],[117.748843,40.5831198],[117.7490643,40.5826676],[117.7543379,40.5730252],[117.7550496,40.571691]]}},{"type":"Feature","properties":{"osm_id":1097127075,"name":"","gauge":"","electrified":""},"geometry":{"type":"LineString","coordinates":[[117.7463472,40.5959484],[117.7464095,40.5958083],[117.7464578,40.595708],[117.7465121,40.595594],[117.7466087,40.5953908],[117.7468729,40.5947605]]}},{"type":"Feature","properties":{"osm_id":1097127076,"name":"","gauge":"","electrified":""},"geometry":{"type":"LineString","coordinates":[[117.7463472,40.5959484],[117.7463686,40.5958837],[117.7464411,40.5956943],[117.7465162,40.5954723],[117.7468005,40.5947075]]}},{"type":"Feature","properties":{"osm_id":1097127081,"name":"","gauge":"","electrified":""},"geometry":{"type":"LineString","coordinates":[[117.7749777,40.6317016],[117.7767339,40.631542]]}},{"type":"Feature","properties":{"osm_id":1097127082,"name":"唐包京承联线","gauge":"","electrified":""},"geometry":{"type":"LineString","coordinates":[[117.7455202,40.600309],[117.745,40.6031854]]}},{"type":"Feature","properties":{"osm_id":654211562,"name":"申楼西线","gauge":"","electrified":""},"geometry":{"type":"LineString","coordinates":[[113.1018299,33.8296214],[113.101524,33.8296854],[113.1010317,33.8297674],[113.0998248,33.8299864],[113.0947198,33.8309239],[113.0909121,33.8316135],[113.0878137,33.8321888],[113.0855166,33.8326057],[113.0828732,33.8330921],[113.0808281,33.8334962],[113.0803674,33.8335991],[113.0799976,33.8336838],[113.0795089,33.833797],[113.0790809,33.8339039],[113.078741,33.8339954],[113.0780817,33.8341829],[113.0777355,33.8342868],[113.0771896,33.8344505],[113.0765284,33.8346719],[113.0760668,33.8348321],[113.0751831,33.8351568],[113.0744913,33.8354341],[113.073865,33.8356913],[113.0733395,33.8359276],[113.0724485,33.8363427],[113.0719167,33.8366049],[113.071131,33.8370317],[113.0707113,33.8372554],[113.0702566,33.8375105],[113.0700281,33.8376444],[113.0690127,33.8382698],[113.0683791,33.8386821],[113.0671642,33.8394783],[113.0668575,33.8396987]]}},{"type":"Feature","properties":{"osm_id":1328507317,"name":"市域铁机场联络线","gauge":"","electrified":""},"geometry":{"type":"LineString","coordinates":[[121.3200084,31.1948389],[121.320012,31.1944923],[121.3199919,31.193425],[121.3200152,31.1921135],[121.3200523,31.1913806],[121.3200809,31.1908156],[121.3200884,31.1906674],[121.3201142,31.1901574],[121.3201371,31.1897029],[121.3202424,31.1881656],[121.320343,31.1868472]]}},{"type":"Feature","properties":{"osm_id":1332138009,"name":"","gauge":"","electrified":""},"geometry":{"type":"LineString","coordinates":[[121.3198619,31.1920474],[121.3197727,31.1926155],[121.3197052,31.1930732],[121.3196351,31.1936533],[121.3195966,31.1941193],[121.3195598,31.1948221],[121.3194242,31.1973551]]}},{"type":"Feature","properties":{"osm_id":1332138011,"name":"","gauge":"","electrified":""},"geometry":{"type":"LineString","coordinates":[[121.3202208,31.1868368],[121.3201833,31.1873427],[121.3201269,31.1881362],[121.3200268,31.1896155],[121.3199823,31.1902862],[121.3199194,31.191103],[121.3198704,31.1919081],[121.3198619,31.1920474],[121.3197998,31.1928848],[121.319718,31.1948287],[121.3195695,31.1973616]]}},{"type":"Feature","properties":{"osm_id":1332138014,"name":"市域铁机场联络线","gauge":"","electrified":""},"geometry":{"type":"LineString","coordinates":[[121.3202831,31.1868511],[121.3201836,31.1881641],[121.3200113,31.1908283],[121.3200054,31.1909309],[121.3199861,31.1912692],[121.3199784,31.1914051],[121.3199626,31.1917125],[121.3198632,31.1948389],[121.319788,31.1961965]]}},{"type":"Feature","properties":{"osm_id":1332432229,"name":"市域铁机场联络线","gauge":"","electrified":""},"geometry":{"type":"LineString","coordinates":[[121.3200084,31.1948389],[121.3199325,31.1961988]]}},{"type":"Feature","properties":{"osm_id":1346522298,"name":"市域铁机场联络线","gauge":"","electrified":""},"geometry":{"type":"LineString","coordinates":[[121.3199325,31.1961988],[121.3198669,31.1973743]]}},{"type":"Feature","properties":{"osm_id":1346522299,"name":"市域铁机场联络线","gauge":"","electrified":""},"geometry":{"type":"LineString","coordinates":[[121.319788,31.1961965],[121.3197229,31.1973718]]}},{"type":"Feature","properties":{"osm_id":839436923,"name":"","gauge":"","electrified":""},"geometry":{"type":"LineString","coordinates":[[114.072618,30.6112616],[114.0623827,30.6148984],[114.0614976,30.615217],[114.0613077,30.615284],[114.0603914,30.6156078],[114.059038,30.616086]]}},{"type":"Feature","properties":{"osm_id":1307485161,"name":"","gauge":"","electrified":""},"geometry":{"type":"LineString","coordinates":[[111.0422169,25.9589023],[111.0414269,25.9586131],[111.040326,25.9581231],[111.0345085,25.9557116],[111.0320652,25.9547645],[111.0313768,25.9544578]]}},{"type":"Feature","properties":{"osm_id":1307485162,"name":"","gauge":"","electrified":""},"geometry":{"type":"LineString","coordinates":[[111.0315324,25.954459],[111.0321844,25.9546689],[111.0345395,25.9556002],[111.0406491,25.9581228],[111.0416818,25.9586085]]}},{"type":"Feature","properties":{"osm_id":1307489486,"name":"","gauge":"","electrified":""},"geometry":{"type":"LineString","coordinates":[[110.8049103,25.8538826],[110.8055332,25.8547381],[110.8100267,25.8601901],[110.8109442,25.8611499]]}},{"type":"Feature","properties":{"osm_id":839436926,"name":"","gauge":"","electrified":""},"geometry":{"type":"LineString","coordinates":[[114.0602537,30.6157153],[114.0613077,30.615284]]}},{"type":"Feature","properties":{"osm_id":842860801,"name":"","gauge":"","electrified":""},"geometry":{"type":"LineString","coordinates":[[114.0743239,30.6106037],[114.0735578,30.6108785],[114.0731739,30.6110153],[114.0725925,30.6112223],[114.0624933,30.6148084],[114.062158,30.6149238],[114.061986,30.6149946],[114.0619113,30.6150254],[114.0614976,30.615217]]}},{"type":"Feature","properties":{"osm_id":842860803,"name":"","gauge":"","electrified":""},"geometry":{"type":"LineString","coordinates":[[114.0576224,30.6151292],[114.0572985,30.615641],[114.0570833,30.615981]]}},{"type":"Feature","properties":{"osm_id":1314981132,"name":"","gauge":"","electrified":""},"geometry":{"type":"LineString","coordinates":[[114.1393395,30.6082148],[114.1390872,30.6082531],[114.1387332,30.6082531],[114.138363,30.6082496],[114.1371038,30.6080511],[114.1355813,30.6078139]]}},{"type":"Feature","properties":{"osm_id":1314981133,"name":"","gauge":"","electrified":""},"geometry":{"type":"LineString","coordinates":[[114.0603914,30.6156078],[114.0607505,30.6154526],[114.0608462,30.6153977],[114.0610724,30.6152679],[114.0613245,30.6150925],[114.0616437,30.6149032],[114.0618744,30.6147785],[114.0621265,30.6146862],[114.0718634,30.6112165],[114.0720934,30.6111434],[114.0724355,30.6110695],[114.0728295,30.611006],[114.0729843,30.610981],[114.0732197,30.6109446],[114.0735578,30.6108785]]}},{"type":"Feature","properties":{"osm_id":1314981134,"name":"","gauge":"","electrified":""},"geometry":{"type":"LineString","coordinates":[[114.0610724,30.6152679],[114.0616649,30.6149369],[114.0620595,30.6147661],[114.0623631,30.6146455],[114.0719176,30.6112502],[114.0722118,30.6111618],[114.0728295,30.611006]]}},{"type":"Feature","properties":{"osm_id":1314981135,"name":"","gauge":"","electrified":""},"geometry":{"type":"LineString","coordinates":[[114.0608462,30.6153977],[114.0612298,30.6152302],[114.0616589,30.6150428],[114.0623028,30.6147591],[114.0626171,30.6146477],[114.0720554,30.6112931],[114.0725516,30.6111292],[114.0726257,30.6111088],[114.0732197,30.6109446]]}},{"type":"Feature","properties":{"osm_id":1314981136,"name":"","gauge":"","electrified":""},"geometry":{"type":"LineString","coordinates":[[114.0731739,30.6110153],[114.0726177,30.6111613],[114.0723045,30.6112709],[114.0626708,30.6146991],[114.0623858,30.6148098],[114.061986,30.6149946]]}},{"type":"Feature","properties":{"osm_id":1314981137,"name":"","gauge":"","electrified":""},"geometry":{"type":"LineString","coordinates":[[114.0612298,30.6152302],[114.0617328,30.6149567],[114.0622162,30.6147497],[114.0624894,30.6146492],[114.071905,30.6113071],[114.0722644,30.6112032],[114.0726257,30.6111088]]}},{"type":"Feature","properties":{"osm_id":1314981138,"name":"","gauge":"","electrified":""},"geometry":{"type":"LineString","coordinates":[[114.0572985,30.615641],[114.0575649,30.6153383],[114.0576458,30.6152464],[114.0581072,30.6148126],[114.0583979,30.6146079],[114.0589366,30.6143472],[114.0698073,30.6104726],[114.0702294,30.6103586],[114.0706762,30.6102817],[114.0710613,30.6102605],[114.0715913,30.6103002],[114.0719641,30.6103374],[114.0723317,30.6104109]]}},{"type":"Feature","properties":{"osm_id":1314981139,"name":"","gauge":"","electrified":""},"geometry":{"type":"LineString","coordinates":[[114.0719641,30.6103374],[114.0714967,30.6102512],[114.0709039,30.6102212],[114.0706062,30.610242],[114.0700671,30.6103436],[114.0699437,30.6103805],[114.0589072,30.6143037],[114.0586247,30.6144182],[114.0584099,30.6145448],[114.0582021,30.6146774],[114.0579616,30.6148724],[114.0577584,30.6150894],[114.0575649,30.6153383]]}},{"type":"Feature","properties":{"osm_id":1307489487,"name":"","gauge":"","electrified":""},"geometry":{"type":"LineString","coordinates":[[110.8049561,25.8538398],[110.8055809,25.8545185],[110.810032,25.8598798],[110.8109912,25.8611086]]}},{"type":"Feature","properties":{"osm_id":311750271,"name":"瓦日铁路","gauge":"","electrified":""},"geometry":{"type":"LineString","coordinates":[[114.3535083,35.8813272],[114.3531751,35.8813586]]}},{"type":"Feature","properties":{"osm_id":705581372,"name":"","gauge":"","electrified":""},"geometry":{"type":"LineString","coordinates":[[114.373114,35.8790417],[114.3746227,35.8789156],[114.3765686,35.8787429],[114.3808293,35.8782604],[114.3831307,35.8779811],[114.3855152,35.8776627],[114.3866779,35.8774976],[114.388589,35.8771357],[114.3891884,35.8770325],[114.3898027,35.876951],[114.3912444,35.8768434],[114.3917645,35.8768041],[114.3934317,35.8766782],[114.3936454,35.8766652],[114.3942892,35.8766259]]}},{"type":"Feature","properties":{"osm_id":705581374,"name":"瓦日铁路","gauge":"","electrified":""},"geometry":{"type":"LineString","coordinates":[[114.3788029,35.8786027],[114.3747863,35.8790591],[114.3697076,35.8796372],[114.3677482,35.8798578],[114.3619707,35.8805184],[114.3585013,35.8808813],[114.3535083,35.8813272]]}},{"type":"Feature","properties":{"osm_id":705638592,"name":"","gauge":"","electrified":""},"geometry":{"type":"LineString","coordinates":[[114.3304307,35.8685445],[114.3311723,35.869771],[114.3320574,35.8712903],[114.3338424,35.8743375],[114.3349233,35.8762283],[114.3354571,35.8771455],[114.3359855,35.8780235],[114.336412,35.8786125],[114.3367258,35.8789602],[114.3369752,35.8792253],[114.3372944,35.8795144],[114.3377262,35.8798534],[114.3381312,35.8801185],[114.3387803,35.8804967],[114.3392712,35.8807075],[114.3397996,35.8809205],[114.3403763,35.8811182],[114.340792,35.8812073],[114.3412587,35.8812899],[114.3419641,35.8813964],[114.3427715,35.881442],[114.3437692,35.8814094],[114.3515797,35.8809392],[114.3529987,35.8809031],[114.3532426,35.8808932]]}},{"type":"Feature","properties":{"osm_id":955901466,"name":"双雷线","gauge":"","electrified":""},"geometry":{"type":"LineString","coordinates":[[117.0233605,31.7894118],[117.0274528,31.7893617],[117.0322149,31.7893149],[117.034277,31.7892946],[117.0364318,31.7892824],[117.036928,31.7892796],[117.0380491,31.7892667],[117.0387976,31.789257],[117.0396711,31.7893339],[117.0405016,31.7894128],[117.0421795,31.7897102],[117.0435943,31.7902078],[117.0451534,31.7909563],[117.0484685,31.7928854]]}},{"type":"Feature","properties":{"osm_id":879956164,"name":"","gauge":"","electrified":""},"geometry":{"type":"LineString","coordinates":[[117.7821327,38.2832494],[117.7811403,38.2832571],[117.7809912,38.2832583],[117.7801184,38.283265],[117.7793138,38.2832713],[117.7790854,38.283273]]}},{"type":"Feature","properties":{"osm_id":879956167,"name":"","gauge":"","electrified":""},"geometry":{"type":"LineString","coordinates":[[117.781755,38.2831375],[117.7822606,38.2830996],[117.7825362,38.2830711],[117.7827997,38.2830364],[117.7830479,38.2829964],[117.7832417,38.2829525],[117.7835672,38.2828639],[117.7840019,38.2827396],[117.7842141,38.2826861],[117.7843941,38.2826483],[117.7846805,38.2825912]]}},{"type":"Feature","properties":{"osm_id":879956171,"name":"","gauge":"","electrified":""},"geometry":{"type":"LineString","coordinates":[[117.7811502,38.2833034],[117.7814154,38.2833092],[117.7816485,38.2833223],[117.7818695,38.2833324],[117.782146,38.2833388]]}},{"type":"Feature","properties":{"osm_id":879956175,"name":"","gauge":"","electrified":""},"geometry":{"type":"LineString","coordinates":[[117.7832854,38.2832401],[117.7829161,38.2832586],[117.7825272,38.2832866],[117.7823507,38.2832944]]}},{"type":"Feature","properties":{"osm_id":879956177,"name":"","gauge":"","electrified":""},"geometry":{"type":"LineString","coordinates":[[117.782145,38.2832963],[117.7818675,38.2833069],[117.7816485,38.2833223],[117.7814194,38.2833369],[117.7811536,38.2833464]]}},{"type":"Feature","properties":{"osm_id":879956178,"name":"","gauge":"","electrified":""},"geometry":{"type":"LineString","coordinates":[[117.7851475,38.2828031],[117.7845896,38.2829096],[117.7841334,38.2830063],[117.7839088,38.2830438],[117.7836916,38.2830785],[117.7833657,38.2831053]]}},{"type":"Feature","properties":{"osm_id":879956179,"name":"","gauge":"","electrified":""},"geometry":{"type":"LineString","coordinates":[[117.7835467,38.2832396],[117.7832854,38.2832401],[117.7823512,38.2832464],[117.7821327,38.2832494]]}},{"type":"Feature","properties":{"osm_id":879956181,"name":"","gauge":"","electrified":""},"geometry":{"type":"LineString","coordinates":[[117.7784018,38.2830773],[117.7777166,38.2830547],[117.777375,38.283041],[117.7771391,38.2830242],[117.7767683,38.2829913],[117.7764456,38.2829438],[117.7759856,38.2828501],[117.7690494,38.2812878]]}},{"type":"Feature","properties":{"osm_id":879956182,"name":"","gauge":"","electrified":""},"geometry":{"type":"LineString","coordinates":[[117.7849817,38.2831459],[117.7846649,38.2831703],[117.7842905,38.283196]]}},{"type":"Feature","properties":{"osm_id":879956183,"name":"","gauge":"","electrified":""},"geometry":{"type":"LineString","coordinates":[[117.7793119,38.2832271],[117.7796141,38.283237],[117.7797994,38.2832473],[117.7801184,38.283265],[117.780506,38.2832866],[117.7807643,38.283301],[117.7809899,38.2833046]]}},{"type":"Feature","properties":{"osm_id":879956184,"name":"","gauge":"","electrified":""},"geometry":{"type":"LineString","coordinates":[[117.7824573,38.2834865],[117.7829213,38.2834815],[117.7831511,38.2834817]]}},{"type":"Feature","properties":{"osm_id":879956186,"name":"","gauge":"","electrified":""},"geometry":{"type":"LineString","coordinates":[[117.7778055,38.283329],[117.7782051,38.2833255],[117.7797635,38.2833138],[117.7800116,38.2833119],[117.7809899,38.2833046],[117.7811502,38.2833034],[117.782145,38.2832963],[117.7823507,38.2832944],[117.7833652,38.2832868],[117.7841321,38.2832806],[117.7851158,38.2832739]]}},{"type":"Feature","properties":{"osm_id":879956187,"name":"","gauge":"","electrified":""},"geometry":{"type":"LineString","coordinates":[[117.7849303,38.2829951],[117.7842302,38.283092],[117.7836951,38.2831594],[117.7833786,38.2831847],[117.7827374,38.2832296],[117.7826046,38.283238],[117.7823512,38.2832464]]}},{"type":"Feature","properties":{"osm_id":879956188,"name":"","gauge":"","electrified":""},"geometry":{"type":"LineString","coordinates":[[117.7842905,38.283196],[117.7841753,38.2832078],[117.7839265,38.283221],[117.7835467,38.2832396]]}},{"type":"Feature","properties":{"osm_id":879956190,"name":"","gauge":"","electrified":""},"geometry":{"type":"LineString","coordinates":[[117.7848605,38.2831268],[117.7847088,38.2831472],[117.7845394,38.2831707],[117.7842905,38.283196]]}},{"type":"Feature","properties":{"osm_id":879956192,"name":"","gauge":"","electrified":""},"geometry":{"type":"LineString","coordinates":[[117.7856858,38.2831759],[117.785136,38.2832154],[117.7847855,38.2832405],[117.784593,38.283256],[117.7844287,38.2832693],[117.7841321,38.2832806]]}},{"type":"Feature","properties":{"osm_id":879956194,"name":"","gauge":"","electrified":""},"geometry":{"type":"LineString","coordinates":[[117.7833652,38.2832868],[117.7830306,38.2832995],[117.7826852,38.2833216],[117.7823559,38.2833366]]}},{"type":"Feature","properties":{"osm_id":879956196,"name":"","gauge":"","electrified":""},"geometry":{"type":"LineString","coordinates":[[117.7715758,38.2819986],[117.7733397,38.2823998],[117.7746881,38.2827064],[117.7752226,38.2828126],[117.7759176,38.2829488],[117.7765484,38.2830556],[117.7770601,38.2831279],[117.7774528,38.2831575],[117.7778792,38.2831848],[117.7783258,38.2831891],[117.7797058,38.2831796]]}},{"type":"Feature","properties":{"osm_id":879956197,"name":"","gauge":"","electrified":""},"geometry":{"type":"LineString","coordinates":[[117.780713,38.283128],[117.7815418,38.2830669],[117.7818382,38.2830438],[117.7821448,38.2830014],[117.7824519,38.2829499],[117.7827429,38.2828846],[117.783372,38.2827299],[117.7840639,38.2825709]]}},{"type":"Feature","properties":{"osm_id":879956198,"name":"","gauge":"","electrified":""},"geometry":{"type":"LineString","coordinates":[[117.7798306,38.2831784],[117.780167,38.2831639],[117.7804284,38.2831492],[117.780713,38.283128]]}},{"type":"Feature","properties":{"osm_id":879956199,"name":"","gauge":"","electrified":""},"geometry":{"type":"LineString","coordinates":[[117.7824175,38.2831257],[117.7828456,38.2831196],[117.7831038,38.2831173],[117.7833657,38.2831053]]}},{"type":"Feature","properties":{"osm_id":1315445871,"name":"","gauge":"","electrified":""},"geometry":{"type":"LineString","coordinates":[[113.9320586,30.6711561],[113.9317716,30.6696104],[113.931718,30.6693636],[113.9316697,30.6691675],[113.9316,30.6689829],[113.9314927,30.6687707],[113.9313927,30.668596]]}},{"type":"Feature","properties":{"osm_id":1315445884,"name":"","gauge":"","electrified":""},"geometry":{"type":"LineString","coordinates":[[113.9065899,30.6511297],[113.9085033,30.6517473],[113.9091688,30.6519142],[113.9096278,30.6520388],[113.917032,30.6543675],[113.9182056,30.6547366],[113.9184882,30.6548089],[113.9188008,30.6548708],[113.9193709,30.6550077]]}},{"type":"Feature","properties":{"osm_id":1315445885,"name":"","gauge":"","electrified":""},"geometry":{"type":"LineString","coordinates":[[113.9086061,30.6516638],[113.9094558,30.6518864],[113.90865,30.6515575]]}},{"type":"Feature","properties":{"osm_id":1036312839,"name":"瓦日铁路","gauge":"","electrified":""},"geometry":{"type":"LineString","coordinates":[[114.4317155,35.8741206],[114.4315378,35.8740245],[114.4312562,35.873893],[114.4308083,35.8736942],[114.4303925,35.8735398],[114.4300184,35.8734181],[114.4295758,35.8732943],[114.4291493,35.8731856],[114.4285619,35.873078],[114.4282427,35.8730291],[114.4276527,35.8729737],[114.4270143,35.8729476],[114.4266173,35.872953],[114.4258985,35.87299],[114.4252333,35.8730617],[114.4233799,35.8732682],[114.4230955,35.8733004],[114.422674,35.8733482],[114.4223846,35.8733811],[114.4209927,35.8735394],[114.4097055,35.8748497],[114.3966773,35.8763442],[114.3961492,35.8764066],[114.3955191,35.876481],[114.3945541,35.876595],[114.3942892,35.8766259],[114.3936889,35.8766961],[114.3912926,35.8769759],[114.3884951,35.877302],[114.3854119,35.8777388],[114.3812692,35.8783245],[114.3788029,35.8786027]]}},{"type":"Feature","properties":{"osm_id":1326233439,"name":"宁西线","gauge":"","electrified":""},"geometry":{"type":"LineString","coordinates":[[117.0662248,31.7891917],[117.059117,31.7883253],[117.0565581,31.788111],[117.0536243,31.7881402],[117.0528889,31.7881475],[117.0479375,31.7885123],[117.0434797,31.7888315],[117.0377237,31.789178],[117.0358124,31.7891883],[117.0348024,31.7891966],[117.0343559,31.7892016],[117.0335831,31.7892102],[117.0330601,31.789216],[117.0294155,31.7892567],[117.0265564,31.7892816],[117.0256535,31.7892932],[117.0164001,31.7894105],[117.0115775,31.7894197],[117.0043409,31.788494],[116.9967556,31.7875365],[116.9952106,31.7873951],[116.9932741,31.7874179],[116.9826364,31.7883344],[116.9760919,31.788909],[116.9750458,31.7890047],[116.9739085,31.7890184],[116.9722831,31.789064],[116.9703573,31.788991]]}},{"type":"Feature","properties":{"osm_id":243273948,"name":"宁西线","gauge":"","electrified":""},"geometry":{"type":"LineString","coordinates":[[116.9701615,31.7891803],[116.9711915,31.7892509],[116.9721417,31.7892645],[116.9734264,31.7892538],[116.9741081,31.7891926],[116.976504,31.7889926],[116.9884164,31.7878651],[116.994415,31.7874571],[116.9955934,31.7875042],[116.9968192,31.7876386],[117.0015343,31.7882111],[117.0115565,31.7894914],[117.0144984,31.7895059],[117.0277657,31.7893188],[117.0325847,31.7892621],[117.0326351,31.7892618],[117.0331231,31.7892593],[117.0348534,31.7892502],[117.0354146,31.7892473],[117.0357943,31.7892423],[117.0379955,31.7892131],[117.0482567,31.78862],[117.0530828,31.7882468],[117.0532413,31.7882345],[117.055516,31.7882013],[117.0579158,31.7882744],[117.0662257,31.7892705]]}},{"type":"Feature","properties":{"osm_id":955901465,"name":"双雷线","gauge":"","electrified":""},"geometry":{"type":"LineString","coordinates":[[117.0404518,31.7886193],[117.0387112,31.7889445],[117.0380604,31.7890235],[117.0372971,31.7891034],[117.0366773,31.7891267],[117.0352807,31.7891446],[117.0344653,31.7891551],[117.0326047,31.789174],[117.0298774,31.7892016],[117.0273555,31.7892282],[117.0224802,31.7892828]]}},{"type":"Feature","properties":{"osm_id":1334390360,"name":"","gauge":"","electrified":""},"geometry":{"type":"LineString","coordinates":[[117.0364318,31.7892824],[117.0357943,31.7892423]]}},{"type":"Feature","properties":{"osm_id":1334390361,"name":"","gauge":"","electrified":""},"geometry":{"type":"LineString","coordinates":[[117.0348024,31.7891966],[117.0352807,31.7891446]]}},{"type":"Feature","properties":{"osm_id":1334390362,"name":"","gauge":"","electrified":""},"geometry":{"type":"LineString","coordinates":[[117.0348534,31.7892502],[117.0343559,31.7892016]]}},{"type":"Feature","properties":{"osm_id":1334390363,"name":"","gauge":"","electrified":""},"geometry":{"type":"LineString","coordinates":[[117.0335831,31.7892102],[117.0331231,31.7892593]]}},{"type":"Feature","properties":{"osm_id":1334390364,"name":"","gauge":"","electrified":""},"geometry":{"type":"LineString","coordinates":[[117.0330601,31.789216],[117.0326047,31.789174]]}},{"type":"Feature","properties":{"osm_id":1334390365,"name":"","gauge":"","electrified":""},"geometry":{"type":"LineString","coordinates":[[117.0326351,31.7892618],[117.0322149,31.7893149]]}},{"type":"Feature","properties":{"osm_id":1215863970,"name":"","gauge":"","electrified":""},"geometry":{"type":"LineString","coordinates":[[117.8025918,38.2821506],[117.7943793,38.2822078]]}},{"type":"Feature","properties":{"osm_id":1215863971,"name":"","gauge":"","electrified":""},"geometry":{"type":"LineString","coordinates":[[117.8033602,38.2821902],[117.7943797,38.2822527]]}},{"type":"Feature","properties":{"osm_id":1215863976,"name":"","gauge":"","electrified":""},"geometry":{"type":"LineString","coordinates":[[117.8025965,38.2824785],[117.8022431,38.2824809],[117.7943828,38.2825356]]}},{"type":"Feature","properties":{"osm_id":1215863977,"name":"","gauge":"","electrified":""},"geometry":{"type":"LineString","coordinates":[[117.8033327,38.2825183],[117.8022438,38.2825258],[117.7943833,38.2825806]]}},{"type":"Feature","properties":{"osm_id":1215678822,"name":"","gauge":"","electrified":""},"geometry":{"type":"LineString","coordinates":[[117.7943775,38.2820506],[117.7865334,38.2821052],[117.7862746,38.2821089],[117.7860063,38.2821226],[117.7858559,38.2821356],[117.7856268,38.2821626],[117.7854944,38.2821821],[117.7852312,38.2822374],[117.7849703,38.2822995],[117.7846585,38.282389],[117.7843581,38.2824879],[117.7842146,38.2825295],[117.7840639,38.2825709]]}},{"type":"Feature","properties":{"osm_id":1215678824,"name":"","gauge":"","electrified":""},"geometry":{"type":"LineString","coordinates":[[117.7943788,38.2821629],[117.7865346,38.2822175],[117.7862906,38.2822237],[117.7860466,38.2822437],[117.785874,38.2822619],[117.785612,38.2823058],[117.7853666,38.2823627],[117.7850957,38.2824316],[117.7844185,38.28262],[117.7840019,38.2827396]]}},{"type":"Feature","properties":{"osm_id":1215678826,"name":"","gauge":"","electrified":""},"geometry":{"type":"LineString","coordinates":[[117.7943793,38.2822078],[117.7865351,38.2822624],[117.7862906,38.282269],[117.78606,38.2822869],[117.7858806,38.282308],[117.7856375,38.2823437],[117.7853908,38.2824006],[117.7851453,38.2824669],[117.7848758,38.2825432],[117.7846805,38.2825912]]}},{"type":"Feature","properties":{"osm_id":1215678831,"name":"","gauge":"","electrified":""},"geometry":{"type":"LineString","coordinates":[[117.7943805,38.2823201],[117.7865364,38.2823747],[117.7862973,38.282389],[117.7860828,38.2824121],[117.7858986,38.282434],[117.7856784,38.2824721],[117.7854511,38.2825285],[117.7852111,38.2826016],[117.7847095,38.2827606],[117.7845579,38.2828061],[117.7843477,38.2828607]]}},{"type":"Feature","properties":{"osm_id":1215678835,"name":"","gauge":"","electrified":""},"geometry":{"type":"LineString","coordinates":[[117.7943833,38.2825806],[117.7865393,38.2826352],[117.7863389,38.2826516],[117.7860633,38.2826774],[117.7859356,38.2826928],[117.7855483,38.2827385],[117.7854022,38.2827606],[117.7851475,38.2828031]]}},{"type":"Feature","properties":{"osm_id":1215678836,"name":"","gauge":"","electrified":""},"geometry":{"type":"LineString","coordinates":[[117.7943842,38.2826569],[117.7865402,38.2827115],[117.7863611,38.2827195],[117.7860727,38.2827443],[117.7859451,38.2827587],[117.7856878,38.2828022],[117.7854209,38.2828543],[117.7845801,38.283029],[117.7844627,38.2830538],[117.7842302,38.283092]]}},{"type":"Feature","properties":{"osm_id":1215678841,"name":"","gauge":"","electrified":""},"geometry":{"type":"LineString","coordinates":[[117.7943865,38.2828725],[117.7865426,38.2829271],[117.786292,38.2829374],[117.7860519,38.2829606],[117.7859752,38.2829693],[117.7848605,38.2831268]]}},{"type":"Feature","properties":{"osm_id":1215678843,"name":"","gauge":"","electrified":""},"geometry":{"type":"LineString","coordinates":[[117.794387,38.2829174],[117.7865432,38.282972],[117.7863027,38.2829817],[117.7860573,38.2830038],[117.7859815,38.2830132],[117.785659,38.2830596],[117.7852989,38.2831106],[117.7851668,38.2831275],[117.7849817,38.2831459]]}},{"type":"Feature","properties":{"osm_id":1215678851,"name":"朔黄线","gauge":"","electrified":""},"geometry":{"type":"LineString","coordinates":[[117.8036251,38.28319],[117.8022551,38.2831995],[117.7943907,38.2832543]]}},{"type":"Feature","properties":{"osm_id":1215678883,"name":"","gauge":"","electrified":""},"geometry":{"type":"LineString","coordinates":[[117.7943852,38.2827467],[117.7865412,38.2828013],[117.7863725,38.2828069],[117.7860814,38.2828364],[117.7859578,38.2828477],[117.785726,38.2828837],[117.7855095,38.2829116],[117.7849303,38.2829951]]}},{"type":"Feature","properties":{"osm_id":1097001336,"name":"阜金铁路","gauge":"","electrified":""},"geometry":{"type":"LineString","coordinates":[[121.5669845,41.912251],[121.5652808,41.9123214],[121.5584894,41.9126822],[121.5577773,41.91272],[121.5558655,41.9126138],[121.5543398,41.9120613],[121.5532159,41.9110627],[121.5526829,41.910373],[121.5524612,41.910086],[121.5513763,41.9081057],[121.5395426,41.8864331]]}},{"type":"Feature","properties":{"osm_id":1215863979,"name":"","gauge":"","electrified":""},"geometry":{"type":"LineString","coordinates":[[117.8036083,38.2826376],[117.8022444,38.2826471],[117.7943847,38.2827018]]}},{"type":"Feature","properties":{"osm_id":1215863980,"name":"","gauge":"","electrified":""},"geometry":{"type":"LineString","coordinates":[[117.8033726,38.2826841],[117.8032328,38.2826851],[117.8022464,38.282692],[117.7943852,38.2827467]]}},{"type":"Feature","properties":{"osm_id":1215863981,"name":"","gauge":"","electrified":""},"geometry":{"type":"LineString","coordinates":[[117.8028224,38.2827689],[117.8022478,38.2827729],[117.794386,38.2828276]]}},{"type":"Feature","properties":{"osm_id":1215863982,"name":"","gauge":"","electrified":""},"geometry":{"type":"LineString","coordinates":[[117.8036298,38.2828082],[117.8022471,38.2828178],[117.7943865,38.2828725]]}},{"type":"Feature","properties":{"osm_id":1215863983,"name":"","gauge":"","electrified":""},"geometry":{"type":"LineString","coordinates":[[117.803371,38.2828549],[117.8022478,38.2828627],[117.794387,38.2829174]]}},{"type":"Feature","properties":{"osm_id":1215863990,"name":"","gauge":"","electrified":""},"geometry":{"type":"LineString","coordinates":[[117.7793138,38.2832713],[117.7796126,38.2832601],[117.7797994,38.2832473],[117.7799888,38.2832343],[117.7802906,38.283221]]}},{"type":"Feature","properties":{"osm_id":1215863993,"name":"","gauge":"","electrified":""},"geometry":{"type":"LineString","coordinates":[[117.7821202,38.2831957],[117.7816639,38.2832327],[117.7813869,38.2832475],[117.7811403,38.2832571]]}},{"type":"Feature","properties":{"osm_id":1215863995,"name":"","gauge":"","electrified":""},"geometry":{"type":"LineString","coordinates":[[117.7782051,38.2833255],[117.7784023,38.2833159],[117.7788455,38.2832838],[117.7790854,38.283273]]}},{"type":"Feature","properties":{"osm_id":1215863996,"name":"","gauge":"","electrified":""},"geometry":{"type":"LineString","coordinates":[[117.7787872,38.2833658],[117.7790601,38.2833543],[117.779455,38.2833275],[117.7797635,38.2833138]]}},{"type":"Feature","properties":{"osm_id":1215863997,"name":"","gauge":"","electrified":""},"geometry":{"type":"LineString","coordinates":[[117.7788395,38.2832322],[117.7790661,38.2832185],[117.7794175,38.2831922],[117.7797058,38.2831796]]}},{"type":"Feature","properties":{"osm_id":1215863998,"name":"","gauge":"","electrified":""},"geometry":{"type":"LineString","coordinates":[[117.7800116,38.2833119],[117.7803227,38.2833011],[117.780506,38.2832866],[117.7807377,38.2832681],[117.7809912,38.2832583]]}},{"type":"Feature","properties":{"osm_id":1215863999,"name":"","gauge":"","electrified":""},"geometry":{"type":"LineString","coordinates":[[117.7804531,38.28322],[117.7806647,38.283209],[117.7809557,38.2831913],[117.781445,38.2831585]]}},{"type":"Feature","properties":{"osm_id":755360404,"name":"梓权线","gauge":"","electrified":""},"geometry":{"type":"LineString","coordinates":[[116.9603656,36.7725428],[116.9746933,36.7740782]]}},{"type":"Feature","properties":{"osm_id":1290128133,"name":"梓权线","gauge":"","electrified":""},"geometry":{"type":"LineString","coordinates":[[116.9747025,36.7740452],[116.9603755,36.7725112]]}},{"type":"Feature","properties":{"osm_id":1290128135,"name":"梓权线","gauge":"","electrified":""},"geometry":{"type":"LineString","coordinates":[[116.9492081,36.7716969],[116.950312,36.7716518],[116.9511929,36.7716583],[116.9520298,36.7716905],[116.9527711,36.7717384],[116.9603656,36.7725428]]}},{"type":"Feature","properties":{"osm_id":1290128148,"name":"梓权线","gauge":"","electrified":""},"geometry":{"type":"LineString","coordinates":[[116.9491893,36.7716475],[116.9485804,36.7717034],[116.947816,36.7717872],[116.9376853,36.7732073],[116.9373688,36.7732567],[116.93343,36.7738014],[116.9332007,36.7738336]]}},{"type":"Feature","properties":{"osm_id":1363061226,"name":"梓权线","gauge":"","electrified":""},"geometry":{"type":"LineString","coordinates":[[117.1297873,36.7843044],[117.1221332,36.7831819]]}},{"type":"Feature","properties":{"osm_id":755360400,"name":"梓权线","gauge":"","electrified":""},"geometry":{"type":"LineString","coordinates":[[116.9839465,36.7747597],[116.9845595,36.7746657],[116.9851054,36.774548],[116.9856348,36.7744113],[116.9878517,36.7737147],[116.9884038,36.7735442],[116.9889128,36.7733964],[116.9895737,36.7732297]]}},{"type":"Feature","properties":{"osm_id":1250754631,"name":"梓权线","gauge":"","electrified":""},"geometry":{"type":"LineString","coordinates":[[117.1396975,36.7857998],[117.1400598,36.785853]]}},{"type":"Feature","properties":{"osm_id":320011842,"name":"邯济线","gauge":"","electrified":""},"geometry":{"type":"LineString","coordinates":[[116.9202885,36.7755792],[116.9182272,36.7759305],[116.9178869,36.7759792],[116.9152147,36.7763572],[116.9126668,36.7767176]]}},{"type":"Feature","properties":{"osm_id":634799479,"name":"梓权线","gauge":"","electrified":""},"geometry":{"type":"LineString","coordinates":[[116.934396,36.7737129],[116.9345557,36.7736895],[116.9355493,36.7735562],[116.9357085,36.7735317],[116.947816,36.7718366],[116.9485831,36.7717485],[116.9492081,36.7716969]]}},{"type":"Feature","properties":{"osm_id":652684996,"name":"梓权线","gauge":"","electrified":""},"geometry":{"type":"LineString","coordinates":[[117.3331384,36.7290131],[117.333981,36.728672],[117.3349313,36.7282834],[117.3372392,36.7273404],[117.3389911,36.7266306],[117.3393402,36.726501],[117.3400041,36.7262401],[117.3408712,36.7258587],[117.3422121,36.7252307],[117.3426779,36.7249794]]}},{"type":"Feature","properties":{"osm_id":656927930,"name":"梓权线","gauge":"","electrified":""},"geometry":{"type":"LineString","coordinates":[[117.1221239,36.7832226],[117.129778,36.7843451]]}},{"type":"Feature","properties":{"osm_id":656927931,"name":"梓权线","gauge":"","electrified":""},"geometry":{"type":"LineString","coordinates":[[117.1457863,36.7866928],[117.1565474,36.7882889],[117.1572663,36.78839],[117.1579832,36.7884671],[117.1587042,36.7885135],[117.1594273,36.7885292],[117.1601505,36.788514],[117.1608715,36.788468],[117.1615886,36.7883913],[117.1622994,36.7882842],[117.1630022,36.7881469],[117.1636949,36.7879799],[117.1643754,36.7877836],[117.165042,36.7875585],[117.1656927,36.7873054],[117.1663256,36.7870249],[117.1669389,36.7867178],[117.1688142,36.785755],[117.1694148,36.7854505],[117.1700318,36.7851406],[117.1706872,36.784842],[117.171326,36.7845865],[117.172005,36.7843502],[117.1727231,36.7841375],[117.1733145,36.7839892],[117.1739499,36.7838557],[117.1746555,36.7837377],[117.1753926,36.7836474],[117.1760389,36.7835951]]}},{"type":"Feature","properties":{"osm_id":656927932,"name":"梓权线","gauge":"","electrified":""},"geometry":{"type":"LineString","coordinates":[[117.1760389,36.7835951],[117.1767066,36.7835499],[117.1882321,36.7827497],[117.1889763,36.7826853],[117.1896976,36.7826128],[117.1904433,36.7825161],[117.1911489,36.7824145],[117.1919777,36.7822836],[117.192699,36.7821531],[117.1933991,36.7820156],[117.1940994,36.7818604],[117.1948019,36.7816891],[117.1957165,36.7814485],[117.1963497,36.7812695],[117.1970433,36.7810531],[117.1978841,36.7807755],[117.1985275,36.780544],[117.1994101,36.7802062],[117.2002523,36.7798517],[117.2009508,36.7795443],[117.2016318,36.7792252],[117.2022289,36.7789242],[117.2028619,36.7785955],[117.203471,36.7782576],[117.204057,36.7779216],[117.2046377,36.7775691],[117.2100739,36.7740464],[117.2107404,36.7736107],[117.211258,36.7732883],[117.2120353,36.7728286],[117.212581,36.7725226],[117.2133574,36.7721097],[117.214061,36.7717572],[117.2146933,36.7714363],[117.2300252,36.7636788]]}},{"type":"Feature","properties":{"osm_id":656927936,"name":"梓权线","gauge":"","electrified":""},"geometry":{"type":"LineString","coordinates":[[117.354164,36.7209203],[117.3551373,36.7207102],[117.3554911,36.7206467],[117.3560185,36.7205668],[117.3565499,36.7205177],[117.3571588,36.7204967],[117.3578602,36.7204923],[117.3592609,36.720515],[117.359653,36.7205213],[117.3603373,36.7205418],[117.3622637,36.7205995],[117.3628835,36.7206519],[117.3634856,36.7207483],[117.3642672,36.7209084],[117.3655446,36.7212141],[117.3678165,36.7217635]]}},{"type":"Feature","properties":{"osm_id":755360401,"name":"梓权线","gauge":"","electrified":""},"geometry":{"type":"LineString","coordinates":[[116.9895737,36.7732297],[116.9910452,36.7729731],[116.9924776,36.7727934],[116.9957739,36.7724511],[116.9972364,36.7723414],[116.9987136,36.7722576],[117.0004423,36.7721889],[117.0018974,36.7721589],[117.004105,36.7721564],[117.0062879,36.7722168],[117.0077522,36.7722942],[117.0093895,36.7724161],[117.0115713,36.7726317],[117.0136669,36.7728958],[117.0153425,36.7731438],[117.0167917,36.7733921],[117.0184761,36.7737036],[117.0197991,36.7739788],[117.0214377,36.7743661],[117.0228165,36.7747109],[117.0240283,36.7750335],[117.0277548,36.7761445],[117.0451291,36.7813736],[117.0463389,36.7817213],[117.0477316,36.7820774],[117.0491656,36.7823874],[117.0505854,36.7826409],[117.0520198,36.7828555],[117.0534575,36.7830231],[117.0548984,36.7831425],[117.056377,36.7832079],[117.0600489,36.7832977],[117.0615054,36.7833095],[117.062944,36.7832347],[117.0644009,36.7830582],[117.0657957,36.7827632],[117.0673071,36.7823734],[117.0690493,36.7818545],[117.0843981,36.7775169],[117.0859553,36.7770952],[117.0869788,36.7768721],[117.0882623,36.7766571],[117.0896301,36.7765041],[117.0914405,36.7764189],[117.0928164,36.7764423],[117.0942804,36.7765512],[117.0955299,36.7767139],[117.0968028,36.7769479],[117.0982266,36.7772952],[117.0995698,36.7777161],[117.10088,36.7782072],[117.1076623,36.7807846],[117.108725,36.7811182],[117.1099478,36.7814047],[117.111132,36.7816078],[117.1221239,36.7832226]]}},{"type":"Feature","properties":{"osm_id":755360402,"name":"梓权线","gauge":"","electrified":""},"geometry":{"type":"LineString","coordinates":[[116.9775687,36.7743851],[116.9816724,36.7747978],[116.9823173,36.7748294],[116.9830897,36.774823],[116.9839465,36.7747597]]}},{"type":"Feature","properties":{"osm_id":755360403,"name":"梓权线","gauge":"","electrified":""},"geometry":{"type":"LineString","coordinates":[[116.9746933,36.7740782],[116.9775687,36.7743851]]}},{"type":"Feature","properties":{"osm_id":862822244,"name":"梓权线","gauge":"","electrified":""},"geometry":{"type":"LineString","coordinates":[[117.1442052,36.7864609],[117.1457863,36.7866928]]}},{"type":"Feature","properties":{"osm_id":862822245,"name":"梓权线","gauge":"","electrified":""},"geometry":{"type":"LineString","coordinates":[[117.1440834,36.786443],[117.1442052,36.7864609]]}},{"type":"Feature","properties":{"osm_id":862822246,"name":"梓权线","gauge":"","electrified":""},"geometry":{"type":"LineString","coordinates":[[117.1299126,36.7843648],[117.1351529,36.7851333],[117.1396975,36.7857998]]}},{"type":"Feature","properties":{"osm_id":862822247,"name":"梓权线","gauge":"","electrified":""},"geometry":{"type":"LineString","coordinates":[[117.129778,36.7843451],[117.1299126,36.7843648]]}},{"type":"Feature","properties":{"osm_id":1052018500,"name":"梓权线","gauge":"","electrified":""},"geometry":{"type":"LineString","coordinates":[[117.3426779,36.7249794],[117.3438618,36.7242846],[117.3455442,36.7233867],[117.3471406,36.7226975],[117.3480082,36.722357],[117.3494071,36.7219872],[117.3519204,36.7214122],[117.354164,36.7209203]]}},{"type":"Feature","properties":{"osm_id":1052018506,"name":"梓权线","gauge":"","electrified":""},"geometry":{"type":"LineString","coordinates":[[117.3690043,36.7220418],[117.369568,36.722174],[117.3717671,36.7227267],[117.3733486,36.7231063],[117.374518,36.7233327]]}},{"type":"Feature","properties":{"osm_id":1052018507,"name":"梓权线","gauge":"","electrified":""},"geometry":{"type":"LineString","coordinates":[[117.3678165,36.7217635],[117.3690043,36.7220418]]}},{"type":"Feature","properties":{"osm_id":1052018599,"name":"梓权线","gauge":"","electrified":""},"geometry":{"type":"LineString","coordinates":[[117.2300252,36.7636788],[117.2326805,36.7623401],[117.2331744,36.7621065],[117.2336289,36.7618987]]}},{"type":"Feature","properties":{"osm_id":1052018600,"name":"梓权线","gauge":"","electrified":""},"geometry":{"type":"LineString","coordinates":[[117.2336289,36.7618987],[117.2343098,36.7616218],[117.2350171,36.7613747],[117.2357262,36.7611653],[117.2361363,36.7610608]]}},{"type":"Feature","properties":{"osm_id":1250754630,"name":"梓权线","gauge":"","electrified":""},"geometry":{"type":"LineString","coordinates":[[117.1400598,36.785853],[117.1440834,36.786443]]}},{"type":"Feature","properties":{"osm_id":1290128134,"name":"梓权线","gauge":"","electrified":""},"geometry":{"type":"LineString","coordinates":[[116.9775755,36.7743493],[116.9747025,36.7740452]]}},{"type":"Feature","properties":{"osm_id":1290128136,"name":"梓权线","gauge":"","electrified":""},"geometry":{"type":"LineString","coordinates":[[116.9603755,36.7725112],[116.9527674,36.7717034],[116.9520432,36.7716475],[116.9511902,36.7716131],[116.950281,36.7716131],[116.9491893,36.7716475]]}},{"type":"Feature","properties":{"osm_id":1290128137,"name":"梓权线","gauge":"","electrified":""},"geometry":{"type":"LineString","coordinates":[[116.9839368,36.7747191],[116.9830857,36.7747757],[116.9823307,36.7747779],[116.981703,36.7747478],[116.9775755,36.7743493]]}},{"type":"Feature","properties":{"osm_id":1290128146,"name":"梓权线","gauge":"","electrified":""},"geometry":{"type":"LineString","coordinates":[[116.9332007,36.7738336],[116.9182272,36.7759305]]}},{"type":"Feature","properties":{"osm_id":1290128147,"name":"梓权线","gauge":"","electrified":""},"geometry":{"type":"LineString","coordinates":[[116.9182399,36.7759721],[116.934396,36.7737129]]}},{"type":"Feature","properties":{"osm_id":1363061209,"name":"梓权线","gauge":"","electrified":""},"geometry":{"type":"LineString","coordinates":[[117.2361206,36.7610214],[117.2357094,36.7611262],[117.2349978,36.7613363],[117.2342878,36.7615844],[117.2336056,36.7618619]]}},{"type":"Feature","properties":{"osm_id":1363061210,"name":"梓权线","gauge":"","electrified":""},"geometry":{"type":"LineString","coordinates":[[117.2336056,36.7618619],[117.2331485,36.7620708],[117.2326536,36.7623048],[117.2299977,36.7636438]]}},{"type":"Feature","properties":{"osm_id":1363061211,"name":"邯济线","gauge":"","electrified":""},"geometry":{"type":"LineString","coordinates":[[116.9319237,36.7739499],[116.9202885,36.7755792]]}},{"type":"Feature","properties":{"osm_id":1363061212,"name":"梓权线","gauge":"","electrified":""},"geometry":{"type":"LineString","coordinates":[[117.2299977,36.7636438],[117.2146657,36.7714014],[117.2140335,36.7717223],[117.2133295,36.772075],[117.2125519,36.7724885],[117.2120052,36.772795],[117.2112268,36.7732554],[117.2107083,36.7735784],[117.2100413,36.7740144],[117.2046059,36.7775365],[117.2040264,36.7778883],[117.2034413,36.7782239],[117.2028332,36.7785612],[117.2022011,36.7788894],[117.201605,36.7791899],[117.2009254,36.7795083],[117.2002279,36.7798153],[117.199387,36.7801692],[117.1985058,36.7805066],[117.1978637,36.7807376],[117.1970241,36.7810148],[117.1963318,36.7812307],[117.1956999,36.7814093],[117.1947863,36.7816497],[117.194085,36.7818207],[117.193386,36.7819756],[117.1926872,36.7821129],[117.191967,36.7822432],[117.1911393,36.7823739],[117.1904346,36.7824754],[117.1896903,36.7825719],[117.1889703,36.7826442],[117.1882271,36.7827086],[117.1767022,36.7835087],[117.1760337,36.783554]]}},{"type":"Feature","properties":{"osm_id":1363061216,"name":"梓权线","gauge":"","electrified":""},"geometry":{"type":"LineString","coordinates":[[117.1760337,36.783554],[117.1753861,36.7836064],[117.1746464,36.783697],[117.173938,36.7838155],[117.1733002,36.7839494],[117.1727064,36.7840983],[117.1719858,36.7843119],[117.1713042,36.784549],[117.1706629,36.7848055],[117.1700054,36.7851051],[117.1693873,36.7854156],[117.1687865,36.7857201],[117.1669113,36.7866829],[117.1662994,36.7869892],[117.1656689,36.7872687],[117.1650207,36.7875209],[117.1643567,36.787745],[117.1636787,36.7879406],[117.1629887,36.788107],[117.1622886,36.7882438],[117.1615804,36.7883505],[117.1608661,36.7884269],[117.1601477,36.7884727],[117.1594274,36.7884878],[117.158707,36.7884723],[117.1579887,36.788426],[117.1572742,36.7883492],[117.1565566,36.7882482],[117.1457957,36.7866521]]}},{"type":"Feature","properties":{"osm_id":1363061220,"name":"梓权线","gauge":"","electrified":""},"geometry":{"type":"LineString","coordinates":[[117.1457957,36.7866521],[117.1442145,36.7864203]]}},{"type":"Feature","properties":{"osm_id":1363061221,"name":"梓权线","gauge":"","electrified":""},"geometry":{"type":"LineString","coordinates":[[117.1442145,36.7864203],[117.1440927,36.7864024]]}},{"type":"Feature","properties":{"osm_id":1363061222,"name":"梓权线","gauge":"","electrified":""},"geometry":{"type":"LineString","coordinates":[[117.1440927,36.7864024],[117.1400691,36.7858123]]}},{"type":"Feature","properties":{"osm_id":1363061223,"name":"梓权线","gauge":"","electrified":""},"geometry":{"type":"LineString","coordinates":[[117.1400691,36.7858123],[117.1397068,36.7857592]]}},{"type":"Feature","properties":{"osm_id":1363061224,"name":"梓权线","gauge":"","electrified":""},"geometry":{"type":"LineString","coordinates":[[117.1397068,36.7857592],[117.1351622,36.7850927],[117.1299219,36.7843242]]}},{"type":"Feature","properties":{"osm_id":1363061225,"name":"梓权线","gauge":"","electrified":""},"geometry":{"type":"LineString","coordinates":[[117.1299219,36.7843242],[117.1297873,36.7843044]]}},{"type":"Feature","properties":{"osm_id":1363061227,"name":"梓权线","gauge":"","electrified":""},"geometry":{"type":"LineString","coordinates":[[116.9895582,36.7731903],[116.9888963,36.7733572],[116.9883857,36.7735055],[116.987833,36.7736762],[116.9856175,36.7743724],[116.9850908,36.7745083],[116.9845479,36.7746254],[116.9839368,36.7747191]]}},{"type":"Feature","properties":{"osm_id":1363061228,"name":"梓权线","gauge":"","electrified":""},"geometry":{"type":"LineString","coordinates":[[117.1221332,36.7831819],[117.1107022,36.7814992],[117.1093451,36.7812326],[117.108164,36.7809073],[117.1072843,36.7806029],[117.1002714,36.7779284],[117.0989389,36.7774604],[117.0974281,36.7770459],[117.0962078,36.7767873],[117.0950015,36.7765952],[117.0934915,36.7764402],[117.0921723,36.7763805],[117.0903615,36.7764123],[117.0888899,36.7765355],[117.0875893,36.7767188],[117.0863542,36.7769598],[117.0853033,36.7772185],[117.072835,36.7807298],[117.0679339,36.7821449],[117.0664798,36.7825484],[117.0651131,36.7828767],[117.0636583,36.7831219],[117.0622464,36.7832439],[117.0607778,36.7832675],[117.0581222,36.7831922],[117.0556456,36.7831407],[117.0541816,36.7830507],[117.0527609,36.7829056],[117.0512967,36.7827131],[117.0498632,36.7824757],[117.0484472,36.782197],[117.0470654,36.7818667],[117.04582,36.781533],[117.0422207,36.7804351],[117.0247362,36.7751951],[117.0234491,36.7748267],[117.0221205,36.774487],[117.0203831,36.7740686],[117.0190814,36.7737882],[117.0178549,36.7735372],[117.0160112,36.773212],[117.0144452,36.7729667],[117.0126842,36.7727214],[117.0105601,36.7724846],[117.0084016,36.7722966],[117.0070268,36.7722107],[117.0051637,36.7721361],[117.0030022,36.7721096],[117.0011705,36.7721283],[116.9994244,36.7721777],[116.9979697,36.7722551],[116.9965121,36.7723519],[116.9950568,36.7724756],[116.9917625,36.7728372],[116.9903292,36.7730412],[116.9895582,36.7731903]]}},{"type":"Feature","properties":{"osm_id":574756575,"name":"","gauge":"","electrified":""},"geometry":{"type":"LineString","coordinates":[[113.9094558,30.6518864],[113.9170694,30.6542832],[113.9193709,30.6550077],[113.9195201,30.6550547],[113.9200407,30.6552167],[113.9202455,30.6552804],[113.9207554,30.655505],[113.9211309,30.6557542],[113.921471,30.6560338],[113.9218256,30.6564199],[113.9228581,30.6577674],[113.9236471,30.6587815],[113.9244307,30.6597887],[113.9253682,30.6609676],[113.9270093,30.6630866],[113.9287563,30.6653279],[113.9291063,30.6656917],[113.9294748,30.6660749],[113.9297031,30.6663122],[113.9302389,30.6668584],[113.9305588,30.6671845]]}},{"type":"Feature","properties":{"osm_id":1315445866,"name":"","gauge":"","electrified":""},"geometry":{"type":"LineString","coordinates":[[113.9245761,30.6595247],[113.9255945,30.6608284],[113.9292161,30.665464],[113.9299278,30.6663518],[113.930196,30.6667192],[113.930284,30.666832],[113.9304501,30.6670451],[113.9305588,30.6671845],[113.9305939,30.6672296],[113.9309129,30.6676386],[113.9321156,30.6691806],[113.9333733,30.6707931],[113.9354653,30.6734765],[113.9374661,30.6760664],[113.9390314,30.6781106],[113.9392519,30.678336],[113.9402282,30.6792587],[113.9426167,30.6812011],[113.9433503,30.6821537],[113.9437647,30.6829818],[113.944835,30.6853498],[113.945431,30.6867643]]}},{"type":"Feature","properties":{"osm_id":1315445867,"name":"","gauge":"","electrified":""},"geometry":{"type":"LineString","coordinates":[[113.9233632,30.6580815],[113.924065,30.6589814],[113.9255354,30.6608665],[113.92975,30.6662677],[113.9299002,30.6664453],[113.930284,30.666832]]}},{"type":"Feature","properties":{"osm_id":1315445868,"name":"","gauge":"","electrified":""},"geometry":{"type":"LineString","coordinates":[[113.9235105,30.6579962],[113.9242116,30.658905],[113.9256694,30.660795],[113.9293695,30.6655306],[113.9303236,30.6667686],[113.9305085,30.6670085],[113.9306562,30.6671979],[113.9309708,30.6676015],[113.9317472,30.6685975],[113.9318848,30.6688009],[113.9321156,30.6691806]]}},{"type":"Feature","properties":{"osm_id":1315445869,"name":"","gauge":"","electrified":""},"geometry":{"type":"LineString","coordinates":[[113.9302389,30.6668584],[113.9304122,30.6670882],[113.9306128,30.6673452],[113.9307845,30.6675903],[113.9308558,30.6677113],[113.9311349,30.6681717],[113.9313927,30.668596],[113.9315468,30.6688089],[113.9317827,30.6691082],[113.932088,30.6694904],[113.9322463,30.6697326],[113.9323536,30.6699725],[113.9324367,30.6702955],[113.9325681,30.6710476]]}},{"type":"Feature","properties":{"osm_id":1315445870,"name":"","gauge":"","electrified":""},"geometry":{"type":"LineString","coordinates":[[113.9308558,30.6677113],[113.9309248,30.6678607],[113.9309614,30.6679698],[113.9309927,30.6680926],[113.9310174,30.6682095],[113.9310717,30.6685349],[113.9316037,30.6712128]]}},{"type":"Feature","properties":{"osm_id":1315445872,"name":"","gauge":"","electrified":""},"geometry":{"type":"LineString","coordinates":[[113.9305939,30.6672296],[113.9307808,30.667414],[113.9309708,30.6676015]]}},{"type":"Feature","properties":{"osm_id":1315445873,"name":"","gauge":"","electrified":""},"geometry":{"type":"LineString","coordinates":[[113.9309129,30.6676386],[113.9307808,30.667414],[113.9306562,30.6671979]]}},{"type":"Feature","properties":{"osm_id":1315445874,"name":"","gauge":"","electrified":""},"geometry":{"type":"LineString","coordinates":[[113.9237578,30.6581669],[113.9257536,30.6607275],[113.9294442,30.6654649],[113.9297097,30.6658041],[113.9298679,30.666014],[113.9300155,30.6662332],[113.9303236,30.6667686]]}},{"type":"Feature","properties":{"osm_id":1315445875,"name":"","gauge":"","electrified":""},"geometry":{"type":"LineString","coordinates":[[113.9270093,30.6630866],[113.9271895,30.6633575],[113.9273833,30.663695],[113.927521,30.6638777],[113.9285881,30.6652254],[113.9287422,30.6654002],[113.9290388,30.6657034],[113.9294007,30.666065]]}},{"type":"Feature","properties":{"osm_id":1315445876,"name":"","gauge":"","electrified":""},"geometry":{"type":"LineString","coordinates":[[113.9297031,30.6663122],[113.9294007,30.666065],[113.928915,30.6656673],[113.9287399,30.6655207],[113.9286138,30.6654062],[113.928462,30.6652495],[113.9280931,30.6648177],[113.9272408,30.6638797]]}},{"type":"Feature","properties":{"osm_id":1315445877,"name":"","gauge":"","electrified":""},"geometry":{"type":"LineString","coordinates":[[113.9232571,30.6581132],[113.9254461,30.6609162],[113.9294748,30.6660749]]}},{"type":"Feature","properties":{"osm_id":1315445878,"name":"","gauge":"","electrified":""},"geometry":{"type":"LineString","coordinates":[[113.9291063,30.6656917],[113.9254031,30.6609442],[113.9239969,30.6591593],[113.9238907,30.6590238],[113.9236471,30.6587815]]}},{"type":"Feature","properties":{"osm_id":1315445879,"name":"","gauge":"","electrified":""},"geometry":{"type":"LineString","coordinates":[[113.924065,30.6589814],[113.9245761,30.6595247],[113.9242116,30.658905]]}},{"type":"Feature","properties":{"osm_id":1315445880,"name":"","gauge":"","electrified":""},"geometry":{"type":"LineString","coordinates":[[113.9066228,30.6510399],[113.9086061,30.6516638],[113.9170517,30.6543206],[113.9188008,30.6548708]]}},{"type":"Feature","properties":{"osm_id":1315445881,"name":"","gauge":"","electrified":""},"geometry":{"type":"LineString","coordinates":[[113.9066636,30.6509285],[113.90865,30.6515575],[113.9170915,30.6542305],[113.9194118,30.6549652],[113.9200407,30.6552167]]}},{"type":"Feature","properties":{"osm_id":1315445882,"name":"","gauge":"","electrified":""},"geometry":{"type":"LineString","coordinates":[[113.906705,30.6508328],[113.9085229,30.6514265],[113.9089388,30.6515802],[113.909404,30.6517499],[113.9171064,30.6541848],[113.918977,30.6547761]]}},{"type":"Feature","properties":{"osm_id":1315445883,"name":"","gauge":"","electrified":""},"geometry":{"type":"LineString","coordinates":[[113.9175113,30.6542608],[113.918426,30.6545511],[113.9186537,30.6546385],[113.918977,30.6547761],[113.9194118,30.6549652]]}},{"type":"Feature","properties":{"osm_id":1032327831,"name":"","gauge":"","electrified":""},"geometry":{"type":"LineString","coordinates":[[116.5724192,40.3432611],[116.5722448,40.3431305],[116.5720724,40.343],[116.5719235,40.3428904],[116.5717471,40.3427576]]}},{"type":"Feature","properties":{"osm_id":1032327832,"name":"","gauge":"","electrified":""},"geometry":{"type":"LineString","coordinates":[[116.5732761,40.3437617],[116.5730979,40.3436646],[116.5728981,40.3435571],[116.5726605,40.3434196]]}},{"type":"Feature","properties":{"osm_id":627617602,"name":"广珠城际铁路","gauge":"","electrified":""},"geometry":{"type":"LineString","coordinates":[[113.3781966,22.5610878],[113.3817074,22.5619383],[113.3827867,22.5621833],[113.383804,22.5623978],[113.3847588,22.5625836],[113.3860579,22.5628201],[113.3909722,22.5636909],[113.3929235,22.5640276],[113.3938075,22.5641696],[113.3946294,22.564284],[113.3953038,22.5643654],[113.395945,22.5644314],[113.396554,22.5644722],[113.3973424,22.5645119],[113.3980908,22.5645319],[113.399047,22.5645366],[113.3999748,22.5645362],[113.4013943,22.5644315],[113.4024836,22.5643218],[113.4038337,22.5641181],[113.405059,22.5638693],[113.4062932,22.5635935],[113.4076116,22.5632204],[113.4090791,22.5627127],[113.4105506,22.5621225],[113.4120709,22.5613983],[113.4134335,22.5606778],[113.4149496,22.5597799],[113.4161001,22.5590266],[113.4171782,22.558228],[113.4181048,22.5574946],[113.4190482,22.556647],[113.4203258,22.5553806],[113.421722,22.5538478],[113.4237598,22.5515548],[113.4242465,22.5510245],[113.4254654,22.5497116],[113.4267854,22.5482787]]}},{"type":"Feature","properties":{"osm_id":516917767,"name":"南广铁路","gauge":"","electrified":""},"geometry":{"type":"LineString","coordinates":[[111.774838,23.1215252],[111.776309,23.1215562],[111.7767048,23.1215646],[111.7775527,23.1215967],[111.779631,23.1216755],[111.7879865,23.1220236],[111.7894143,23.1220696],[111.7935184,23.1222018]]}},{"type":"Feature","properties":{"osm_id":631439963,"name":"南广铁路","gauge":"","electrified":""},"geometry":{"type":"LineString","coordinates":[[111.7935213,23.1221388],[111.7899697,23.1220613],[111.788885,23.1220377],[111.7796338,23.1216125],[111.7771954,23.1215201],[111.776707,23.1215016],[111.7755911,23.121478],[111.7748403,23.1214622]]}},{"type":"Feature","properties":{"osm_id":1334656659,"name":"","gauge":"","electrified":""},"geometry":{"type":"LineString","coordinates":[[111.7775527,23.1215967],[111.7786015,23.121664],[111.7869009,23.1220226],[111.7879865,23.1220236]]}},{"type":"Feature","properties":{"osm_id":1334656660,"name":"","gauge":"","electrified":""},"geometry":{"type":"LineString","coordinates":[[111.788885,23.1220377],[111.7882723,23.1219668],[111.7878551,23.1219372],[111.7790458,23.1215357],[111.7779143,23.1215111],[111.7771954,23.1215201]]}},{"type":"Feature","properties":{"osm_id":1334656661,"name":"","gauge":"","electrified":""},"geometry":{"type":"LineString","coordinates":[[111.7894143,23.1220696],[111.7899697,23.1220613]]}},{"type":"Feature","properties":{"osm_id":1334656662,"name":"","gauge":"","electrified":""},"geometry":{"type":"LineString","coordinates":[[111.776309,23.1215562],[111.7755911,23.121478]]}},{"type":"Feature","properties":{"osm_id":1339916443,"name":"","gauge":"","electrified":""},"geometry":{"type":"LineString","coordinates":[[114.3532426,35.8808932],[114.35353,35.8808815]]}},{"type":"Feature","properties":{"osm_id":1339916444,"name":"","gauge":"","electrified":""},"geometry":{"type":"LineString","coordinates":[[114.35353,35.8808815],[114.3537202,35.8808737],[114.3607852,35.8804402],[114.3619372,35.8803391],[114.3674156,35.8796915],[114.373114,35.8790417]]}},{"type":"Feature","properties":{"osm_id":1339916445,"name":"","gauge":"","electrified":""},"geometry":{"type":"LineString","coordinates":[[114.4216338,35.8734127],[114.4228475,35.8732801]]}},{"type":"Feature","properties":{"osm_id":1339916454,"name":"","gauge":"","electrified":""},"geometry":{"type":"LineString","coordinates":[[114.3879512,35.8772047],[114.3883999,35.8770879],[114.3888129,35.8770031]]}},{"type":"Feature","properties":{"osm_id":1339916459,"name":"瓦日铁路","gauge":"","electrified":""},"geometry":{"type":"LineString","coordinates":[[114.3535074,35.8813702],[114.3531815,35.8813992]]}},{"type":"Feature","properties":{"osm_id":1339916465,"name":"","gauge":"","electrified":""},"geometry":{"type":"LineString","coordinates":[[114.3897504,35.8774215],[114.3885273,35.8776041],[114.3833587,35.8782908]]}},{"type":"Feature","properties":{"osm_id":1339916466,"name":"","gauge":"","electrified":""},"geometry":{"type":"LineString","coordinates":[[114.3861823,35.8939821],[114.3862005,35.8944194]]}},{"type":"Feature","properties":{"osm_id":1339916467,"name":"","gauge":"","electrified":""},"geometry":{"type":"LineString","coordinates":[[114.3867956,35.8877181],[114.3869059,35.8867336]]}},{"type":"Feature","properties":{"osm_id":1339916468,"name":"","gauge":"","electrified":""},"geometry":{"type":"LineString","coordinates":[[114.3867852,35.8852299],[114.3868442,35.8847192],[114.3867972,35.8825558]]}},{"type":"Feature","properties":{"osm_id":1339916469,"name":"","gauge":"","electrified":""},"geometry":{"type":"LineString","coordinates":[[114.3867423,35.8825612],[114.3867852,35.8852299],[114.3867497,35.8854776]]}},{"type":"Feature","properties":{"osm_id":1339916470,"name":"","gauge":"","electrified":""},"geometry":{"type":"LineString","coordinates":[[114.3868112,35.888482],[114.3867956,35.8877181],[114.3867497,35.8854776],[114.38669,35.882558]]}},{"type":"Feature","properties":{"osm_id":1339916471,"name":"","gauge":"","electrified":""},"geometry":{"type":"LineString","coordinates":[[114.3870055,35.8836066],[114.3870468,35.8832926]]}},{"type":"Feature","properties":{"osm_id":1339916472,"name":"","gauge":"","electrified":""},"geometry":{"type":"LineString","coordinates":[[114.3861052,35.8946562],[114.3861823,35.8939821],[114.3868112,35.888482],[114.3870279,35.8865869],[114.38704,35.8860556],[114.3870055,35.8836066],[114.3869957,35.8829133]]}},{"type":"Feature","properties":{"osm_id":1339916490,"name":"","gauge":"","electrified":""},"geometry":{"type":"LineString","coordinates":[[114.4219375,35.8736412],[114.4223848,35.8735974],[114.4229172,35.8735366],[114.4247814,35.8733258]]}},{"type":"Feature","properties":{"osm_id":1339916491,"name":"","gauge":"","electrified":""},"geometry":{"type":"LineString","coordinates":[[114.4216579,35.8736952],[114.4219375,35.8736412],[114.4223151,35.8735681],[114.4228676,35.8734888],[114.4247492,35.8732747]]}},{"type":"Feature","properties":{"osm_id":1339916492,"name":"","gauge":"","electrified":""},"geometry":{"type":"LineString","coordinates":[[114.4223461,35.8736839],[114.4228153,35.8736355],[114.4234349,35.8736127],[114.4239217,35.8735507]]}},{"type":"Feature","properties":{"osm_id":1339916493,"name":"","gauge":"","electrified":""},"geometry":{"type":"LineString","coordinates":[[114.4218765,35.8736994],[114.4223461,35.8736839],[114.4233276,35.8736735],[114.423919,35.8736061]]}},{"type":"Feature","properties":{"osm_id":1339916494,"name":"","gauge":"","electrified":""},"geometry":{"type":"LineString","coordinates":[[114.4228193,35.8737576],[114.4234121,35.8738463],[114.4241685,35.8739006]]}},{"type":"Feature","properties":{"osm_id":1339916495,"name":"","gauge":"","electrified":""},"geometry":{"type":"LineString","coordinates":[[114.4224355,35.873737],[114.4233759,35.8738876],[114.4241591,35.8739648]]}},{"type":"Feature","properties":{"osm_id":1339916496,"name":"","gauge":"","electrified":""},"geometry":{"type":"LineString","coordinates":[[114.4193901,35.8738669],[114.4206601,35.8737192],[114.4210801,35.8737091],[114.4216579,35.8736952],[114.4218765,35.8736994],[114.4224355,35.873737],[114.4228193,35.8737576],[114.4232163,35.8737789],[114.424088,35.8738333]]}},{"type":"Feature","properties":{"osm_id":1339916497,"name":"","gauge":"","electrified":""},"geometry":{"type":"LineString","coordinates":[[114.3999268,35.8760882],[114.4007809,35.8759708],[114.4205823,35.8736835]]}},{"type":"Feature","properties":{"osm_id":1339916498,"name":"","gauge":"","electrified":""},"geometry":{"type":"LineString","coordinates":[[114.3973428,35.8763124],[114.3981838,35.8762607]]}},{"type":"Feature","properties":{"osm_id":1341197499,"name":"沪昆线","gauge":"","electrified":""},"geometry":{"type":"LineString","coordinates":[[115.8653806,28.246857],[115.868942,28.2513047],[115.8702317,28.2534246],[115.8720429,28.2568511],[115.8754449,28.2632602],[115.8764833,28.265727],[115.8773806,28.2684999],[115.8795387,28.2759913],[115.8812245,28.2820273],[115.8821393,28.2846106],[115.8834799,28.2874023],[115.8851191,28.2902058],[115.8878284,28.2948384],[115.8896702,28.2982342],[115.8905666,28.3005054],[115.8913689,28.303206],[115.8917781,28.3060826],[115.8923665,28.3102222],[115.8924264,28.3105688]]}},{"type":"Feature","properties":{"osm_id":1339916499,"name":"","gauge":"","electrified":""},"geometry":{"type":"LineString","coordinates":[[114.3961492,35.8764066],[114.3965994,35.8763979]]}},{"type":"Feature","properties":{"osm_id":1339916500,"name":"","gauge":"","electrified":""},"geometry":{"type":"LineString","coordinates":[[114.3915338,35.8770366],[114.3920128,35.8770216],[114.3953213,35.8766467]]}},{"type":"Feature","properties":{"osm_id":1339916501,"name":"","gauge":"","electrified":""},"geometry":{"type":"LineString","coordinates":[[114.3932788,35.8767845],[114.3936889,35.8766961]]}},{"type":"Feature","properties":{"osm_id":1339916502,"name":"","gauge":"","electrified":""},"geometry":{"type":"LineString","coordinates":[[114.3919181,35.8769918],[114.3924616,35.8768796]]}},{"type":"Feature","properties":{"osm_id":1339916503,"name":"","gauge":"","electrified":""},"geometry":{"type":"LineString","coordinates":[[114.4216997,35.8735117],[114.4205823,35.8736835],[114.4193901,35.8738669],[114.4060247,35.8754068],[114.4007729,35.8760197],[114.3999268,35.8760882],[114.3990563,35.8761588],[114.3981838,35.8762607],[114.3948054,35.8766555],[114.3945086,35.8766902],[114.3919181,35.8769918],[114.3915338,35.8770366]]}},{"type":"Feature","properties":{"osm_id":1339916504,"name":"","gauge":"","electrified":""},"geometry":{"type":"LineString","coordinates":[[114.4197603,35.8735942],[114.417699,35.8737452],[114.4171263,35.8738017],[114.4025177,35.8754959],[114.4004014,35.8757545],[114.3994881,35.8758893],[114.3979362,35.8761518]]}},{"type":"Feature","properties":{"osm_id":1339916505,"name":"","gauge":"","electrified":""},"geometry":{"type":"LineString","coordinates":[[114.3989082,35.8760395],[114.4001681,35.8758513],[114.4197603,35.8735942],[114.4203973,35.8735572]]}},{"type":"Feature","properties":{"osm_id":1339916506,"name":"","gauge":"","electrified":""},"geometry":{"type":"LineString","coordinates":[[114.3963675,35.8763332],[114.3955191,35.876481]]}},{"type":"Feature","properties":{"osm_id":1339916507,"name":"","gauge":"","electrified":""},"geometry":{"type":"LineString","coordinates":[[114.392543,35.8766907],[114.3928081,35.8766347],[114.3952556,35.8764261],[114.3955964,35.8764229]]}},{"type":"Feature","properties":{"osm_id":1339916508,"name":"","gauge":"","electrified":""},"geometry":{"type":"LineString","coordinates":[[114.3936454,35.8766652],[114.3943162,35.876563]]}},{"type":"Feature","properties":{"osm_id":1339916509,"name":"","gauge":"","electrified":""},"geometry":{"type":"LineString","coordinates":[[114.4223846,35.8733811],[114.4216338,35.8734127],[114.4203973,35.8735572],[114.4192748,35.873692],[114.3993151,35.8759925],[114.3989082,35.8760395],[114.3979362,35.8761518],[114.3966436,35.8763011],[114.3963675,35.8763332],[114.3955964,35.8764229],[114.3945126,35.8765489],[114.3943162,35.876563],[114.392543,35.8766907],[114.3918264,35.8767423]]}},{"type":"Feature","properties":{"osm_id":1339916510,"name":"","gauge":"","electrified":""},"geometry":{"type":"LineString","coordinates":[[114.4009256,35.8781672],[114.4002271,35.8781343],[114.3996933,35.8780561],[114.3990415,35.8778649],[114.3984541,35.8776127],[114.3980679,35.8773976],[114.3977568,35.8771824]]}},{"type":"Feature","properties":{"osm_id":1339916511,"name":"","gauge":"","electrified":""},"geometry":{"type":"LineString","coordinates":[[114.3948054,35.8766555],[114.3953213,35.8766467],[114.3955949,35.8766413],[114.3960696,35.87665],[114.3965337,35.876713],[114.3971962,35.8769173],[114.3977568,35.8771824],[114.3984997,35.8775888],[114.3990979,35.8778453],[114.3997389,35.878017],[114.4002512,35.8780974],[114.4009254,35.8781251]]}},{"type":"Feature","properties":{"osm_id":1339916516,"name":"瓦日铁路","gauge":"","electrified":""},"geometry":{"type":"LineString","coordinates":[[114.4230955,35.8733004],[114.4223808,35.8734334],[114.4216997,35.8735117],[114.3973428,35.8763124],[114.3965994,35.8763979],[114.3932788,35.8767845],[114.3924616,35.8768796],[114.3912886,35.8770162],[114.3885031,35.8773389],[114.3812545,35.8783723],[114.3788096,35.8786462],[114.3747702,35.8791047],[114.3696915,35.8796839],[114.3619587,35.8805662],[114.360175,35.8807607],[114.3565392,35.8810998],[114.3535074,35.8813702]]}},{"type":"Feature","properties":{"osm_id":1339916517,"name":"","gauge":"","electrified":""},"geometry":{"type":"LineString","coordinates":[[114.3619037,35.8768054],[114.3625568,35.8769041],[114.3738127,35.8786049],[114.374144,35.8786913]]}},{"type":"Feature","properties":{"osm_id":1339916518,"name":"","gauge":"","electrified":""},"geometry":{"type":"LineString","coordinates":[[114.3756295,35.8787685],[114.3750505,35.8787798],[114.3746495,35.8787624],[114.374144,35.8786913],[114.3737188,35.8786407],[114.3630047,35.8770205],[114.3625568,35.8769041]]}},{"type":"Feature","properties":{"osm_id":1339916522,"name":"","gauge":"","electrified":""},"geometry":{"type":"LineString","coordinates":[[114.3665881,35.8790421],[114.3614335,35.8796902]]}},{"type":"Feature","properties":{"osm_id":1314191005,"name":"包兰线","gauge":"","electrified":""},"geometry":{"type":"LineString","coordinates":[[109.4557374,40.6241908],[109.4548201,40.6242185]]}},{"type":"Feature","properties":{"osm_id":1314191006,"name":"包兰线","gauge":"","electrified":""},"geometry":{"type":"LineString","coordinates":[[109.5246121,40.6228493],[109.502296,40.6233593],[109.4802926,40.6237414],[109.476668,40.6238043],[109.461498,40.6241193],[109.4557374,40.6241908]]}},{"type":"Feature","properties":{"osm_id":1096916734,"name":"京包客专线","gauge":"","electrified":""},"geometry":{"type":"LineString","coordinates":[[112.1108411,40.8936518],[112.1129684,40.8949349]]}},{"type":"Feature","properties":{"osm_id":1096916735,"name":"京包客专线","gauge":"","electrified":""},"geometry":{"type":"LineString","coordinates":[[112.1129684,40.8949349],[112.1147033,40.8959812],[112.1193064,40.898737]]}},{"type":"Feature","properties":{"osm_id":1096916738,"name":"京包客专线","gauge":"","electrified":""},"geometry":{"type":"LineString","coordinates":[[113.7728961,40.9168509],[113.7872451,40.9122853]]}},{"type":"Feature","properties":{"osm_id":1096916739,"name":"京包客专线","gauge":"","electrified":""},"geometry":{"type":"LineString","coordinates":[[113.7872451,40.9122853],[113.7976956,40.9089599]]}},{"type":"Feature","properties":{"osm_id":1096916741,"name":"京包客专线","gauge":"","electrified":""},"geometry":{"type":"LineString","coordinates":[[113.5922081,40.9450094],[113.5940248,40.9449321]]}},{"type":"Feature","properties":{"osm_id":1096916742,"name":"京包客专线","gauge":"","electrified":""},"geometry":{"type":"LineString","coordinates":[[113.5874443,40.945212],[113.5918188,40.9450259]]}},{"type":"Feature","properties":{"osm_id":1096916743,"name":"京包客专线","gauge":"","electrified":""},"geometry":{"type":"LineString","coordinates":[[113.5845105,40.9453367],[113.5874443,40.945212]]}},{"type":"Feature","properties":{"osm_id":1096918494,"name":"京包客专线","gauge":"","electrified":""},"geometry":{"type":"LineString","coordinates":[[112.091989,40.8826361],[112.0955416,40.8844803],[112.1036633,40.8893226]]}},{"type":"Feature","properties":{"osm_id":1096918495,"name":"京包客专线","gauge":"","electrified":""},"geometry":{"type":"LineString","coordinates":[[112.1036633,40.8893226],[112.1108411,40.8936518]]}},{"type":"Feature","properties":{"osm_id":1096920297,"name":"京包客专线","gauge":"","electrified":""},"geometry":{"type":"LineString","coordinates":[[111.9369472,40.8764539],[111.9389864,40.8763929],[111.9437822,40.8763929],[111.9564101,40.8763604],[111.9595082,40.876358]]}},{"type":"Feature","properties":{"osm_id":1096925235,"name":"兰新客专线","gauge":"","electrified":""},"geometry":{"type":"LineString","coordinates":[[88.1533851,43.4045537],[88.1462119,43.4067417]]}},{"type":"Feature","properties":{"osm_id":161784782,"name":"京包线","gauge":"","electrified":""},"geometry":{"type":"LineString","coordinates":[[112.1778975,40.9635409],[112.1765578,40.9635773],[112.1742239,40.9636586],[112.1715435,40.963835],[112.1686542,40.9641785],[112.1657648,40.9646149],[112.1612279,40.9653019],[112.1607509,40.9653655]]}},{"type":"Feature","properties":{"osm_id":660115891,"name":"","gauge":"","electrified":""},"geometry":{"type":"LineString","coordinates":[[130.2612005,47.2695806],[130.2606775,47.2695647],[130.2600854,47.2694658],[130.2582072,47.2692125]]}},{"type":"Feature","properties":{"osm_id":561882602,"name":"兰新客专线","gauge":"","electrified":""},"geometry":{"type":"LineString","coordinates":[[88.1462119,43.4067417],[88.1399874,43.4089795],[88.1296092,43.4131523],[88.1240871,43.4159339],[88.1186114,43.4189828],[88.117963,43.4193779]]}},{"type":"Feature","properties":{"osm_id":1096903229,"name":"京包客专线","gauge":"","electrified":""},"geometry":{"type":"LineString","coordinates":[[112.079731,40.8778852],[112.0888575,40.8811141],[112.091989,40.8826361]]}},{"type":"Feature","properties":{"osm_id":1096908529,"name":"京包客专线","gauge":"","electrified":""},"geometry":{"type":"LineString","coordinates":[[112.653438,40.9298712],[112.6588852,40.9312987]]}},{"type":"Feature","properties":{"osm_id":1096908531,"name":"","gauge":"","electrified":""},"geometry":{"type":"LineString","coordinates":[[112.638015,40.926209],[112.6369014,40.9263643]]}},{"type":"Feature","properties":{"osm_id":1096908532,"name":"","gauge":"","electrified":""},"geometry":{"type":"LineString","coordinates":[[112.6422626,40.9256392],[112.638015,40.926209]]}},{"type":"Feature","properties":{"osm_id":1096908533,"name":"京包线","gauge":"","electrified":""},"geometry":{"type":"LineString","coordinates":[[112.6378335,40.9260133],[112.6369145,40.9260534]]}},{"type":"Feature","properties":{"osm_id":1096908534,"name":"京包线","gauge":"","electrified":""},"geometry":{"type":"LineString","coordinates":[[112.6563942,40.9217252],[112.655634,40.9220757],[112.6527003,40.9231954],[112.6500979,40.9240504],[112.6479499,40.9246011],[112.6446283,40.9252689],[112.6422626,40.9256392],[112.6420352,40.9256393],[112.6391817,40.9259458],[112.6378335,40.9260133]]}},{"type":"Feature","properties":{"osm_id":1096908536,"name":"京包客专线","gauge":"","electrified":""},"geometry":{"type":"LineString","coordinates":[[112.594183,40.9202012],[112.5953344,40.920396]]}},{"type":"Feature","properties":{"osm_id":1096908537,"name":"京包客专线","gauge":"","electrified":""},"geometry":{"type":"LineString","coordinates":[[112.4944728,40.9181355],[112.505351,40.9146557]]}},{"type":"Feature","properties":{"osm_id":1096908538,"name":"京包客专线","gauge":"","electrified":""},"geometry":{"type":"LineString","coordinates":[[112.4849135,40.9215046],[112.4852049,40.9213929]]}},{"type":"Feature","properties":{"osm_id":1096908542,"name":"京包客专线","gauge":"","electrified":""},"geometry":{"type":"LineString","coordinates":[[112.4488264,40.9477179],[112.4527059,40.9451296]]}},{"type":"Feature","properties":{"osm_id":1096908543,"name":"京包客专线","gauge":"","electrified":""},"geometry":{"type":"LineString","coordinates":[[112.4443495,40.9503116],[112.4446974,40.9501101]]}},{"type":"Feature","properties":{"osm_id":1096912885,"name":"京包客专线","gauge":"","electrified":""},"geometry":{"type":"LineString","coordinates":[[112.9781199,40.9883003],[112.9783236,40.988307]]}},{"type":"Feature","properties":{"osm_id":1096912889,"name":"京包客专线","gauge":"","electrified":""},"geometry":{"type":"LineString","coordinates":[[112.8096469,40.9768395],[112.8110648,40.9768834]]}},{"type":"Feature","properties":{"osm_id":1096912890,"name":"京包客专线","gauge":"","electrified":""},"geometry":{"type":"LineString","coordinates":[[112.805686,40.9767169],[112.8096469,40.9768395]]}},{"type":"Feature","properties":{"osm_id":1096912892,"name":"京包客专线","gauge":"","electrified":""},"geometry":{"type":"LineString","coordinates":[[112.6835837,40.9360639],[112.6843542,40.9361702]]}},{"type":"Feature","properties":{"osm_id":1096918492,"name":"京包客专线","gauge":"","electrified":""},"geometry":{"type":"LineString","coordinates":[[112.0150347,40.8737531],[112.017168,40.873774]]}},{"type":"Feature","properties":{"osm_id":331739475,"name":"京包线","gauge":"","electrified":""},"geometry":{"type":"LineString","coordinates":[[112.2554402,40.9663743],[112.2479377,40.9648793],[112.2391401,40.963421],[112.2337971,40.9630159],[112.2270165,40.9630159],[112.2210083,40.9630645]]}},{"type":"Feature","properties":{"osm_id":386424019,"name":"郑西客专郑州联络线","gauge":"","electrified":""},"geometry":{"type":"LineString","coordinates":[[113.62455,34.7633539],[113.6239011,34.7634804]]}},{"type":"Feature","properties":{"osm_id":386424021,"name":"南西出发线","gauge":"","electrified":""},"geometry":{"type":"LineString","coordinates":[[113.6300986,34.7625985],[113.6298377,34.7625769],[113.6295117,34.7625616],[113.629155,34.7625725],[113.6288238,34.7626167],[113.6284868,34.7626776],[113.6253434,34.7632938]]}},{"type":"Feature","properties":{"osm_id":539910751,"name":"京包客专线","gauge":"","electrified":""},"geometry":{"type":"LineString","coordinates":[[112.3087034,40.9848769],[112.3134082,40.9853139],[112.3161863,40.9854075],[112.3189918,40.985382],[112.3223073,40.9852528],[112.326207,40.984937],[112.3298176,40.984505]]}},{"type":"Feature","properties":{"osm_id":512318735,"name":"京包客专线","gauge":"","electrified":""},"geometry":{"type":"LineString","coordinates":[[112.5982659,40.9209198],[112.5996333,40.9211375],[112.6029405,40.9216481],[112.6077335,40.9222968],[112.6128336,40.9230379],[112.6149433,40.9233952],[112.6165321,40.9236557],[112.6240307,40.9247328]]}},{"type":"Feature","properties":{"osm_id":512318736,"name":"京包客专线","gauge":"","electrified":""},"geometry":{"type":"LineString","coordinates":[[112.6240307,40.9247328],[112.6263589,40.9250976],[112.629261,40.9254907],[112.631734,40.9258515],[112.6351887,40.9263459],[112.6377904,40.9267472],[112.6405746,40.9271444],[112.6437503,40.9276916],[112.6461911,40.9281374],[112.6484978,40.9286278],[112.6512953,40.9293124]]}},{"type":"Feature","properties":{"osm_id":512318737,"name":"京包客专线","gauge":"","electrified":""},"geometry":{"type":"LineString","coordinates":[[112.6632722,40.9324474],[112.6664686,40.9332865],[112.6703095,40.9341294],[112.6760012,40.9349744],[112.6788658,40.9353797],[112.6808238,40.9356634],[112.6835837,40.9360639]]}},{"type":"Feature","properties":{"osm_id":512318739,"name":"京包客专线","gauge":"","electrified":""},"geometry":{"type":"LineString","coordinates":[[112.7008267,40.9384155],[112.7017866,40.9386162],[112.7036279,40.9389539],[112.7043717,40.9390758]]}},{"type":"Feature","properties":{"osm_id":539910713,"name":"京包客专线","gauge":"","electrified":""},"geometry":{"type":"LineString","coordinates":[[112.4925986,40.9187254],[112.4944728,40.9181355]]}},{"type":"Feature","properties":{"osm_id":539910759,"name":"京包客专线","gauge":"","electrified":""},"geometry":{"type":"LineString","coordinates":[[112.4446974,40.9501101],[112.445873,40.9494284],[112.4488264,40.9477179]]}},{"type":"Feature","properties":{"osm_id":556092835,"name":"京包客专线","gauge":"","electrified":""},"geometry":{"type":"LineString","coordinates":[[112.8110648,40.9768834],[112.8192901,40.9771381],[112.8287825,40.9775003]]}},{"type":"Feature","properties":{"osm_id":744752565,"name":"","gauge":"","electrified":""},"geometry":{"type":"LineString","coordinates":[[113.6997122,34.7350747],[113.700161,34.7351225],[113.7005139,34.7351602],[113.7007025,34.7351755],[113.7009611,34.7351913],[113.7112361,34.7353905],[113.7113724,34.7354009],[113.711477,34.7354136],[113.7118012,34.7354662],[113.7119415,34.7354831],[113.7121855,34.7354946],[113.7123955,34.7354842],[113.7125261,34.7354687],[113.7130083,34.7353875],[113.7131984,34.7353675],[113.713389,34.7353581],[113.714531,34.7353689]]}},{"type":"Feature","properties":{"osm_id":744752576,"name":"","gauge":"","electrified":""},"geometry":{"type":"LineString","coordinates":[[113.7004002,34.7350661],[113.7010677,34.7351253],[113.7013096,34.7351425],[113.7015416,34.7351518],[113.7118959,34.7353661],[113.7122227,34.735364],[113.7124599,34.7353476],[113.7132449,34.7353038]]}},{"type":"Feature","properties":{"osm_id":744752578,"name":"","gauge":"","electrified":""},"geometry":{"type":"LineString","coordinates":[[113.6932149,34.7343722],[113.6941878,34.7343983],[113.6945275,34.7344204],[113.69497,34.7344672],[113.6972455,34.7347389],[113.6975792,34.7347709],[113.6980341,34.7347722],[113.6981735,34.7347753],[113.6991341,34.7347969],[113.7049344,34.7349109],[113.710462,34.7350136],[113.710745,34.7350262],[113.7114074,34.7350809]]}},{"type":"Feature","properties":{"osm_id":744752625,"name":"郑州东南联络线","gauge":"","electrified":""},"geometry":{"type":"LineString","coordinates":[[113.6932798,34.7348581],[113.6960499,34.7349149],[113.6962233,34.734919],[113.6971264,34.7349396],[113.697307,34.7349457],[113.6989424,34.7349775],[113.699121,34.7349822],[113.7049461,34.7350977]]}},{"type":"Feature","properties":{"osm_id":744752638,"name":"陇海下行货线","gauge":"","electrified":""},"geometry":{"type":"LineString","coordinates":[[113.6979386,34.7348176],[113.6974217,34.734805],[113.6939892,34.7347356],[113.6934809,34.7347164],[113.6931912,34.7347037],[113.6928942,34.7346821],[113.6924329,34.7346404],[113.6915194,34.7345445],[113.6910646,34.7345045],[113.6906624,34.7344775],[113.6898024,34.7344206],[113.6889298,34.7343794],[113.6876142,34.7343683],[113.6844355,34.7343883]]}},{"type":"Feature","properties":{"osm_id":775860620,"name":"","gauge":"","electrified":""},"geometry":{"type":"LineString","coordinates":[[113.6105302,34.7659805],[113.6108963,34.7658085],[113.6112231,34.7656828],[113.6116898,34.7655594],[113.6195573,34.7640353],[113.6198987,34.7639824],[113.6202111,34.7639489],[113.6208618,34.763928]]}},{"type":"Feature","properties":{"osm_id":775862245,"name":"","gauge":"","electrified":""},"geometry":{"type":"LineString","coordinates":[[113.6238933,34.7634314],[113.623513,34.7634595],[113.6228443,34.7635708],[113.6219573,34.7636942]]}},{"type":"Feature","properties":{"osm_id":838055520,"name":"郑州东南联络线","gauge":"","electrified":""},"geometry":{"type":"LineString","coordinates":[[113.7227976,34.7353329],[113.7241173,34.7353528]]}},{"type":"Feature","properties":{"osm_id":838055521,"name":"郑州东南联络线","gauge":"","electrified":""},"geometry":{"type":"LineString","coordinates":[[113.7241173,34.7353528],[113.7272022,34.7353766]]}},{"type":"Feature","properties":{"osm_id":838067622,"name":"郑州东南联络线","gauge":"","electrified":""},"geometry":{"type":"LineString","coordinates":[[113.7241514,34.7354817],[113.7272127,34.7355205]]}},{"type":"Feature","properties":{"osm_id":860275370,"name":"郑州东南联络线","gauge":"","electrified":""},"geometry":{"type":"LineString","coordinates":[[113.7049374,34.7350049],[113.7125796,34.7351506],[113.712811,34.7351572],[113.7177349,34.735253],[113.7179233,34.7352564],[113.7227976,34.7353329]]}},{"type":"Feature","properties":{"osm_id":1096897463,"name":"","gauge":"","electrified":""},"geometry":{"type":"LineString","coordinates":[[113.6918536,34.734826],[113.6904479,34.7347506]]}},{"type":"Feature","properties":{"osm_id":1096897465,"name":"","gauge":"","electrified":""},"geometry":{"type":"LineString","coordinates":[[113.7163342,34.7354563],[113.7175536,34.735474],[113.7208626,34.7355353]]}},{"type":"Feature","properties":{"osm_id":1096897466,"name":"","gauge":"","electrified":""},"geometry":{"type":"LineString","coordinates":[[113.7165814,34.7354002],[113.7175536,34.735474]]}},{"type":"Feature","properties":{"osm_id":1096897467,"name":"","gauge":"","electrified":""},"geometry":{"type":"LineString","coordinates":[[113.713518,34.7354122],[113.7130408,34.7354636],[113.7127065,34.7355285],[113.711641,34.7358016]]}},{"type":"Feature","properties":{"osm_id":1096903208,"name":"京包客专线","gauge":"","electrified":""},"geometry":{"type":"LineString","coordinates":[[112.1919598,40.9301021],[112.1939056,40.9309536]]}},{"type":"Feature","properties":{"osm_id":1096903209,"name":"京包客专线","gauge":"","electrified":""},"geometry":{"type":"LineString","coordinates":[[112.1824068,40.9259215],[112.1919598,40.9301021]]}},{"type":"Feature","properties":{"osm_id":1096903210,"name":"京包客专线","gauge":"","electrified":""},"geometry":{"type":"LineString","coordinates":[[112.1798538,40.9248041],[112.1824068,40.9259215]]}},{"type":"Feature","properties":{"osm_id":1096903211,"name":"京包客专线","gauge":"","electrified":""},"geometry":{"type":"LineString","coordinates":[[112.1760155,40.9231243],[112.1798538,40.9248041]]}},{"type":"Feature","properties":{"osm_id":1096903212,"name":"京包客专线","gauge":"","electrified":""},"geometry":{"type":"LineString","coordinates":[[112.1740815,40.9222778],[112.1760155,40.9231243]]}},{"type":"Feature","properties":{"osm_id":1096903213,"name":"京包客专线","gauge":"","electrified":""},"geometry":{"type":"LineString","coordinates":[[112.1680184,40.9199824],[112.1736153,40.9220738],[112.1740815,40.9222778]]}},{"type":"Feature","properties":{"osm_id":1096903214,"name":"京包客专线","gauge":"","electrified":""},"geometry":{"type":"LineString","coordinates":[[112.1592689,40.9169981],[112.1650752,40.918904],[112.1680184,40.9199824]]}},{"type":"Feature","properties":{"osm_id":1096903216,"name":"京包客专线","gauge":"","electrified":""},"geometry":{"type":"LineString","coordinates":[[112.156805,40.9161852],[112.15745,40.9163824]]}},{"type":"Feature","properties":{"osm_id":1096903217,"name":"京包客专线","gauge":"","electrified":""},"geometry":{"type":"LineString","coordinates":[[112.1539279,40.915126],[112.156805,40.9161852]]}},{"type":"Feature","properties":{"osm_id":1096903218,"name":"京包客专线","gauge":"","electrified":""},"geometry":{"type":"LineString","coordinates":[[112.150761,40.9139055],[112.1539279,40.915126]]}},{"type":"Feature","properties":{"osm_id":1096903219,"name":"京包客专线","gauge":"","electrified":""},"geometry":{"type":"LineString","coordinates":[[112.1490892,40.9132612],[112.150761,40.9139055]]}},{"type":"Feature","properties":{"osm_id":1096903220,"name":"京包客专线","gauge":"","electrified":""},"geometry":{"type":"LineString","coordinates":[[112.1297055,40.9044136],[112.1332856,40.9060205],[112.1406671,40.909491],[112.1490892,40.9132612]]}},{"type":"Feature","properties":{"osm_id":1096903221,"name":"京包客专线","gauge":"","electrified":""},"geometry":{"type":"LineString","coordinates":[[112.1278945,40.9036007],[112.1297055,40.9044136]]}},{"type":"Feature","properties":{"osm_id":1096903226,"name":"京包客专线","gauge":"","electrified":""},"geometry":{"type":"LineString","coordinates":[[112.1269519,40.9031776],[112.1278945,40.9036007]]}},{"type":"Feature","properties":{"osm_id":1096903228,"name":"京包客专线","gauge":"","electrified":""},"geometry":{"type":"LineString","coordinates":[[112.1193064,40.898737],[112.1226654,40.9007478]]}},{"type":"Feature","properties":{"osm_id":1096903230,"name":"京包线","gauge":"","electrified":""},"geometry":{"type":"LineString","coordinates":[[112.1607509,40.9653655],[112.1596209,40.9655188]]}},{"type":"Feature","properties":{"osm_id":1096903231,"name":"京包线","gauge":"","electrified":""},"geometry":{"type":"LineString","coordinates":[[112.1596209,40.9655188],[112.1548467,40.9659982]]}},{"type":"Feature","properties":{"osm_id":1096903232,"name":"京包线","gauge":"","electrified":""},"geometry":{"type":"LineString","coordinates":[[112.1785802,40.9635358],[112.1778975,40.9635409]]}},{"type":"Feature","properties":{"osm_id":1096903233,"name":"京包线","gauge":"","electrified":""},"geometry":{"type":"LineString","coordinates":[[112.1972772,40.9633894],[112.1848468,40.9634822],[112.1785802,40.9635358]]}},{"type":"Feature","properties":{"osm_id":1096903253,"name":"京包线","gauge":"","electrified":""},"geometry":{"type":"LineString","coordinates":[[112.1185697,40.9547747],[112.1192184,40.955367],[112.1209577,40.9568578],[112.1223839,40.9579021],[112.1238623,40.9588806]]}},{"type":"Feature","properties":{"osm_id":1096903254,"name":"京包线","gauge":"","electrified":""},"geometry":{"type":"LineString","coordinates":[[112.1238623,40.9588806],[112.1258277,40.9600168],[112.1277335,40.9609788],[112.1314913,40.9626604]]}},{"type":"Feature","properties":{"osm_id":1096904411,"name":"京包客专线","gauge":"","electrified":""},"geometry":{"type":"LineString","coordinates":[[112.2862462,40.9785652],[112.290331,40.9803232]]}},{"type":"Feature","properties":{"osm_id":1096904412,"name":"京包客专线","gauge":"","electrified":""},"geometry":{"type":"LineString","coordinates":[[112.2825804,40.976677],[112.2840122,40.9775071],[112.2862462,40.9785652]]}},{"type":"Feature","properties":{"osm_id":1096904413,"name":"京包客专线","gauge":"","electrified":""},"geometry":{"type":"LineString","coordinates":[[112.2805114,40.9755121],[112.2818184,40.9762288],[112.2825804,40.976677]]}},{"type":"Feature","properties":{"osm_id":1096904414,"name":"京包客专线","gauge":"","electrified":""},"geometry":{"type":"LineString","coordinates":[[112.2787302,40.9745353],[112.2805114,40.9755121]]}},{"type":"Feature","properties":{"osm_id":1096904415,"name":"京包客专线","gauge":"","electrified":""},"geometry":{"type":"LineString","coordinates":[[112.2713567,40.9704396],[112.2729671,40.9712633],[112.2748983,40.9724136],[112.2787302,40.9745353]]}},{"type":"Feature","properties":{"osm_id":1096904416,"name":"京包客专线","gauge":"","electrified":""},"geometry":{"type":"LineString","coordinates":[[112.2693932,40.9693947],[112.2699845,40.969708],[112.2713567,40.9704396]]}},{"type":"Feature","properties":{"osm_id":1096904417,"name":"京包客专线","gauge":"","electrified":""},"geometry":{"type":"LineString","coordinates":[[112.268508,40.9689836],[112.2693932,40.9693947]]}},{"type":"Feature","properties":{"osm_id":1096904418,"name":"京包客专线","gauge":"","electrified":""},"geometry":{"type":"LineString","coordinates":[[112.2625431,40.9664853],[112.2669697,40.9682579],[112.268508,40.9689836]]}},{"type":"Feature","properties":{"osm_id":1096904420,"name":"京包线","gauge":"","electrified":""},"geometry":{"type":"LineString","coordinates":[[112.2608863,40.9677412],[112.2605592,40.9676522]]}},{"type":"Feature","properties":{"osm_id":1096904429,"name":"京包线","gauge":"","electrified":""},"geometry":{"type":"LineString","coordinates":[[112.2561853,40.9665227],[112.2554402,40.9663743]]}},{"type":"Feature","properties":{"osm_id":1096904430,"name":"京包线","gauge":"","electrified":""},"geometry":{"type":"LineString","coordinates":[[112.2734391,40.9736798],[112.2689019,40.9710547],[112.2653828,40.9693374],[112.2608863,40.9677412]]}},{"type":"Feature","properties":{"osm_id":1096904431,"name":"京包客专线","gauge":"","electrified":""},"geometry":{"type":"LineString","coordinates":[[112.2550849,40.9635521],[112.2625431,40.9664853]]}},{"type":"Feature","properties":{"osm_id":1096904432,"name":"京包客专线","gauge":"","electrified":""},"geometry":{"type":"LineString","coordinates":[[112.2517604,40.9622627],[112.2550849,40.9635521]]}},{"type":"Feature","properties":{"osm_id":1096904433,"name":"京包客专线","gauge":"","electrified":""},"geometry":{"type":"LineString","coordinates":[[112.2500854,40.9615801],[112.2517604,40.9622627]]}},{"type":"Feature","properties":{"osm_id":1096905399,"name":"京包客专线","gauge":"","electrified":""},"geometry":{"type":"LineString","coordinates":[[112.4068737,40.9631702],[112.407972,40.962711]]}},{"type":"Feature","properties":{"osm_id":1096905400,"name":"京包客专线","gauge":"","electrified":""},"geometry":{"type":"LineString","coordinates":[[112.3941546,40.9682417],[112.4002132,40.9660665]]}},{"type":"Feature","properties":{"osm_id":1096905402,"name":"京包客专线","gauge":"","electrified":""},"geometry":{"type":"LineString","coordinates":[[112.3748488,40.9726515],[112.3793542,40.9717432]]}},{"type":"Feature","properties":{"osm_id":1096905403,"name":"京包客专线","gauge":"","electrified":""},"geometry":{"type":"LineString","coordinates":[[112.3731733,40.9729892],[112.3748488,40.9726515]]}},{"type":"Feature","properties":{"osm_id":1096905408,"name":"京包线","gauge":"","electrified":""},"geometry":{"type":"LineString","coordinates":[[112.3738422,40.9746489],[112.3678861,40.9764796]]}},{"type":"Feature","properties":{"osm_id":1096905409,"name":"京包线","gauge":"","electrified":""},"geometry":{"type":"LineString","coordinates":[[112.3745097,40.9744405],[112.3738422,40.9746489]]}},{"type":"Feature","properties":{"osm_id":1096905411,"name":"京包客专线","gauge":"","electrified":""},"geometry":{"type":"LineString","coordinates":[[112.353044,40.9777735],[112.3589912,40.9759636]]}},{"type":"Feature","properties":{"osm_id":1096905412,"name":"京包客专线","gauge":"","electrified":""},"geometry":{"type":"LineString","coordinates":[[112.2977602,40.9828034],[112.2998305,40.9832618],[112.3031886,40.9839908],[112.3059352,40.9844443],[112.3087034,40.9848769]]}},{"type":"Feature","properties":{"osm_id":1096905413,"name":"京包客专线","gauge":"","electrified":""},"geometry":{"type":"LineString","coordinates":[[112.290331,40.9803232],[112.2933021,40.9814742],[112.2954244,40.9821429],[112.2977602,40.9828034]]}},{"type":"Feature","properties":{"osm_id":705105666,"name":"京包客专线","gauge":"","electrified":""},"geometry":{"type":"LineString","coordinates":[[114.1457347,40.7297749],[114.157573,40.715566],[114.1580234,40.7150604]]}},{"type":"Feature","properties":{"osm_id":705105671,"name":"京包客专线","gauge":"","electrified":""},"geometry":{"type":"LineString","coordinates":[[114.1265025,40.7513899],[114.1267676,40.7510377]]}},{"type":"Feature","properties":{"osm_id":744752490,"name":"郑州东南联络线","gauge":"","electrified":""},"geometry":{"type":"LineString","coordinates":[[113.7404436,34.735806],[113.741138,34.7358151]]}},{"type":"Feature","properties":{"osm_id":744752497,"name":"郑州东南联络线","gauge":"","electrified":""},"geometry":{"type":"LineString","coordinates":[[113.7272022,34.7353766],[113.7281781,34.7353902]]}},{"type":"Feature","properties":{"osm_id":744752501,"name":"陇海上行货线","gauge":"","electrified":""},"geometry":{"type":"LineString","coordinates":[[113.6844073,34.7346315],[113.6904479,34.7347506],[113.6949203,34.7348466]]}},{"type":"Feature","properties":{"osm_id":744752502,"name":"郑州东南联络线","gauge":"","electrified":""},"geometry":{"type":"LineString","coordinates":[[113.7272127,34.7355205],[113.7280896,34.7355379]]}},{"type":"Feature","properties":{"osm_id":744752548,"name":"","gauge":"","electrified":""},"geometry":{"type":"LineString","coordinates":[[113.7021138,34.7355354],[113.702588,34.7355892],[113.7032536,34.7356611],[113.710645,34.7358037],[113.710898,34.7357993],[113.7111272,34.7357817],[113.711303,34.7357552],[113.7119347,34.7355898],[113.7121878,34.7355261]]}},{"type":"Feature","properties":{"osm_id":744752550,"name":"","gauge":"","electrified":""},"geometry":{"type":"LineString","coordinates":[[113.702588,34.7355892],[113.7109252,34.7357609],[113.7111178,34.7357487],[113.7113229,34.7357115],[113.7116157,34.7356385],[113.7119274,34.7355636],[113.7121878,34.7355261],[113.7123955,34.7354842]]}},{"type":"Feature","properties":{"osm_id":744752552,"name":"","gauge":"","electrified":""},"geometry":{"type":"LineString","coordinates":[[113.7011059,34.7354063],[113.7016076,34.7354633],[113.7018284,34.7354852],[113.7020613,34.7354964],[113.7109269,34.7356692],[113.7111626,34.7356556],[113.7113596,34.7356295],[113.7116512,34.7356014],[113.7119274,34.7355636]]}},{"type":"Feature","properties":{"osm_id":744752557,"name":"","gauge":"","electrified":""},"geometry":{"type":"LineString","coordinates":[[113.700611,34.735308],[113.7011089,34.7353752],[113.7015244,34.7353732],[113.7108602,34.7355755],[113.7111499,34.7355751],[113.7114037,34.7355554],[113.7116365,34.7355427],[113.7119099,34.7355124]]}},{"type":"Feature","properties":{"osm_id":744752561,"name":"","gauge":"","electrified":""},"geometry":{"type":"LineString","coordinates":[[113.7001473,34.7352075],[113.7006028,34.7352728],[113.7015273,34.7352798],[113.7110035,34.7354737],[113.7114955,34.7354823],[113.7116175,34.7354933],[113.711753,34.7354988],[113.7119099,34.7355124],[113.7121855,34.7354946]]}},{"type":"Feature","properties":{"osm_id":958316641,"name":"","gauge":"","electrified":""},"geometry":{"type":"LineString","coordinates":[[113.6960453,34.7348764],[113.6951265,34.7348086]]}},{"type":"Feature","properties":{"osm_id":958316642,"name":"","gauge":"","electrified":""},"geometry":{"type":"LineString","coordinates":[[113.6951294,34.734852],[113.6960468,34.7348241]]}},{"type":"Feature","properties":{"osm_id":958316644,"name":"","gauge":"","electrified":""},"geometry":{"type":"LineString","coordinates":[[113.698175,34.7348235],[113.6991341,34.7347969]]}},{"type":"Feature","properties":{"osm_id":958316645,"name":"","gauge":"","electrified":""},"geometry":{"type":"LineString","coordinates":[[113.6970338,34.7348926],[113.6962233,34.734919]]}},{"type":"Feature","properties":{"osm_id":1019187250,"name":"京包客专线","gauge":"","electrified":""},"geometry":{"type":"LineString","coordinates":[[112.3523176,40.9779946],[112.353044,40.9777735]]}},{"type":"Feature","properties":{"osm_id":1019187252,"name":"京包客专线","gauge":"","electrified":""},"geometry":{"type":"LineString","coordinates":[[112.3664446,40.9743976],[112.3722517,40.973175],[112.3731733,40.9729892]]}},{"type":"Feature","properties":{"osm_id":1019187256,"name":"京包客专线","gauge":"","electrified":""},"geometry":{"type":"LineString","coordinates":[[112.4002132,40.9660665],[112.4068737,40.9631702]]}},{"type":"Feature","properties":{"osm_id":1019187262,"name":"京包线","gauge":"","electrified":""},"geometry":{"type":"LineString","coordinates":[[112.4025211,40.9686213],[112.3982695,40.9691082],[112.3938278,40.9698697],[112.3911241,40.9705015],[112.3856531,40.9717004],[112.3797307,40.9730288],[112.3745097,40.9744405]]}},{"type":"Feature","properties":{"osm_id":1027511246,"name":"京包客专线","gauge":"","electrified":""},"geometry":{"type":"LineString","coordinates":[[112.1968168,40.9323109],[112.2146979,40.9411392]]}},{"type":"Feature","properties":{"osm_id":1049687402,"name":"郑州东南联络线","gauge":"","electrified":""},"geometry":{"type":"LineString","coordinates":[[113.6966999,34.7348374],[113.7049374,34.7350049]]}},{"type":"Feature","properties":{"osm_id":1049689156,"name":"郑西客专郑州联络线","gauge":"","electrified":""},"geometry":{"type":"LineString","coordinates":[[113.6101708,34.7661789],[113.6093982,34.7663516]]}},{"type":"Feature","properties":{"osm_id":1054158624,"name":"郑州东南联络线","gauge":"","electrified":""},"geometry":{"type":"LineString","coordinates":[[113.7594259,34.7358232],[113.760124,34.7358339]]}},{"type":"Feature","properties":{"osm_id":1096900591,"name":"","gauge":"","electrified":""},"geometry":{"type":"LineString","coordinates":[[113.6239106,34.7635234],[113.6232021,34.7637095]]}},{"type":"Feature","properties":{"osm_id":1096900595,"name":"","gauge":"","electrified":""},"geometry":{"type":"LineString","coordinates":[[113.6249679,34.7633212],[113.6267,34.7629828]]}},{"type":"Feature","properties":{"osm_id":1096900597,"name":"郑西客专郑州联络线","gauge":"","electrified":""},"geometry":{"type":"LineString","coordinates":[[113.6263132,34.7630107],[113.62455,34.7633539]]}},{"type":"Feature","properties":{"osm_id":1096903198,"name":"京包客专线","gauge":"","electrified":""},"geometry":{"type":"LineString","coordinates":[[112.2470212,40.9604038],[112.2473838,40.9605704]]}},{"type":"Feature","properties":{"osm_id":1096903200,"name":"京包客专线","gauge":"","electrified":""},"geometry":{"type":"LineString","coordinates":[[112.2271142,40.9505998],[112.2280697,40.9513116]]}},{"type":"Feature","properties":{"osm_id":1096903202,"name":"京包客专线","gauge":"","electrified":""},"geometry":{"type":"LineString","coordinates":[[112.2258337,40.9495712],[112.2271142,40.9505998]]}},{"type":"Feature","properties":{"osm_id":1096903204,"name":"京包客专线","gauge":"","electrified":""},"geometry":{"type":"LineString","coordinates":[[112.2159535,40.9419071],[112.2172405,40.9427173],[112.2184496,40.9435716]]}},{"type":"Feature","properties":{"osm_id":1096903206,"name":"京包客专线","gauge":"","electrified":""},"geometry":{"type":"LineString","coordinates":[[112.2184496,40.9435716],[112.2214851,40.9460265],[112.2251252,40.949041]]}},{"type":"Feature","properties":{"osm_id":1263887770,"name":"内六铁路","gauge":"","electrified":""},"geometry":{"type":"LineString","coordinates":[[104.2557543,28.4591287],[104.255463,28.457672],[104.255203,28.456205],[104.255096,28.455284],[104.255089,28.45381],[104.254936,28.452126],[104.254974,28.451525],[104.255051,28.450962],[104.255219,28.45027]]}},{"type":"Feature","properties":{"osm_id":741588769,"name":"京包客专线","gauge":"","electrified":""},"geometry":{"type":"LineString","coordinates":[[116.315393,40.0290875],[116.319098,40.0197156]]}},{"type":"Feature","properties":{"osm_id":1316875079,"name":"汕汕高速线","gauge":"","electrified":""},"geometry":{"type":"LineString","coordinates":[[116.7533613,23.3697874],[116.7533536,23.3700232],[116.7533496,23.3762131]]}},{"type":"Feature","properties":{"osm_id":1316875080,"name":"","gauge":"","electrified":""},"geometry":{"type":"LineString","coordinates":[[116.7517409,23.3842784],[116.7523527,23.383518],[116.7526184,23.3831449],[116.7528135,23.3828314],[116.7529978,23.3824682],[116.7531767,23.3819408],[116.7532538,23.3814707],[116.7532789,23.3809586],[116.7532908,23.3774567],[116.7533496,23.3762131]]}},{"type":"Feature","properties":{"osm_id":1096862439,"name":"","gauge":"","electrified":""},"geometry":{"type":"LineString","coordinates":[[123.6008373,47.2233817],[123.6011335,47.2232538],[123.6014235,47.2231285]]}},{"type":"Feature","properties":{"osm_id":1096862447,"name":"","gauge":"","electrified":""},"geometry":{"type":"LineString","coordinates":[[123.6186206,47.2171242],[123.6177981,47.2174814]]}},{"type":"Feature","properties":{"osm_id":1096862451,"name":"","gauge":"","electrified":""},"geometry":{"type":"LineString","coordinates":[[123.6180889,47.2173131],[123.6174787,47.2174772]]}},{"type":"Feature","properties":{"osm_id":1096862453,"name":"","gauge":"","electrified":""},"geometry":{"type":"LineString","coordinates":[[123.6211039,47.2161438],[123.6217516,47.2158559]]}},{"type":"Feature","properties":{"osm_id":1096862461,"name":"","gauge":"","electrified":""},"geometry":{"type":"LineString","coordinates":[[123.6192029,47.2167615],[123.6197944,47.2166086]]}},{"type":"Feature","properties":{"osm_id":522285029,"name":"","gauge":"","electrified":""},"geometry":{"type":"LineString","coordinates":[[104.1094379,26.1989204],[104.1099031,26.1998246],[104.1101375,26.2005062],[104.1103202,26.2011436],[104.1104318,26.2015332],[104.1109835,26.2030627],[104.1112395,26.2037726],[104.1115441,26.2042776],[104.112366,26.2053648]]}},{"type":"Feature","properties":{"osm_id":1316875081,"name":"","gauge":"","electrified":""},"geometry":{"type":"LineString","coordinates":[[116.752696,23.3703005],[116.7523663,23.3721587],[116.7523936,23.3824705],[116.7522756,23.3831202],[116.7520074,23.3837156],[116.7517409,23.3842784],[116.7515483,23.3845357],[116.7509118,23.3854104]]}},{"type":"Feature","properties":{"osm_id":144385572,"name":"沪昆线","gauge":"","electrified":""},"geometry":{"type":"LineString","coordinates":[[115.5579686,28.0699202],[115.5588126,28.0703378],[115.5597492,28.0708762],[115.5624028,28.0724158],[115.5637519,28.0732015],[115.5644667,28.0736228],[115.5650944,28.0740119],[115.5653492,28.0741825],[115.5655543,28.0743327],[115.5659806,28.0746792],[115.5670292,28.0755115],[115.5676883,28.0760663],[115.5686951,28.0769348],[115.5688589,28.0770704],[115.569616,28.0777156],[115.5710634,28.0789525],[115.573134,28.0806794]]}},{"type":"Feature","properties":{"osm_id":144423432,"name":"沪昆线","gauge":"","electrified":""},"geometry":{"type":"LineString","coordinates":[[115.1668307,27.8838428],[115.1672046,27.8840721],[115.168973,27.8853342],[115.170613,27.886338],[115.172898,27.887766],[115.174323,27.888529],[115.176284,27.889403],[115.177793,27.889968],[115.179339,27.890453],[115.191771,27.893534],[115.194438,27.894291],[115.197558,27.895419],[115.209948,27.900203],[115.211006,27.900563],[115.2125975,27.9010168],[115.2137187,27.9012753],[115.2153563,27.9015927],[115.25184,27.908218],[115.260069,27.909914]]}},{"type":"Feature","properties":{"osm_id":300589137,"name":"沪昆线","gauge":"","electrified":""},"geometry":{"type":"LineString","coordinates":[[115.8928502,28.3126084],[115.8931768,28.3137673],[115.8933967,28.3144639],[115.8936354,28.3150897],[115.8938974,28.3157397],[115.8944842,28.3169697],[115.8954141,28.3188176],[115.8968579,28.3210534],[115.8995872,28.3251445],[115.9002331,28.3261414],[115.9010082,28.3272709],[115.9012579,28.3276651],[115.9014231,28.3278936],[115.9015383,28.3280674],[115.9033801,28.3308433],[115.905956,28.3347208]]}},{"type":"Feature","properties":{"osm_id":301659833,"name":"马磁线","gauge":"","electrified":""},"geometry":{"type":"LineString","coordinates":[[114.2032215,36.4269289],[114.2053217,36.4268453],[114.2055443,36.4268302],[114.2058581,36.4268075],[114.2065474,36.4267104],[114.2073306,36.4265399],[114.2080092,36.4263543],[114.2094388,36.4258768],[114.2135748,36.424468],[114.2142695,36.4242738],[114.2148703,36.4241378],[114.2155462,36.4240364],[114.2163482,36.4239673],[114.2170912,36.4239522],[114.2177584,36.4239729]]}},{"type":"Feature","properties":{"osm_id":1226619650,"name":"沪昆线","gauge":"","electrified":""},"geometry":{"type":"LineString","coordinates":[[115.9020023,28.3284135],[115.9014071,28.3275353],[115.9004253,28.3260722],[115.8998784,28.3252269],[115.8992021,28.324221],[115.8985602,28.3232777],[115.8981304,28.3226314],[115.8954058,28.3185613],[115.894887,28.3176076],[115.8939591,28.3156641],[115.8935603,28.3146788],[115.8932412,28.3137485],[115.8928952,28.3126004]]}},{"type":"Feature","properties":{"osm_id":1328815261,"name":"","gauge":"","electrified":""},"geometry":{"type":"LineString","coordinates":[[115.130552,27.8742924],[115.1313497,27.8745754],[115.1325368,27.8749252],[115.1335098,27.8752055],[115.1343635,27.8754163],[115.1354151,27.8756272],[115.1378598,27.8761063],[115.1428278,27.8770383],[115.1475112,27.8779439],[115.1494952,27.8783128],[115.1511864,27.8786554],[115.1514385,27.8787009],[115.1553236,27.8794276],[115.1560668,27.8795674],[115.1568596,27.8797425],[115.1580747,27.8800074],[115.1586953,27.8801868],[115.1598349,27.8805246],[115.1603681,27.8807207],[115.1615413,27.8811646],[115.1626615,27.8816133],[115.1636186,27.8820537],[115.1643415,27.8824121],[115.1650436,27.8827808],[115.1660335,27.8833365]]}},{"type":"Feature","properties":{"osm_id":1341197482,"name":"沪昆线","gauge":"","electrified":""},"geometry":{"type":"LineString","coordinates":[[115.5731023,28.0807087],[115.5734694,28.0810208]]}},{"type":"Feature","properties":{"osm_id":1341197483,"name":"沪昆线","gauge":"","electrified":""},"geometry":{"type":"LineString","coordinates":[[115.5734694,28.0810208],[115.5772441,28.0842282],[115.5788366,28.085592],[115.5796588,28.0862738],[115.5802567,28.0867206]]}},{"type":"Feature","properties":{"osm_id":1341197484,"name":"沪昆线","gauge":"","electrified":""},"geometry":{"type":"LineString","coordinates":[[115.1668016,27.8838836],[115.1671816,27.8841015],[115.1689461,27.8853671],[115.1705867,27.8863713],[115.1728728,27.8878],[115.1743007,27.8885645],[115.1762647,27.8894398],[115.1777764,27.8900058],[115.1793251,27.8904917],[115.1917578,27.8935729],[115.1944223,27.8943292],[115.1975401,27.8954564],[115.2099306,27.9002405],[115.2109907,27.9006013],[115.2125846,27.9010558],[115.213708,27.9013148],[115.2153468,27.9016324],[115.2518302,27.9082576],[115.2600595,27.9099537]]}},{"type":"Feature","properties":{"osm_id":1341197485,"name":"沪昆线","gauge":"","electrified":""},"geometry":{"type":"LineString","coordinates":[[115.2600595,27.9099537],[115.2611173,27.9101331]]}},{"type":"Feature","properties":{"osm_id":1341197486,"name":"沪昆线","gauge":"","electrified":""},"geometry":{"type":"LineString","coordinates":[[115.2611173,27.9101331],[115.2716526,27.9120091],[115.2753726,27.9131832],[115.2788389,27.9148226],[115.3060218,27.9308805],[115.3094923,27.9325511],[115.3212042,27.9361461],[115.3253204,27.9376583],[115.330346,27.9398696],[115.3361049,27.9430075],[115.3520706,27.9516266],[115.354661,27.9535551],[115.3573291,27.9561643],[115.366526,27.9668953],[115.3696536,27.9698248],[115.3785632,27.9775225],[115.3808743,27.9802829],[115.3829458,27.9836951],[115.3841412,27.9867608],[115.3903219,28.0065093],[115.3913874,28.0093662],[115.4027251,28.0296124],[115.4049456,28.0330903],[115.4069831,28.0354814],[115.4188558,28.0458249],[115.4267685,28.0525771],[115.4295448,28.0544143],[115.4667255,28.0764853],[115.4707297,28.0783732],[115.4750167,28.0796653],[115.4789151,28.0802952],[115.4858872,28.0810177],[115.50104,28.0825453],[115.5031259,28.0827675],[115.5173975,28.0842712],[115.5295329,28.0857713],[115.5318887,28.0858284],[115.5341476,28.0853186],[115.540108,28.0819572],[115.5417648,28.0804804],[115.5424037,28.0795531]]}},{"type":"Feature","properties":{"osm_id":1341197487,"name":"沪昆线","gauge":"","electrified":""},"geometry":{"type":"LineString","coordinates":[[115.5424037,28.0795531],[115.5433599,28.0777747],[115.5441023,28.0761043],[115.5465289,28.0712957]]}},{"type":"Feature","properties":{"osm_id":1341197488,"name":"沪昆线","gauge":"","electrified":""},"geometry":{"type":"LineString","coordinates":[[115.5465289,28.0712957],[115.5470414,28.0705234],[115.5476578,28.0698308],[115.5487153,28.0690444],[115.549311,28.0687159],[115.5498306,28.0685257],[115.5505096,28.0682982],[115.5508691,28.0682237]]}},{"type":"Feature","properties":{"osm_id":1341197489,"name":"沪昆线","gauge":"","electrified":""},"geometry":{"type":"LineString","coordinates":[[115.5508691,28.0682237],[115.5511236,28.0681709],[115.5517466,28.0681122],[115.5526812,28.0681286],[115.5536226,28.0682955]]}},{"type":"Feature","properties":{"osm_id":1341197490,"name":"沪昆线","gauge":"","electrified":""},"geometry":{"type":"LineString","coordinates":[[115.5536226,28.0682955],[115.5546438,28.0686265],[115.5569494,28.0694912]]}},{"type":"Feature","properties":{"osm_id":1341197491,"name":"沪昆线","gauge":"","electrified":""},"geometry":{"type":"LineString","coordinates":[[115.5569494,28.0694912],[115.5579459,28.0699555]]}},{"type":"Feature","properties":{"osm_id":1341197492,"name":"沪昆线","gauge":"","electrified":""},"geometry":{"type":"LineString","coordinates":[[115.5579459,28.0699555],[115.5587912,28.0703792],[115.5597245,28.0709103],[115.562388,28.0724607],[115.5637278,28.0732405],[115.5644573,28.0736606],[115.5650671,28.0740446],[115.5652995,28.0742073],[115.5655275,28.0743671],[115.5659506,28.0747099],[115.5669981,28.0755414],[115.5676567,28.0760957],[115.5686633,28.0769641],[115.5688272,28.0770997],[115.5695841,28.0777447],[115.5710317,28.0789818],[115.5731023,28.0807087]]}},{"type":"Feature","properties":{"osm_id":1341197493,"name":"沪昆线","gauge":"","electrified":""},"geometry":{"type":"LineString","coordinates":[[115.5802567,28.0867206],[115.5806601,28.0870092],[115.5822033,28.0879601],[115.5855409,28.0900246],[115.5900358,28.0928571],[115.5995019,28.099042],[115.6098996,28.1053459],[115.6135085,28.107333]]}},{"type":"Feature","properties":{"osm_id":1341197494,"name":"沪昆线","gauge":"","electrified":""},"geometry":{"type":"LineString","coordinates":[[115.6135085,28.107333],[115.6145616,28.1080122]]}},{"type":"Feature","properties":{"osm_id":1341197495,"name":"沪昆线","gauge":"","electrified":""},"geometry":{"type":"LineString","coordinates":[[115.6145616,28.1080122],[115.61781,28.1101071],[115.620847,28.1123695],[115.6228928,28.1143404],[115.626957,28.118328],[115.6380633,28.1292623],[115.6459882,28.1370289],[115.6482589,28.1390174],[115.6507177,28.1408519],[115.6558848,28.1447969],[115.6613831,28.1489226],[115.6658098,28.1521867],[115.6690651,28.1546317],[115.6709147,28.1560209],[115.6734696,28.1577589],[115.6756004,28.1589],[115.6779358,28.1599017],[115.680319,28.1606809],[115.6837086,28.1614454],[115.6881514,28.1623899],[115.6973512,28.1643481],[115.7056738,28.1662062],[115.7075734,28.1666091],[115.7154208,28.1682507],[115.7264811,28.1706118],[115.7291783,28.171029],[115.7317351,28.1712237],[115.7345272,28.1711542],[115.7389073,28.1708626],[115.7462162,28.1704737],[115.7519329,28.1702655],[115.7584442,28.1703777],[115.7613431,28.1706006],[115.7649638,28.1711946],[115.7673235,28.1719918],[115.768483,28.1723859],[115.7704486,28.173171],[115.7722143,28.1740366],[115.7750135,28.1757695],[115.7773935,28.1777925],[115.7792694,28.1795224],[115.780121,28.1802911],[115.7808271,28.1810065]]}},{"type":"Feature","properties":{"osm_id":1341197496,"name":"沪昆线","gauge":"","electrified":""},"geometry":{"type":"LineString","coordinates":[[115.7808271,28.1810065],[115.7810682,28.1812507]]}},{"type":"Feature","properties":{"osm_id":1341197497,"name":"沪昆线","gauge":"","electrified":""},"geometry":{"type":"LineString","coordinates":[[115.7810682,28.1812507],[115.7834766,28.1836908],[115.7884124,28.188551],[115.7966228,28.1965104],[115.8015077,28.2011211],[115.8040779,28.2032332],[115.8078598,28.2059412],[115.8174694,28.2129656],[115.8249993,28.2184071],[115.8327659,28.2241816],[115.8417159,28.2305818],[115.8455799,28.2328606],[115.8502297,28.2348463],[115.8542748,28.2366629],[115.8577197,28.2388525],[115.8601253,28.2408055],[115.8630568,28.2441001]]}},{"type":"Feature","properties":{"osm_id":1341197498,"name":"沪昆线","gauge":"","electrified":""},"geometry":{"type":"LineString","coordinates":[[115.8630568,28.2441001],[115.8653806,28.246857]]}},{"type":"Feature","properties":{"osm_id":1341197500,"name":"沪昆线","gauge":"","electrified":""},"geometry":{"type":"LineString","coordinates":[[115.8924264,28.3105688],[115.8925618,28.3113526],[115.8928502,28.3126084]]}},{"type":"Feature","properties":{"osm_id":1354936874,"name":"刘家峡铁路","gauge":"","electrified":""},"geometry":{"type":"LineString","coordinates":[[103.2733598,35.9769008],[103.2723583,35.9774607],[103.2717393,35.9777849],[103.2711453,35.9780169],[103.2704056,35.9782619],[103.2694019,35.978505],[103.2688125,35.9785897],[103.2681251,35.9786616],[103.2660768,35.9787905],[103.2656991,35.9788123],[103.2638737,35.9789176],[103.2610606,35.9790686],[103.2589622,35.9791902],[103.2581221,35.9792407],[103.2567068,35.9793172],[103.2556714,35.9794963]]}},{"type":"Feature","properties":{"osm_id":1354936875,"name":"刘家峡铁路","gauge":"","electrified":""},"geometry":{"type":"LineString","coordinates":[[103.2556714,35.9794963],[103.2555163,35.9795324]]}},{"type":"Feature","properties":{"osm_id":974561322,"name":"文三路站停车线","gauge":"","electrified":""},"geometry":{"type":"LineString","coordinates":[[120.1202973,30.2789359],[120.1204802,30.2789438],[120.1209559,30.2789656],[120.1222735,30.2790379],[120.122693,30.2790622],[120.1234012,30.2791545],[120.1234915,30.2791596]]}},{"type":"Feature","properties":{"osm_id":974561324,"name":"文三路站停车线","gauge":"","electrified":""},"geometry":{"type":"LineString","coordinates":[[120.1203019,30.2788915],[120.1204831,30.2789008],[120.1209593,30.2789258],[120.1222763,30.2790026],[120.1226969,30.2790256],[120.1234105,30.279011],[120.1235059,30.2790168]]}},{"type":"Feature","properties":{"osm_id":229302975,"name":"通让线","gauge":"","electrified":""},"geometry":{"type":"LineString","coordinates":[[124.2298445,45.5129267],[124.2285558,45.5117192],[124.2273775,45.5105929],[124.2264046,45.5096512],[124.2262647,45.5095158],[124.2260094,45.5092733],[124.2256037,45.5088878],[124.225346,45.508643],[124.2251373,45.5084442],[124.2239198,45.5072842],[124.2234497,45.5068375],[124.2193563,45.5029472],[124.2144537,45.4983117],[124.209275,45.4923307],[124.2063059,45.4888131],[124.1792126,45.4568514],[124.1770735,45.4543679],[124.1765624,45.4537714],[124.1740881,45.4508132],[124.1677809,45.4433732],[124.1575704,45.431304],[124.1510765,45.4235984],[124.0987292,45.3617263],[124.0969657,45.3596266],[124.0950715,45.3573903],[124.0929236,45.3548598],[124.0895952,45.3508935],[124.085315,45.3458199],[124.0796608,45.3391262]]}},{"type":"Feature","properties":{"osm_id":199110329,"name":"남양국경선 南阳国境线","gauge":"","electrified":""},"geometry":{"type":"LineString","coordinates":[[129.8521113,42.9483344],[129.8525459,42.9482342],[129.8527604,42.948187],[129.852916,42.9481577],[129.8532191,42.948136],[129.8534793,42.9481242],[129.8537266,42.9481282],[129.8539862,42.9481517],[129.8542611,42.9481834]]}},{"type":"Feature","properties":{"osm_id":199110331,"name":"남양국경선 南阳国境线","gauge":"","electrified":""},"geometry":{"type":"LineString","coordinates":[[129.8542611,42.9481834],[129.854418,42.9482087]]}},{"type":"Feature","properties":{"osm_id":199110332,"name":"남양국경선 南阳国境线","gauge":"","electrified":""},"geometry":{"type":"LineString","coordinates":[[129.854418,42.9482087],[129.854638,42.9482538],[129.8548526,42.9483068],[129.855043,42.9483637],[129.8552383,42.9484298],[129.8554641,42.9485385],[129.8556948,42.9486563],[129.8558798,42.9487623],[129.8560166,42.9488448],[129.8561588,42.9489468],[129.8562714,42.9490411],[129.8564029,42.949153],[129.8565397,42.9492825],[129.8567301,42.9494828],[129.8568932,42.9496942],[129.8571056,42.9499855]]}},{"type":"Feature","properties":{"osm_id":1256704733,"name":"","gauge":"","electrified":""},"geometry":{"type":"LineString","coordinates":[[124.2375179,45.5203895],[124.2375663,45.5204355],[124.2379694,45.5208187],[124.2380116,45.5208588],[124.238217,45.52106],[124.2387248,45.5215481],[124.2389111,45.5217617],[124.2393105,45.5223106],[124.2395312,45.5227129],[124.2396205,45.5228443],[124.2397876,45.5230499],[124.2399894,45.5232611],[124.2403758,45.5236658],[124.2450548,45.5299787]]}},{"type":"Feature","properties":{"osm_id":687505858,"name":"","gauge":"","electrified":""},"geometry":{"type":"LineString","coordinates":[[124.2154855,45.5008291],[124.2164179,45.5013891],[124.2191018,45.5030008]]}},{"type":"Feature","properties":{"osm_id":1363513441,"name":"","gauge":"","electrified":""},"geometry":{"type":"LineString","coordinates":[[124.2222476,45.5059682],[124.2229435,45.5066246],[124.223304,45.5068866]]}},{"type":"Feature","properties":{"osm_id":687492613,"name":"","gauge":"","electrified":""},"geometry":{"type":"LineString","coordinates":[[124.2409584,45.5357785],[124.2437564,45.5365966],[124.244177,45.5366439],[124.2445482,45.5366537],[124.2448565,45.5366537],[124.2451028,45.5366257],[124.24562,45.5365752],[124.2461594,45.5365114],[124.2467198,45.5363936],[124.2471541,45.5362709],[124.2474904,45.5361434],[124.2478547,45.5359471],[124.248359,45.5356674],[124.2489124,45.5352454],[124.2493257,45.5349019],[124.2495989,45.5346124],[124.2498091,45.5343474],[124.2499142,45.5341415],[124.2500473,45.5338028],[124.2501383,45.5334544],[124.2501383,45.5330913],[124.2500753,45.5327036],[124.2499142,45.5323208],[124.2497671,45.5320706],[124.2496135,45.5318582],[124.249409,45.5316502]]}},{"type":"Feature","properties":{"osm_id":1363513432,"name":"通让线","gauge":"","electrified":""},"geometry":{"type":"LineString","coordinates":[[124.079256,45.3386609],[124.0584102,45.3138945],[124.0539614,45.308627]]}},{"type":"Feature","properties":{"osm_id":1363513433,"name":"通让线","gauge":"","electrified":""},"geometry":{"type":"LineString","coordinates":[[124.0796608,45.3391262],[124.079256,45.3386609]]}},{"type":"Feature","properties":{"osm_id":1363513436,"name":"","gauge":"","electrified":""},"geometry":{"type":"LineString","coordinates":[[124.2187096,45.5024537],[124.2189318,45.5026517],[124.2193762,45.5030478],[124.2200564,45.5036981],[124.2205472,45.5041502],[124.2207677,45.5043916],[124.2210325,45.5047018]]}},{"type":"Feature","properties":{"osm_id":1363513437,"name":"","gauge":"","electrified":""},"geometry":{"type":"LineString","coordinates":[[124.2195695,45.5033712],[124.2189318,45.5026517]]}},{"type":"Feature","properties":{"osm_id":1363513439,"name":"","gauge":"","electrified":""},"geometry":{"type":"LineString","coordinates":[[124.2167701,45.5015607],[124.2171364,45.5017777],[124.2173806,45.5018918],[124.2177646,45.502048],[124.2179628,45.502151],[124.2181964,45.5022899],[124.2185627,45.5025094]]}},{"type":"Feature","properties":{"osm_id":1363513442,"name":"","gauge":"","electrified":""},"geometry":{"type":"LineString","coordinates":[[124.2234497,45.5068375],[124.2238735,45.5073259]]}},{"type":"Feature","properties":{"osm_id":1363513443,"name":"","gauge":"","electrified":""},"geometry":{"type":"LineString","coordinates":[[124.2236424,45.5072083],[124.2242736,45.5077057]]}},{"type":"Feature","properties":{"osm_id":1363513444,"name":"","gauge":"","electrified":""},"geometry":{"type":"LineString","coordinates":[[124.2246879,45.5081027],[124.225176,45.5086696]]}},{"type":"Feature","properties":{"osm_id":1363513445,"name":"","gauge":"","electrified":""},"geometry":{"type":"LineString","coordinates":[[124.2259099,45.509271],[124.226407,45.509841]]}},{"type":"Feature","properties":{"osm_id":1363513446,"name":"","gauge":"","electrified":""},"geometry":{"type":"LineString","coordinates":[[124.2254557,45.5086554],[124.2261468,45.5093107],[124.2268806,45.5099004]]}},{"type":"Feature","properties":{"osm_id":1363513447,"name":"","gauge":"","electrified":""},"geometry":{"type":"LineString","coordinates":[[124.225546,45.5089231],[124.2253504,45.5086939],[124.2251373,45.5084442]]}},{"type":"Feature","properties":{"osm_id":1363513448,"name":"","gauge":"","electrified":""},"geometry":{"type":"LineString","coordinates":[[124.2250782,45.5084759],[124.2253504,45.5086939],[124.2256037,45.5088878]]}},{"type":"Feature","properties":{"osm_id":1363513449,"name":"","gauge":"","electrified":""},"geometry":{"type":"LineString","coordinates":[[124.2260094,45.5092733],[124.2262963,45.5095063],[124.2270635,45.5101298],[124.2276388,45.5106739],[124.2325585,45.515363],[124.2353288,45.5179963],[124.2356831,45.5183957]]}},{"type":"Feature","properties":{"osm_id":1363513458,"name":"","gauge":"","electrified":""},"geometry":{"type":"LineString","coordinates":[[124.2360871,45.5187851],[124.2364441,45.5192123]]}},{"type":"Feature","properties":{"osm_id":1363513459,"name":"","gauge":"","electrified":""},"geometry":{"type":"LineString","coordinates":[[124.2358894,45.5188397],[124.2363716,45.519224]]}},{"type":"Feature","properties":{"osm_id":1363513460,"name":"","gauge":"","electrified":""},"geometry":{"type":"LineString","coordinates":[[124.2394693,45.5223128],[124.2402832,45.5229476]]}},{"type":"Feature","properties":{"osm_id":1363513461,"name":"","gauge":"","electrified":""},"geometry":{"type":"LineString","coordinates":[[124.2384061,45.5211644],[124.2388917,45.5215472]]}},{"type":"Feature","properties":{"osm_id":1363513462,"name":"","gauge":"","electrified":""},"geometry":{"type":"LineString","coordinates":[[124.2376719,45.5203832],[124.2381283,45.5207311]]}},{"type":"Feature","properties":{"osm_id":1363513463,"name":"","gauge":"","electrified":""},"geometry":{"type":"LineString","coordinates":[[124.2379694,45.5208187],[124.2377932,45.5206156],[124.23761,45.5204043]]}},{"type":"Feature","properties":{"osm_id":1363513464,"name":"","gauge":"","electrified":""},"geometry":{"type":"LineString","coordinates":[[124.2375663,45.5204355],[124.2377932,45.5206156],[124.2380259,45.5208014]]}},{"type":"Feature","properties":{"osm_id":1363513465,"name":"","gauge":"","electrified":""},"geometry":{"type":"LineString","coordinates":[[124.2372005,45.520014],[124.2370281,45.5198071],[124.2368739,45.5196221]]}},{"type":"Feature","properties":{"osm_id":1363513466,"name":"","gauge":"","electrified":""},"geometry":{"type":"LineString","coordinates":[[124.2368145,45.5196461],[124.2370281,45.5198071],[124.2372537,45.5199841]]}},{"type":"Feature","properties":{"osm_id":1363513467,"name":"","gauge":"","electrified":""},"geometry":{"type":"LineString","coordinates":[[124.2387763,45.521518],[124.2389917,45.521784],[124.2391338,45.5219813],[124.2393105,45.5223106]]}},{"type":"Feature","properties":{"osm_id":1363513468,"name":"","gauge":"","electrified":""},"geometry":{"type":"LineString","coordinates":[[124.248858,45.5309685],[124.2497731,45.531795]]}},{"type":"Feature","properties":{"osm_id":1363513469,"name":"","gauge":"","electrified":""},"geometry":{"type":"LineString","coordinates":[[124.2447172,45.5271754],[124.245435,45.5280351],[124.2457477,45.5284139],[124.2460604,45.5287927],[124.2466027,45.5293129],[124.2479399,45.5305885]]}},{"type":"Feature","properties":{"osm_id":1363513470,"name":"","gauge":"","electrified":""},"geometry":{"type":"LineString","coordinates":[[124.2492181,45.5317158],[124.2479425,45.530505],[124.2461339,45.528789],[124.2457477,45.5284139]]}},{"type":"Feature","properties":{"osm_id":979830077,"name":"","gauge":"","electrified":""},"geometry":{"type":"LineString","coordinates":[[110.2510913,25.3549496],[110.2511894,25.3549817],[110.2512827,25.3550202],[110.2515601,25.3551556],[110.2517198,25.3552431],[110.2519572,25.3554342],[110.2522268,25.3557356],[110.2523425,25.3559744],[110.2525317,25.3565753],[110.252545,25.3566155],[110.2527717,25.3573003],[110.2529675,25.3579773],[110.2531433,25.3583699],[110.2532437,25.3585174],[110.2533571,25.3587189],[110.2535813,25.3589464],[110.2538537,25.359152],[110.2539614,25.3591964],[110.254302,25.3593297],[110.25801,25.3605009]]}},{"type":"Feature","properties":{"osm_id":1352462756,"name":"","gauge":"","electrified":""},"geometry":{"type":"LineString","coordinates":[[116.3067931,45.7697914],[116.3076921,45.7676104],[116.3109853,45.7594706],[116.3141912,45.7516225],[116.314304,45.7512635]]}},{"type":"Feature","properties":{"osm_id":1352463721,"name":"","gauge":"","electrified":""},"geometry":{"type":"LineString","coordinates":[[110.2523806,25.3562214],[110.2526327,25.3570517],[110.2526591,25.3571784],[110.2526754,25.3573052],[110.2526916,25.3574815],[110.2526977,25.3576523],[110.2526937,25.3577938],[110.2526713,25.3579334],[110.2526367,25.3580969],[110.2526002,25.358253],[110.2525412,25.3583981],[110.2509597,25.3626302]]}},{"type":"Feature","properties":{"osm_id":1352463722,"name":"","gauge":"","electrified":""},"geometry":{"type":"LineString","coordinates":[[110.2510532,25.3626596],[110.2523054,25.359289],[110.2523766,25.3590226],[110.2524802,25.3586516],[110.2525412,25.3583981]]}},{"type":"Feature","properties":{"osm_id":340480837,"name":"渡口铁路","gauge":"","electrified":""},"geometry":{"type":"LineString","coordinates":[[101.7186432,26.5948506],[101.7200985,26.594409]]}},{"type":"Feature","properties":{"osm_id":279950990,"name":"","gauge":"","electrified":""},"geometry":{"type":"LineString","coordinates":[[122.0535765,41.2036078],[122.0537167,41.2031153],[122.0537655,41.2027972],[122.0537655,41.2024669],[122.0536738,41.2021679],[122.0536679,41.2021487],[122.0535665,41.2019822],[122.0534661,41.2018359],[122.0534078,41.2017694],[122.0533435,41.2017026],[122.0530663,41.2014146],[122.0526371,41.2011406],[122.0523103,41.2010154],[122.0519675,41.2009263],[122.0518994,41.200906],[122.0511196,41.2008356],[122.0497,41.2009619],[122.0490203,41.2010301],[122.0479808,41.2011344],[122.0469922,41.2013019],[122.0468669,41.2013136],[122.0461736,41.2013883]]}},{"type":"Feature","properties":{"osm_id":1356914867,"name":"","gauge":"","electrified":""},"geometry":{"type":"LineString","coordinates":[[122.0552101,41.2001727],[122.0553583,41.1997282]]}},{"type":"Feature","properties":{"osm_id":279967714,"name":"","gauge":"","electrified":""},"geometry":{"type":"LineString","coordinates":[[122.0521737,41.2059949],[122.0516859,41.2063456],[122.0514618,41.2064914],[122.0512049,41.2066249],[122.0509051,41.2067429],[122.0505552,41.20684],[122.0503004,41.2069157],[122.0470608,41.2078784],[122.0464121,41.208028],[122.0457701,41.2080798],[122.045346,41.2080765],[122.0448982,41.2080729],[122.0444926,41.2080697],[122.0436662,41.2080632],[122.0435497,41.2080627],[122.0398213,41.2080468]]}},{"type":"Feature","properties":{"osm_id":693440403,"name":"珠珠线","gauge":"","electrified":""},"geometry":{"type":"LineString","coordinates":[[116.8511562,45.4339812],[116.8432281,45.4312415]]}},{"type":"Feature","properties":{"osm_id":1352462744,"name":"","gauge":"","electrified":""},"geometry":{"type":"LineString","coordinates":[[116.9976745,45.467515],[116.9988332,45.4675597]]}},{"type":"Feature","properties":{"osm_id":1352462748,"name":"","gauge":"","electrified":""},"geometry":{"type":"LineString","coordinates":[[116.9583361,45.4666833],[116.9596504,45.4666224]]}},{"type":"Feature","properties":{"osm_id":1352462752,"name":"","gauge":"","electrified":""},"geometry":{"type":"LineString","coordinates":[[116.9960509,45.4675825],[116.9971095,45.4676121]]}},{"type":"Feature","properties":{"osm_id":281464666,"name":"乌额线","gauge":"","electrified":""},"geometry":{"type":"LineString","coordinates":[[116.842064,45.4307922],[116.8297884,45.4266319],[116.8192895,45.4230992],[116.8168755,45.4224441],[116.8143671,45.4221308],[116.8115969,45.4221127],[116.8086358,45.4224139],[116.8018358,45.4236067]]}},{"type":"Feature","properties":{"osm_id":321184472,"name":"","gauge":"","electrified":""},"geometry":{"type":"LineString","coordinates":[[116.9957177,45.4676053],[116.9948463,45.467696],[116.9924488,45.4680262]]}},{"type":"Feature","properties":{"osm_id":255536160,"name":"珠珠线","gauge":"","electrified":""},"geometry":{"type":"LineString","coordinates":[[117.196995,45.4238417],[117.1955447,45.4230437],[117.1945177,45.4225598],[117.1934716,45.4221503],[117.1928282,45.4219286],[117.1917042,45.4216228],[117.1713567,45.416012],[117.1705617,45.4157602],[117.1611597,45.4131741],[117.1515089,45.4105179],[117.1503215,45.4101265],[117.1493706,45.4097543],[117.1486711,45.4094327],[117.1478944,45.4090238],[117.1471601,45.4085904],[117.1465527,45.4081797],[117.1459926,45.4077743],[117.1438569,45.4061297],[117.138831,45.4022603],[117.13255,45.3974399],[117.1317858,45.3969382],[117.1311185,45.3965658],[117.129992,45.3960739],[117.1292457,45.3958291],[117.1284396,45.395619],[117.1274398,45.3954237],[117.1267181,45.3953323],[117.1259718,45.3952754],[117.1250917,45.395263],[117.1243102,45.3952976],[117.1234583,45.3953743],[117.1224655,45.3955399],[117.1215256,45.3957698],[117.1205821,45.3960566],[117.1199802,45.3962864],[117.1193148,45.3965954],[117.1186987,45.3969168],[117.1178679,45.3973939],[117.1133184,45.400016],[117.0932445,45.4115505],[117.0859278,45.4157883],[117.0522037,45.4351369],[117.0405165,45.4418364],[117.039137,45.4426303],[117.0376941,45.4435754],[117.0303151,45.448925],[117.0070702,45.4656463],[117.0060472,45.4662273],[117.005242,45.4665588],[117.0045446,45.4668263],[117.0034523,45.4671436],[117.0026549,45.4673148],[117.0018294,45.4674319],[117.000925,45.4675024],[117.0003864,45.4675248],[116.9999126,45.4675265],[116.9982102,45.4675016],[116.9976745,45.467515],[116.9970599,45.4675125],[116.9969972,45.4675123],[116.9964492,45.4675095],[116.9908728,45.4673807],[116.986667,45.4672913],[116.9621311,45.4667852]]}},{"type":"Feature","properties":{"osm_id":281464665,"name":"珠珠线","gauge":"","electrified":""},"geometry":{"type":"LineString","coordinates":[[116.8432281,45.4312415],[116.8412334,45.4306152],[116.8403375,45.430329],[116.8393451,45.4301107],[116.8382473,45.4299437],[116.8366539,45.4297948],[116.8297501,45.4290402],[116.820344,45.4282728],[116.8020075,45.4265585],[116.797623,45.4266446],[116.7913574,45.4275481],[116.7673677,45.4345954],[116.7596858,45.4366733],[116.7557376,45.43845],[116.7526906,45.4407084],[116.7506736,45.4428161],[116.7468112,45.4448636],[116.7434209,45.4455561],[116.7401164,45.4459475],[116.7368978,45.4458873],[116.7331212,45.4451948],[116.7299884,45.4448034],[116.7273706,45.4447431],[116.7245382,45.4451045],[116.7211049,45.446098],[116.7152255,45.44944],[116.7107623,45.451698],[116.7070287,45.4528118],[116.6867727,45.456033],[116.674928,45.4579897],[116.6511529,45.4618125],[116.6335576,45.4647021],[116.6306823,45.4654545],[116.6100829,45.4728883],[116.5933031,45.4792679],[116.5712446,45.4876024],[116.5677684,45.4893474],[116.5656656,45.4910924],[116.5642064,45.4929576],[116.55631,45.5079372],[116.5549367,45.5097717],[116.5531343,45.5116664],[116.5480703,45.5147338],[116.5283292,45.5259195],[116.5172141,45.5320526],[116.5142959,45.5339164],[116.5131372,45.5348784],[116.5120643,45.5361409],[116.5095752,45.5399585],[116.5053695,45.5463005],[116.4980739,45.5569389],[116.495032,45.5612476],[116.488375,45.5709101],[116.4796203,45.5838266],[116.4708656,45.59656],[116.4678722,45.6006587],[116.4657694,45.6028206],[116.4626366,45.6048922],[116.4469725,45.6137185],[116.4186912,45.6299564],[116.4128977,45.6332874],[116.4103228,45.635208],[116.4087778,45.6366183],[116.4071899,45.6385987],[116.4058596,45.6410591],[116.4011818,45.6524296],[116.3962036,45.6648775],[116.3952595,45.6672168],[116.3932854,45.6699758],[116.3907104,45.6726148],[116.3822132,45.678522],[116.3692528,45.6879662],[116.3576227,45.6958539]]}},{"type":"Feature","properties":{"osm_id":321062149,"name":"珠珠线","gauge":"","electrified":""},"geometry":{"type":"LineString","coordinates":[[116.9603834,45.4667477],[116.9589961,45.4667255],[116.9583362,45.4667211],[116.9557504,45.4667037],[116.9232111,45.4659844],[116.8961637,45.4653689],[116.8938999,45.4652921],[116.8917434,45.4648873],[116.8895118,45.4642553],[116.887291,45.4632454],[116.8846624,45.4615463],[116.8629472,45.4427004],[116.8602338,45.4403518],[116.8562711,45.4369557],[116.8541067,45.4353529],[116.8527334,45.4346001],[116.8511562,45.4339812]]}},{"type":"Feature","properties":{"osm_id":321184475,"name":"","gauge":"","electrified":""},"geometry":{"type":"LineString","coordinates":[[116.9929445,45.4676982],[116.9942898,45.4676304],[116.9946873,45.467626],[116.9951425,45.4676249],[116.9957177,45.4676053],[116.9960509,45.4675825],[116.9970599,45.4675125]]}},{"type":"Feature","properties":{"osm_id":781627426,"name":"","gauge":"","electrified":""},"geometry":{"type":"LineString","coordinates":[[116.3062073,45.7711009],[116.3064535,45.7706408],[116.3065799,45.7704365],[116.3067197,45.7702439],[116.3069152,45.7700171],[116.307252,45.7696266],[116.3073718,45.7694781],[116.3074649,45.7693203],[116.3075647,45.7691369],[116.3138851,45.7536126],[116.3141762,45.7529147],[116.3142761,45.7526693],[116.3143213,45.7524659],[116.3143391,45.752253],[116.3143565,45.7518304],[116.3143554,45.7516211],[116.3143692,45.7514839],[116.3143798,45.7513688],[116.3144215,45.751235],[116.3144905,45.7510264],[116.3147111,45.75036]]}},{"type":"Feature","properties":{"osm_id":1352462743,"name":"","gauge":"","electrified":""},"geometry":{"type":"LineString","coordinates":[[116.9629047,45.4665105],[116.9763248,45.4667899],[116.9817034,45.4669068],[116.9849396,45.4669695],[116.9883139,45.4670408],[116.9926233,45.4671235],[116.9964043,45.4674355],[116.9968968,45.4674679]]}},{"type":"Feature","properties":{"osm_id":1352462745,"name":"","gauge":"","electrified":""},"geometry":{"type":"LineString","coordinates":[[116.9964043,45.4674355],[116.9950035,45.4673943],[116.9917999,45.4673216],[116.987489,45.4672169],[116.9858529,45.4671886],[116.9742953,45.4669422],[116.9705777,45.4668651],[116.9677748,45.4668068],[116.965798,45.4667673],[116.9634913,45.4667127],[116.9625309,45.4667471]]}},{"type":"Feature","properties":{"osm_id":1352462746,"name":"乌额线","gauge":"","electrified":""},"geometry":{"type":"LineString","coordinates":[[116.842064,45.4307922],[116.8459448,45.4321358],[116.8500684,45.4335188],[116.8517169,45.4341185],[116.8530712,45.4347051],[116.8540052,45.4352261],[116.8546823,45.4356587],[116.8551633,45.4360126],[116.8557891,45.4364746],[116.8565597,45.4371169],[116.860305,45.4403184],[116.8620422,45.4418322],[116.8661191,45.445361],[116.8676743,45.4467174],[116.8694862,45.4482769],[116.8708032,45.4494236],[116.872405,45.4508225],[116.8742496,45.4523983],[116.8761316,45.4540166],[116.878065,45.4556513],[116.8800124,45.4573219],[116.8813527,45.4584684],[116.8830899,45.4600538],[116.8847291,45.4614164],[116.8857145,45.4621567],[116.8866344,45.4627495],[116.887391,45.4631721],[116.8881429,45.463552],[116.8894785,45.4641121],[116.8904779,45.464456],[116.8914259,45.4647213],[116.8925093,45.4649407],[116.893532,45.4651242],[116.8942559,45.4652028],[116.8979218,45.46536],[116.9024097,45.4654484],[116.9065893,45.4655499],[116.9106943,45.4656417],[116.9127818,45.4657039],[116.91599,45.4657661],[116.9209262,45.465884],[116.9254094,45.4659823],[116.9298319,45.4660805],[116.9368229,45.4662312],[116.949642,45.4665129],[116.9549425,45.4666373],[116.9566758,45.4666638],[116.9583361,45.4666833],[116.959267,45.4666942],[116.9608467,45.4667127]]}},{"type":"Feature","properties":{"osm_id":1352462747,"name":"","gauge":"","electrified":""},"geometry":{"type":"LineString","coordinates":[[116.9625309,45.4667471],[116.9661869,45.4668218],[116.9718265,45.4669326],[116.9750559,45.467004],[116.9809487,45.4671225],[116.9845187,45.4671978],[116.986643,45.4672448],[116.9908648,45.4673351],[116.9955641,45.467448],[116.9968968,45.4674679],[116.9982102,45.4675016]]}},{"type":"Feature","properties":{"osm_id":1352462749,"name":"","gauge":"","electrified":""},"geometry":{"type":"LineString","coordinates":[[116.9583362,45.4667211],[116.959267,45.4666942]]}},{"type":"Feature","properties":{"osm_id":1352462750,"name":"","gauge":"","electrified":""},"geometry":{"type":"LineString","coordinates":[[116.9608467,45.4667127],[116.9616888,45.4667299],[116.962132,45.466739]]}},{"type":"Feature","properties":{"osm_id":1352462751,"name":"","gauge":"","electrified":""},"geometry":{"type":"LineString","coordinates":[[116.962132,45.466739],[116.9625309,45.4667471]]}},{"type":"Feature","properties":{"osm_id":1352462755,"name":"","gauge":"","electrified":""},"geometry":{"type":"LineString","coordinates":[[116.3144905,45.7510264],[116.314853,45.7501553]]}},{"type":"Feature","properties":{"osm_id":1352462757,"name":"","gauge":"","electrified":""},"geometry":{"type":"LineString","coordinates":[[116.3108334,45.7586556],[116.3108157,45.7589849],[116.3107284,45.7594824]]}},{"type":"Feature","properties":{"osm_id":203776331,"name":"","gauge":"","electrified":""},"geometry":{"type":"LineString","coordinates":[[117.3303585,26.0191003],[117.3297078,26.0175064],[117.328816,26.0154084],[117.328567,26.0149004],[117.3279866,26.0140027],[117.3273556,26.0131922],[117.3259828,26.0115622],[117.3253208,26.0108279],[117.3249185,26.0102228],[117.3247334,26.0097648],[117.3242372,26.0075013],[117.3238885,26.0063105],[117.3236525,26.0058548],[117.3233401,26.0053654],[117.3225549,26.004421],[117.3204383,26.0024471],[117.3199945,26.0020175],[117.3195507,26.0013902],[117.3193496,26.000647],[117.3191563,25.9998416],[117.3190158,25.999256],[117.3188034,25.9986798],[117.3185303,25.9981821],[117.3180448,25.9976979],[117.3175574,25.9973973],[117.3173277,25.9972997],[117.3167589,25.9971797],[117.3159449,25.9971539],[117.3154692,25.9971695]]}},{"type":"Feature","properties":{"osm_id":1164555020,"name":"","gauge":"","electrified":""},"geometry":{"type":"LineString","coordinates":[[122.0541419,41.2023758],[122.0535765,41.2036078],[122.0534732,41.2038331],[122.0531412,41.2045541],[122.0529204,41.2050336],[122.0526956,41.2053948],[122.0526277,41.2054856],[122.0524271,41.205754],[122.0521737,41.2059949],[122.052138,41.2060325],[122.0519132,41.2062517],[122.0515356,41.2065338],[122.0512805,41.2066936],[122.0508502,41.2069097],[122.0503237,41.2070503],[122.0484557,41.2076124],[122.0416188,41.209622],[122.0399748,41.2101081]]}},{"type":"Feature","properties":{"osm_id":1164555024,"name":"盘营高铁","gauge":"","electrified":""},"geometry":{"type":"LineString","coordinates":[[122.0533157,41.206422],[122.0559478,41.2005931],[122.0580106,41.1961576],[122.0586042,41.1948594],[122.0591189,41.1937598],[122.0595891,41.1927318],[122.0601557,41.1915468],[122.0606339,41.1904825],[122.0610926,41.1894766],[122.0616416,41.188276]]}},{"type":"Feature","properties":{"osm_id":1164555025,"name":"沟海线","gauge":"","electrified":""},"geometry":{"type":"LineString","coordinates":[[122.0515655,41.2077142],[122.0522229,41.2065856],[122.0526418,41.2057124],[122.0528451,41.2053193],[122.0531387,41.2047269],[122.0533657,41.2041911],[122.0534485,41.2039955],[122.0536073,41.2036605],[122.0538407,41.2031682],[122.0539788,41.202876],[122.0542693,41.2022609],[122.0543207,41.2021428],[122.054918,41.200809],[122.0552101,41.2001727],[122.0552333,41.2001221],[122.0583658,41.193391],[122.0589608,41.1921054],[122.0593606,41.1911783],[122.0597387,41.1903643],[122.0598369,41.1901531],[122.0601029,41.1895814],[122.060297,41.1891642],[122.060327,41.1891001],[122.0609969,41.1876663]]}},{"type":"Feature","properties":{"osm_id":1164555030,"name":"","gauge":"","electrified":""},"geometry":{"type":"LineString","coordinates":[[122.0526277,41.2054856],[122.0524457,41.2057848],[122.0522379,41.2060465],[122.0520399,41.2062635],[122.051525,41.2066469],[122.0508759,41.2069617],[122.0503663,41.2071837],[122.0400719,41.2101782]]}},{"type":"Feature","properties":{"osm_id":1164555031,"name":"","gauge":"","electrified":""},"geometry":{"type":"LineString","coordinates":[[122.0393263,41.2103921],[122.038366,41.2106544],[122.0376472,41.2108198],[122.0371482,41.2108289],[122.0359923,41.2107916],[122.0355706,41.2107801],[122.0348723,41.210769],[122.0332483,41.2107119],[122.0310132,41.2106486]]}},{"type":"Feature","properties":{"osm_id":1356914846,"name":"","gauge":"","electrified":""},"geometry":{"type":"LineString","coordinates":[[122.0398125,41.2079975],[122.0435815,41.2080248],[122.04367,41.2080254],[122.0439749,41.2080276]]}},{"type":"Feature","properties":{"osm_id":1356914847,"name":"","gauge":"","electrified":""},"geometry":{"type":"LineString","coordinates":[[122.0398186,41.2079465],[122.0436114,41.2079859],[122.0436804,41.2079889],[122.0439749,41.2080276],[122.0444926,41.2080697]]}},{"type":"Feature","properties":{"osm_id":1356914848,"name":"","gauge":"","electrified":""},"geometry":{"type":"LineString","coordinates":[[122.0394489,41.2073971],[122.042268,41.2074064],[122.0426532,41.2074388],[122.0430291,41.2075084],[122.0433957,41.2075965],[122.0436607,41.2076845],[122.0437673,41.2077219],[122.043978,41.2077958],[122.0442307,41.2078816],[122.0445388,41.2079604],[122.0447883,41.208016],[122.045346,41.2080765]]}},{"type":"Feature","properties":{"osm_id":1356914849,"name":"","gauge":"","electrified":""},"geometry":{"type":"LineString","coordinates":[[122.0401848,41.2083392],[122.0427025,41.2083428],[122.0430013,41.2083336],[122.043259,41.2083035],[122.0433187,41.2082965],[122.0435775,41.2082362],[122.0436561,41.208221],[122.0439133,41.2081713],[122.0442122,41.2081319],[122.0445419,41.2081064]]}},{"type":"Feature","properties":{"osm_id":1356914850,"name":"","gauge":"","electrified":""},"geometry":{"type":"LineString","coordinates":[[122.0395432,41.2088644],[122.0416951,41.208875],[122.0420136,41.2088431],[122.0424843,41.2087392],[122.0429444,41.2085821],[122.0433514,41.2084064],[122.0436062,41.2083106],[122.0436925,41.2082867],[122.0439141,41.2082253],[122.0442397,41.2081561],[122.0445419,41.2081064],[122.0448982,41.2080729]]}},{"type":"Feature","properties":{"osm_id":1356914853,"name":"","gauge":"","electrified":""},"geometry":{"type":"LineString","coordinates":[[122.0485804,41.2072573],[122.0495127,41.2070756],[122.0499598,41.2069834],[122.0503004,41.2069157]]}},{"type":"Feature","properties":{"osm_id":1356914854,"name":"","gauge":"","electrified":""},"geometry":{"type":"LineString","coordinates":[[122.0499598,41.2069834],[122.0506889,41.2067496]]}},{"type":"Feature","properties":{"osm_id":1356914856,"name":"","gauge":"","electrified":""},"geometry":{"type":"LineString","coordinates":[[122.0518532,41.207448],[122.0523947,41.2064655],[122.0529468,41.2053152],[122.0533078,41.2045403],[122.0538988,41.2032126],[122.0541117,41.2027401],[122.0542921,41.2023397],[122.05436,41.2021891],[122.0547886,41.2012538],[122.0551366,41.2004943],[122.0567131,41.1970657],[122.05917,41.1917838],[122.0593222,41.1914512],[122.0599688,41.1900493],[122.0603939,41.1891109],[122.0606241,41.1886028],[122.0609697,41.1878397]]}},{"type":"Feature","properties":{"osm_id":1356914857,"name":"","gauge":"","electrified":""},"geometry":{"type":"LineString","coordinates":[[122.0529204,41.2050336],[122.0523897,41.2060852],[122.0521562,41.2064805],[122.0518658,41.2069446]]}},{"type":"Feature","properties":{"osm_id":1356914858,"name":"","gauge":"","electrified":""},"geometry":{"type":"LineString","coordinates":[[122.0531412,41.2045541],[122.0533657,41.2041911]]}},{"type":"Feature","properties":{"osm_id":1356914859,"name":"","gauge":"","electrified":""},"geometry":{"type":"LineString","coordinates":[[122.0528519,41.2058857],[122.0537952,41.2038286],[122.0539283,41.203428],[122.0541455,41.202785],[122.054337,41.2023739]]}},{"type":"Feature","properties":{"osm_id":1356914860,"name":"","gauge":"","electrified":""},"geometry":{"type":"LineString","coordinates":[[122.0536073,41.2036605],[122.0538988,41.2032126]]}},{"type":"Feature","properties":{"osm_id":1356914861,"name":"","gauge":"","electrified":""},"geometry":{"type":"LineString","coordinates":[[122.0539788,41.202876],[122.0541419,41.2023758],[122.0545949,41.2013762],[122.0550503,41.2003959],[122.0553583,41.1997282],[122.0589125,41.192024],[122.0592283,41.1913503],[122.0594215,41.1909305],[122.0597387,41.1903643]]}},{"type":"Feature","properties":{"osm_id":1356914862,"name":"","gauge":"","electrified":""},"geometry":{"type":"LineString","coordinates":[[122.0541117,41.2027401],[122.054337,41.2023739],[122.0545763,41.2018629],[122.055167,41.2006014],[122.0571073,41.1963896],[122.0592826,41.1916768],[122.0595777,41.1910652],[122.0597618,41.1906634],[122.0604574,41.1891457],[122.060554,41.1889539],[122.060942,41.1881079],[122.0609724,41.1880416],[122.0611038,41.1877731]]}},{"type":"Feature","properties":{"osm_id":1356914863,"name":"","gauge":"","electrified":""},"geometry":{"type":"LineString","coordinates":[[122.0541455,41.202785],[122.0542921,41.2023397]]}},{"type":"Feature","properties":{"osm_id":1356914864,"name":"","gauge":"","electrified":""},"geometry":{"type":"LineString","coordinates":[[122.054918,41.200809],[122.0547886,41.2012538]]}},{"type":"Feature","properties":{"osm_id":1356914865,"name":"","gauge":"","electrified":""},"geometry":{"type":"LineString","coordinates":[[122.0545763,41.2018629],[122.0548751,41.2013657],[122.055585,41.1998214],[122.0594221,41.1915133]]}},{"type":"Feature","properties":{"osm_id":1356914866,"name":"","gauge":"","electrified":""},"geometry":{"type":"LineString","coordinates":[[122.0548751,41.2013657],[122.0552674,41.2007016],[122.0554869,41.2002992],[122.0558605,41.1995086],[122.0584672,41.1938062],[122.0589339,41.1928172],[122.0591485,41.1923186],[122.0594221,41.1915133],[122.059516,41.1912469],[122.0595777,41.1910652]]}},{"type":"Feature","properties":{"osm_id":1356914868,"name":"","gauge":"","electrified":""},"geometry":{"type":"LineString","coordinates":[[122.0606241,41.1886028],[122.060942,41.1881079]]}},{"type":"Feature","properties":{"osm_id":1356914869,"name":"","gauge":"","electrified":""},"geometry":{"type":"LineString","coordinates":[[122.060327,41.1891001],[122.0601773,41.1896031]]}},{"type":"Feature","properties":{"osm_id":1356914870,"name":"","gauge":"","electrified":""},"geometry":{"type":"LineString","coordinates":[[122.0601029,41.1895814],[122.0603939,41.1891109]]}},{"type":"Feature","properties":{"osm_id":1356914871,"name":"","gauge":"","electrified":""},"geometry":{"type":"LineString","coordinates":[[122.0597618,41.1906634],[122.059896,41.1902051]]}},{"type":"Feature","properties":{"osm_id":1356914874,"name":"","gauge":"","electrified":""},"geometry":{"type":"LineString","coordinates":[[122.0613694,41.1871312],[122.0616108,41.1863884],[122.0621459,41.1844802],[122.0626019,41.1828316],[122.0630764,41.1811689]]}},{"type":"Feature","properties":{"osm_id":1356914875,"name":"","gauge":"","electrified":""},"geometry":{"type":"LineString","coordinates":[[122.0611038,41.1877731],[122.0611981,41.1875453],[122.0613694,41.1871312]]}},{"type":"Feature","properties":{"osm_id":693440170,"name":"珠珠线","gauge":"","electrified":""},"geometry":{"type":"LineString","coordinates":[[116.3099311,45.7353525],[116.31033,45.7365713],[116.3112741,45.7382486],[116.3118804,45.7388439],[116.3143051,45.7408619],[116.3146967,45.7412587],[116.3151312,45.7417604],[116.3154799,45.7422471],[116.3158447,45.7429172],[116.3159949,45.7432616],[116.3161665,45.7437521],[116.3162577,45.7442013],[116.3163489,45.7448528],[116.3163489,45.7452982],[116.3163559,45.7456059],[116.3162889,45.7461192],[116.3161182,45.7466795],[116.3159351,45.7472861],[116.314915,45.7498562],[116.3147111,45.75036],[116.314304,45.7512635],[116.3139973,45.751944],[116.3136088,45.7528736],[116.3107587,45.759911],[116.3105768,45.7602854],[116.306879,45.7694332],[116.3067931,45.7697914],[116.3062073,45.7711009],[116.3059983,45.7716181]]}},{"type":"Feature","properties":{"osm_id":1352463723,"name":"","gauge":"","electrified":""},"geometry":{"type":"LineString","coordinates":[[110.2526591,25.3571784],[110.252545,25.3566155]]}},{"type":"Feature","properties":{"osm_id":1064855963,"name":"石德货联线","gauge":"","electrified":""},"geometry":{"type":"LineString","coordinates":[[114.3987261,38.0678484],[114.3983271,38.0679045],[114.398136,38.0679313],[114.3975515,38.068006]]}},{"type":"Feature","properties":{"osm_id":261701248,"name":"石太线","gauge":"","electrified":""},"geometry":{"type":"LineString","coordinates":[[114.3987261,38.0678484],[114.3973781,38.0680805],[114.3947415,38.0685155],[114.3930494,38.0688006],[114.3926064,38.0688808],[114.3922126,38.0689675],[114.3918474,38.0690624],[114.3901258,38.0695281]]}},{"type":"Feature","properties":{"osm_id":1054483587,"name":"石德货联线","gauge":"","electrified":""},"geometry":{"type":"LineString","coordinates":[[114.4099565,38.066509],[114.4079644,38.066927],[114.4078719,38.0669447]]}},{"type":"Feature","properties":{"osm_id":1055160990,"name":"石太引入线","gauge":"","electrified":""},"geometry":{"type":"LineString","coordinates":[[114.368552,38.072217],[114.3689674,38.0721651],[114.3698471,38.0720766]]}},{"type":"Feature","properties":{"osm_id":1054483579,"name":"石太线","gauge":"","electrified":""},"geometry":{"type":"LineString","coordinates":[[114.4080881,38.0668188],[114.4081769,38.066804],[114.4099565,38.066509],[114.4142778,38.0657925]]}},{"type":"Feature","properties":{"osm_id":197667883,"name":"","gauge":"","electrified":""},"geometry":{"type":"LineString","coordinates":[[119.946295,28.4388317],[119.9464184,28.4389803],[119.946515,28.4391124],[119.9466781,28.4393237],[119.9470411,28.4396041],[119.9477401,28.4401446],[119.9478954,28.4402594],[119.9481573,28.4404623],[119.948344,28.4405969],[119.9485386,28.4407106],[119.9489419,28.440917],[119.9489614,28.4409274],[119.9496166,28.4412749],[119.9498416,28.4414155],[119.9500335,28.4415501],[119.9502072,28.4416709],[119.9503524,28.4418373],[119.9504873,28.4419992],[119.9505987,28.4421565],[119.950731,28.442364],[119.9537465,28.4470427],[119.9544647,28.448157]]}},{"type":"Feature","properties":{"osm_id":252555318,"name":"","gauge":"","electrified":""},"geometry":{"type":"LineString","coordinates":[[101.3064698,42.5654764],[101.3062643,42.5656664],[101.3061119,42.5658074],[101.3058517,42.5660365],[101.30515,42.5665393],[101.3046263,42.5669252],[101.3045884,42.5669531],[101.3041968,42.5671862],[101.303587,42.5675303]]}},{"type":"Feature","properties":{"osm_id":255127721,"name":"","gauge":"","electrified":""},"geometry":{"type":"LineString","coordinates":[[94.9567151,36.3722226],[94.9550012,36.3722356],[94.9508625,36.3722572],[94.9506407,36.3722502],[94.9492576,36.3722066],[94.9467015,36.3722196],[94.9419727,36.372239],[94.9381811,36.3722759],[94.9350905,36.3722835],[94.9346433,36.3722846],[94.9316784,36.3723254],[94.9302005,36.3723233],[94.9297901,36.3723621],[94.9294656,36.3724096],[94.9290454,36.3725293],[94.9286029,36.3727129],[94.9283498,36.372861],[94.9279725,36.3731297],[94.9277097,36.3733694],[94.9274915,36.3736169],[94.9272886,36.3739395],[94.9271482,36.3742756],[94.9269801,36.3747667],[94.9267834,36.3754957],[94.9265993,36.3760257],[94.9264759,36.3762481],[94.9262747,36.376544],[94.9258822,36.3769275],[94.9255189,36.3771928],[94.9251911,36.3773776],[94.9248022,36.3775331],[94.9239009,36.3777836],[94.9229855,36.3780218],[94.922407,36.3781723],[94.9213984,36.3784508],[94.9200166,36.3787923],[94.9192759,36.3789558]]}},{"type":"Feature","properties":{"osm_id":255454664,"name":"","gauge":"","electrified":""},"geometry":{"type":"LineString","coordinates":[[94.9402571,36.3772867],[94.9372584,36.3774962],[94.9366537,36.3775424],[94.9365798,36.377548],[94.9361426,36.3775998],[94.9358583,36.377643],[94.9354855,36.3777316]]}},{"type":"Feature","properties":{"osm_id":255454668,"name":"","gauge":"","electrified":""},"geometry":{"type":"LineString","coordinates":[[94.9352709,36.3780188],[94.9361197,36.3779573],[94.9402813,36.377656]]}},{"type":"Feature","properties":{"osm_id":288889255,"name":"","gauge":"","electrified":""},"geometry":{"type":"LineString","coordinates":[[109.2993201,34.4478105],[109.299123,34.4476381],[109.2989517,34.4474483],[109.2987435,34.4472874],[109.2980552,34.446846],[109.2906487,34.4421746],[109.2898695,34.441662],[109.2895906,34.4414849],[109.289213,34.4412794],[109.2889959,34.4411834],[109.2889045,34.441143],[109.2882924,34.4408377]]}},{"type":"Feature","properties":{"osm_id":652404687,"name":"","gauge":"","electrified":""},"geometry":{"type":"LineString","coordinates":[[123.3937933,41.801517],[123.3934773,41.8012769],[123.3934621,41.8012654],[123.3932348,41.8010331],[123.3929973,41.8007019]]}},{"type":"Feature","properties":{"osm_id":683637287,"name":"","gauge":"","electrified":""},"geometry":{"type":"LineString","coordinates":[[125.1779248,43.8841831],[125.1781657,43.8844537],[125.1784729,43.884816],[125.1785537,43.8849165],[125.1786581,43.8850464],[125.1810963,43.8887859]]}},{"type":"Feature","properties":{"osm_id":683639584,"name":"","gauge":"","electrified":""},"geometry":{"type":"LineString","coordinates":[[125.1768082,43.9694504],[125.1765746,43.9693798],[125.1763371,43.9692912],[125.1760672,43.9691539],[125.175916,43.969077],[125.1757839,43.968996],[125.175519,43.9688337],[125.1751891,43.9686156],[125.1748323,43.968436],[125.1744273,43.9682893],[125.1739215,43.9681349],[125.1734816,43.9680981],[125.1730874,43.9680948],[125.1729682,43.9680991]]}},{"type":"Feature","properties":{"osm_id":673545432,"name":"","gauge":"","electrified":""},"geometry":{"type":"LineString","coordinates":[[112.6002462,37.7954481],[112.5998582,37.7958034]]}},{"type":"Feature","properties":{"osm_id":393956825,"name":"唐包线","gauge":"","electrified":""},"geometry":{"type":"LineString","coordinates":[[117.7224384,40.7770189],[117.7211187,40.7747918],[117.7209744,40.7745483]]}},{"type":"Feature","properties":{"osm_id":960144469,"name":"珠珠线","gauge":"","electrified":""},"geometry":{"type":"LineString","coordinates":[[119.1310288,45.913554],[119.1301786,45.9135318],[119.1293582,45.9135103],[119.1272479,45.913455],[119.1229995,45.9133306],[119.1181166,45.9131872],[119.116736,45.9131419],[119.1154969,45.9130225],[119.1143006,45.9128061],[119.1131526,45.9125149],[119.1121817,45.912138]]}},{"type":"Feature","properties":{"osm_id":1099936716,"name":"","gauge":"","electrified":""},"geometry":{"type":"LineString","coordinates":[[117.9687452,40.0687019],[117.968707,40.0689302],[117.9686688,40.0692079],[117.9685494,40.0704496],[117.9684918,40.0708714],[117.9684073,40.0713548],[117.9682973,40.0718628],[117.9681967,40.0722713],[117.9680787,40.0726931],[117.967954,40.0730902],[117.9677944,40.0735336],[117.967608,40.0740077],[117.9674417,40.0744182],[117.9672633,40.0748194],[117.9670554,40.0752484],[117.9668261,40.0756619],[117.9666075,40.0760581],[117.9663473,40.0764767],[117.9660872,40.0768821],[117.9658243,40.07727],[117.9655293,40.0776774],[117.9653281,40.0779319]]}},{"type":"Feature","properties":{"osm_id":1154003036,"name":"","gauge":"","electrified":""},"geometry":{"type":"LineString","coordinates":[[117.9644769,40.0797117],[117.9646862,40.0794551],[117.9649007,40.0791925],[117.9650988,40.0789405],[117.965737,40.0781075],[117.9661043,40.0776213],[117.9664151,40.0771929],[117.9666856,40.0767788],[117.966959,40.0763359],[117.967251,40.0758253],[117.9674895,40.0753722],[117.9677146,40.0749109],[117.9678941,40.0745008],[117.9680629,40.074099],[117.9682344,40.0736274],[117.9683978,40.0731498],[117.9685237,40.072666],[117.968639,40.0722004],[117.9687542,40.0716775],[117.9688372,40.0711774],[117.9688828,40.0709059],[117.9689383,40.0704691],[117.9689625,40.0700381],[117.9689503,40.069565]]}},{"type":"Feature","properties":{"osm_id":1341118811,"name":"","gauge":"","electrified":""},"geometry":{"type":"LineString","coordinates":[[117.9653281,40.0779319],[117.9652221,40.0780807],[117.965084,40.0782972],[117.9649231,40.0785517],[117.9647367,40.0788226]]}},{"type":"Feature","properties":{"osm_id":1341118812,"name":"","gauge":"","electrified":""},"geometry":{"type":"LineString","coordinates":[[117.9608474,40.0842677],[117.9614295,40.0835345]]}},{"type":"Feature","properties":{"osm_id":1341118813,"name":"","gauge":"","electrified":""},"geometry":{"type":"LineString","coordinates":[[117.9689503,40.069565],[117.9689518,40.0692981],[117.9689624,40.0689872]]}},{"type":"Feature","properties":{"osm_id":1341118814,"name":"","gauge":"","electrified":""},"geometry":{"type":"LineString","coordinates":[[117.9690027,40.067072],[117.9689652,40.0673204],[117.968929,40.0676119],[117.9688914,40.0679721],[117.9688113,40.0687123]]}},{"type":"Feature","properties":{"osm_id":1341118815,"name":"","gauge":"","electrified":""},"geometry":{"type":"LineString","coordinates":[[117.9687452,40.0687019],[117.9687828,40.0684258],[117.9688083,40.0682359],[117.968823,40.0681097],[117.9688308,40.0679784]]}},{"type":"Feature","properties":{"osm_id":1341118816,"name":"","gauge":"","electrified":""},"geometry":{"type":"LineString","coordinates":[[117.9688113,40.0687123],[117.9688257,40.0684622],[117.9688308,40.0679784]]}},{"type":"Feature","properties":{"osm_id":1341118817,"name":"","gauge":"","electrified":""},"geometry":{"type":"LineString","coordinates":[[117.9688914,40.0679721],[117.9688572,40.0681754],[117.9688244,40.0683488],[117.9687452,40.0687019]]}},{"type":"Feature","properties":{"osm_id":1341118818,"name":"","gauge":"","electrified":""},"geometry":{"type":"LineString","coordinates":[[117.9689843,40.0687501],[117.9690081,40.0684925],[117.9690376,40.0680645],[117.9690416,40.0678018],[117.9690556,40.0675063]]}},{"type":"Feature","properties":{"osm_id":1341118819,"name":"","gauge":"","electrified":""},"geometry":{"type":"LineString","coordinates":[[117.9691891,40.0670299],[117.9691636,40.0672148],[117.9691422,40.0673522],[117.9691261,40.0674846],[117.9691014,40.0676946],[117.9690805,40.0679177],[117.969055,40.0682113],[117.9689843,40.0687501]]}},{"type":"Feature","properties":{"osm_id":722947566,"name":"","gauge":"","electrified":""},"geometry":{"type":"LineString","coordinates":[[112.6242675,37.7769903],[112.6237254,37.7773794]]}},{"type":"Feature","properties":{"osm_id":673552382,"name":"石太铁路","gauge":"","electrified":""},"geometry":{"type":"LineString","coordinates":[[112.5999495,37.7944832],[112.5995594,37.7949205]]}},{"type":"Feature","properties":{"osm_id":673552387,"name":"","gauge":"","electrified":""},"geometry":{"type":"LineString","coordinates":[[112.60017,37.7946029],[112.5998958,37.7948153]]}},{"type":"Feature","properties":{"osm_id":1035573028,"name":"","gauge":"","electrified":""},"geometry":{"type":"LineString","coordinates":[[112.5968453,37.7982772],[112.5963437,37.7987812]]}},{"type":"Feature","properties":{"osm_id":673548582,"name":"大西高速线","gauge":"","electrified":""},"geometry":{"type":"LineString","coordinates":[[112.5942481,37.8007176],[112.5954346,37.7996242],[112.596395,37.7988161],[112.5982617,37.7972454],[112.5990799,37.7965562],[112.5998535,37.7959379],[112.6003512,37.7955091]]}},{"type":"Feature","properties":{"osm_id":393956823,"name":"唐包线","gauge":"","electrified":""},"geometry":{"type":"LineString","coordinates":[[117.7160534,40.7661718],[117.7158242,40.7657895],[117.715609,40.7654324],[117.7153653,40.7650514],[117.7150956,40.7646448],[117.7148071,40.7642645],[117.714453,40.7638281],[117.7141694,40.7634899],[117.7138594,40.7631428],[117.7135398,40.7628103],[117.7132009,40.7624709],[117.712866,40.7621584],[117.7094761,40.7591261]]}},{"type":"Feature","properties":{"osm_id":393956827,"name":"唐包线","gauge":"","electrified":""},"geometry":{"type":"LineString","coordinates":[[117.7245356,40.7805362],[117.7243968,40.780302],[117.7241935,40.7799655],[117.7240195,40.7796775]]}},{"type":"Feature","properties":{"osm_id":986708126,"name":"环形装车线","gauge":"","electrified":""},"geometry":{"type":"LineString","coordinates":[[119.13164,45.9134223],[119.1265301,45.9132903],[119.1262275,45.9132825],[119.125264,45.9132259],[119.1215372,45.9129143],[119.1143114,45.9122649],[119.1136435,45.9121361],[119.1130882,45.9119607],[119.1125867,45.911761]]}},{"type":"Feature","properties":{"osm_id":1099936712,"name":"","gauge":"","electrified":""},"geometry":{"type":"LineString","coordinates":[[117.9613641,40.0835074],[117.961549,40.0832612],[117.9615709,40.083232],[117.9615916,40.0832045],[117.9617661,40.0829722],[117.9646817,40.0791643],[117.9657519,40.0777697],[117.9660483,40.0773706],[117.9663192,40.0769765],[117.9665753,40.0765712],[117.9668449,40.0761381],[117.9670742,40.0757389],[117.9672848,40.0753325],[117.9674993,40.0749036],[117.9676938,40.0744849],[117.9678588,40.0740703],[117.9680452,40.0735869],[117.9682048,40.0731374],[117.9683228,40.0727433],[117.9683992,40.0724734],[117.9685454,40.071908],[117.9686554,40.0713907],[117.9687399,40.0709022],[117.9688016,40.0704671],[117.9689624,40.0689872],[117.9689843,40.0687501]]}},{"type":"Feature","properties":{"osm_id":1099936713,"name":"","gauge":"","electrified":""},"geometry":{"type":"LineString","coordinates":[[117.9688109,40.0673143],[117.9687908,40.0675513],[117.9687761,40.0677669],[117.9687533,40.0680142],[117.9687036,40.0683519]]}},{"type":"Feature","properties":{"osm_id":1099936714,"name":"","gauge":"","electrified":""},"geometry":{"type":"LineString","coordinates":[[117.9688308,40.0679784],[117.9688305,40.067891],[117.9688287,40.067832],[117.9688233,40.0676519],[117.9688203,40.0675554],[117.9688109,40.0673143],[117.968813,40.0670813]]}},{"type":"Feature","properties":{"osm_id":1099936717,"name":"","gauge":"","electrified":""},"geometry":{"type":"LineString","coordinates":[[117.9688113,40.0687123],[117.9686232,40.0704512],[117.9685615,40.0708899],[117.968471,40.0713702],[117.9683637,40.0718695],[117.9682571,40.0722856],[117.9681471,40.0727064],[117.9680237,40.0731005],[117.9678655,40.0735428],[117.9676811,40.0740169],[117.9675081,40.0744325],[117.9673304,40.0748389],[117.9671185,40.0752699],[117.9668972,40.0756835],[117.9666772,40.0760776],[117.9664157,40.0765024],[117.9661542,40.0769077],[117.9658887,40.0772977],[117.9655936,40.077703],[117.9647367,40.0788226],[117.961865,40.0825844],[117.9616213,40.0829035],[117.9614872,40.0830872]]}},{"type":"Feature","properties":{"osm_id":1154003037,"name":"","gauge":"","electrified":""},"geometry":{"type":"LineString","coordinates":[[117.9614295,40.0835345],[117.9616588,40.0832801],[117.9618265,40.0831015],[117.9619892,40.0829048],[117.9621926,40.0826562],[117.9644769,40.0797117],[117.9650486,40.0789173],[117.9656862,40.0780849],[117.9660532,40.0775992],[117.9663631,40.0771719],[117.9666328,40.0767592],[117.9669055,40.0763173],[117.9671969,40.0758079],[117.9674348,40.075356],[117.9676592,40.0748959],[117.9678383,40.0744868],[117.9680067,40.0740861],[117.9681777,40.0736157],[117.9683406,40.0731397],[117.9684661,40.0726575],[117.9685812,40.0721925],[117.9686961,40.0716709],[117.9687788,40.0711727],[117.9688296,40.0708877],[117.96889,40.0704403],[117.9689343,40.069916],[117.9689503,40.069565]]}},{"type":"Feature","properties":{"osm_id":1304145933,"name":"唐遵线","gauge":"","electrified":""},"geometry":{"type":"LineString","coordinates":[[117.9796964,40.1299552],[117.9794596,40.1301493],[117.9786918,40.1307885],[117.9773472,40.1319372],[117.9759887,40.1329671],[117.9753646,40.1333594],[117.9748425,40.1336778],[117.9739789,40.1342003],[117.9710218,40.1359793]]}},{"type":"Feature","properties":{"osm_id":722743925,"name":"石太铁路","gauge":"","electrified":""},"geometry":{"type":"LineString","coordinates":[[112.6105388,37.7861817],[112.6123,37.7848841],[112.612759,37.7845487],[112.6135105,37.7839997],[112.6141296,37.7835449]]}},{"type":"Feature","properties":{"osm_id":608730657,"name":"大西高速线","gauge":"","electrified":""},"geometry":{"type":"LineString","coordinates":[[112.6110669,37.7866027],[112.6124093,37.7855077],[112.6132567,37.7848205],[112.6138665,37.7843464],[112.6140847,37.7841616],[112.615898,37.7826634],[112.6169089,37.7819279],[112.6171891,37.7817286]]}},{"type":"Feature","properties":{"osm_id":608738984,"name":"","gauge":"","electrified":""},"geometry":{"type":"LineString","coordinates":[[112.6065233,37.789592],[112.6070004,37.7891446],[112.6077844,37.7883404],[112.6081831,37.7880189],[112.6088553,37.7874871],[112.6095411,37.7868637]]}},{"type":"Feature","properties":{"osm_id":1035573037,"name":"","gauge":"","electrified":""},"geometry":{"type":"LineString","coordinates":[[112.6084465,37.7873398],[112.6094619,37.7866699],[112.6100282,37.7862475]]}},{"type":"Feature","properties":{"osm_id":722743929,"name":"","gauge":"","electrified":""},"geometry":{"type":"LineString","coordinates":[[112.6109946,37.7865275],[112.6107019,37.7867677]]}},{"type":"Feature","properties":{"osm_id":722749850,"name":"太原动车所入库线","gauge":"","electrified":""},"geometry":{"type":"LineString","coordinates":[[112.6095411,37.7868637],[112.6102072,37.7863684]]}},{"type":"Feature","properties":{"osm_id":875434386,"name":"","gauge":"","electrified":""},"geometry":{"type":"LineString","coordinates":[[120.7927308,30.6912421],[120.7909032,30.6904385]]}},{"type":"Feature","properties":{"osm_id":875725599,"name":"","gauge":"","electrified":""},"geometry":{"type":"LineString","coordinates":[[120.792638,30.6913866],[120.7908178,30.6905824]]}},{"type":"Feature","properties":{"osm_id":550245535,"name":"京广高速线","gauge":"","electrified":""},"geometry":{"type":"LineString","coordinates":[[114.4930799,38.072408],[114.4912935,38.0651051],[114.4897037,38.057876],[114.4884993,38.0521421],[114.4869307,38.0451337],[114.4845559,38.0364116],[114.4829984,38.0309007],[114.4823922,38.0282505]]}},{"type":"Feature","properties":{"osm_id":609252470,"name":"京广高速线","gauge":"","electrified":""},"geometry":{"type":"LineString","coordinates":[[114.4823413,38.0282639],[114.4829385,38.0309116],[114.4845086,38.0364153],[114.4868558,38.0451522],[114.488429,38.052151],[114.4909984,38.064067],[114.4918125,38.0676782],[114.4930067,38.0724268]]}},{"type":"Feature","properties":{"osm_id":608730660,"name":"","gauge":"","electrified":""},"geometry":{"type":"LineString","coordinates":[[112.6068805,37.7901292],[112.6093461,37.7880931]]}},{"type":"Feature","properties":{"osm_id":875725609,"name":"","gauge":"","electrified":""},"geometry":{"type":"LineString","coordinates":[[120.7989948,30.6941801],[120.8007678,30.6949563]]}},{"type":"Feature","properties":{"osm_id":875725625,"name":"","gauge":"","electrified":""},"geometry":{"type":"LineString","coordinates":[[120.8008456,30.6948127],[120.7990822,30.6940407]]}},{"type":"Feature","properties":{"osm_id":1095500609,"name":"唐包线","gauge":"","electrified":""},"geometry":{"type":"LineString","coordinates":[[117.7025293,40.7519721],[117.7027318,40.7523008],[117.702882,40.7525507],[117.7030268,40.7527782],[117.7032018,40.7530398],[117.703399,40.7533147],[117.7036156,40.7535977],[117.7038147,40.7538526],[117.7040153,40.7540933],[117.7042405,40.7543484],[117.7044343,40.75455],[117.704675,40.7547913],[117.7049299,40.755056],[117.7051679,40.7552937],[117.7054261,40.7555349],[117.7059558,40.7560144],[117.7074825,40.7573963]]}},{"type":"Feature","properties":{"osm_id":1096804645,"name":"","gauge":"","electrified":""},"geometry":{"type":"LineString","coordinates":[[117.708509,40.7583184],[117.7087393,40.7585135],[117.7089927,40.7587121],[117.7092664,40.7589385]]}},{"type":"Feature","properties":{"osm_id":1096804655,"name":"","gauge":"","electrified":""},"geometry":{"type":"LineString","coordinates":[[117.7203539,40.7734076],[117.7188277,40.7707918]]}},{"type":"Feature","properties":{"osm_id":1096804658,"name":"","gauge":"","electrified":""},"geometry":{"type":"LineString","coordinates":[[117.7209744,40.7745483],[117.7207965,40.7742135],[117.720665,40.7739535],[117.7205417,40.7737331],[117.7204424,40.7735615],[117.7203539,40.7734076]]}},{"type":"Feature","properties":{"osm_id":1096804663,"name":"","gauge":"","electrified":""},"geometry":{"type":"LineString","coordinates":[[117.7094204,40.7591369],[117.7097417,40.759448],[117.7099845,40.7596898],[117.7102433,40.7599387],[117.7104606,40.7601449],[117.7107878,40.7604405],[117.71277,40.7622192],[117.7131079,40.762531],[117.7134445,40.7628652],[117.7137677,40.7631994],[117.7140735,40.7635366],[117.7143592,40.7638749],[117.7147159,40.7643127],[117.7149962,40.7646915],[117.7152671,40.7650928],[117.7155206,40.7654848],[117.7157325,40.7658332],[117.7159591,40.7662131],[117.7186681,40.7708467]]}},{"type":"Feature","properties":{"osm_id":1096804664,"name":"","gauge":"","electrified":""},"geometry":{"type":"LineString","coordinates":[[117.7188277,40.7707918],[117.7161013,40.7661471],[117.7158766,40.7657662],[117.715652,40.7654092],[117.7154106,40.7650247],[117.7151424,40.7646225],[117.7148554,40.7642466],[117.7145,40.7638038],[117.7142183,40.7634604],[117.7139032,40.763112],[117.713582,40.7627824],[117.7132447,40.7624426],[117.7129101,40.7621282],[117.7107744,40.760217],[117.7105558,40.7600235],[117.7103063,40.7598147],[117.7100066,40.759575],[117.7094761,40.7591261]]}},{"type":"Feature","properties":{"osm_id":1096804665,"name":"唐包线","gauge":"","electrified":""},"geometry":{"type":"LineString","coordinates":[[117.7187191,40.7708277],[117.7202667,40.7734457]]}},{"type":"Feature","properties":{"osm_id":828150513,"name":"京九线","gauge":"","electrified":""},"geometry":{"type":"LineString","coordinates":[[115.7580599,34.1717731],[115.757615,34.174303],[115.756563,34.179588],[115.7560415,34.1817862],[115.7557921,34.1833592],[115.7553074,34.185358],[115.7545846,34.1884643],[115.7540937,34.1905365],[115.753001,34.19556],[115.7525881,34.1975417],[115.7509204,34.2055445],[115.7502033,34.2089858],[115.7486968,34.2162152],[115.7467974,34.22533],[115.742565,34.245641],[115.741935,34.24807],[115.740734,34.252121],[115.74027,34.254019],[115.739806,34.256788],[115.739466,34.26185],[115.7389595,34.26547],[115.7388431,34.266288],[115.7387891,34.2666794],[115.7382412,34.2703311],[115.7380736,34.271525],[115.7378656,34.2728564],[115.7374352,34.2756641],[115.7373341,34.2765109],[115.7372411,34.2771105],[115.7372036,34.2773469],[115.7367405,34.2802619],[115.7360134,34.2833225],[115.7350516,34.2864677],[115.734755,34.2873648],[115.7329548,34.2928091],[115.7321549,34.2952283]]}},{"type":"Feature","properties":{"osm_id":906030581,"name":"京九线","gauge":"","electrified":""},"geometry":{"type":"LineString","coordinates":[[115.7580976,34.1717774],[115.7576526,34.1743078],[115.7566005,34.1795937],[115.7562817,34.181113],[115.7558901,34.1833412],[115.7554361,34.1853051],[115.7546626,34.1884953],[115.7541696,34.190522],[115.7531058,34.1954616],[115.7526694,34.1975466],[115.750993,34.2055567],[115.7502727,34.2089982],[115.7487551,34.2162494],[115.7468529,34.2253382],[115.7426024,34.245647],[115.7419721,34.248077],[115.7407712,34.2521279],[115.7403076,34.2540243],[115.7398439,34.256791],[115.739504,34.2618526],[115.738974,34.2658027],[115.7389406,34.2660519],[115.738279,34.2704045],[115.7381283,34.2715117],[115.7379274,34.2727336],[115.7374918,34.2757124],[115.7373802,34.2765833],[115.737312,34.2770892],[115.7372704,34.2773583],[115.7368211,34.2802666],[115.7360955,34.2833354],[115.7350956,34.286443],[115.7347921,34.287365],[115.733003,34.2928012],[115.732203,34.2952319]]}},{"type":"Feature","properties":{"osm_id":673552391,"name":"","gauge":"","electrified":""},"geometry":{"type":"LineString","coordinates":[[112.5975073,37.797733],[112.5968453,37.7982772],[112.5962763,37.7987749],[112.5960088,37.7989809],[112.5957614,37.7991582],[112.5954128,37.7994363],[112.5945295,37.8001941]]}},{"type":"Feature","properties":{"osm_id":608719472,"name":"石太客专线","gauge":"","electrified":""},"geometry":{"type":"LineString","coordinates":[[112.5957358,37.7988587],[112.5939746,37.8005759]]}},{"type":"Feature","properties":{"osm_id":265686272,"name":"唐遵线","gauge":"","electrified":""},"geometry":{"type":"LineString","coordinates":[[118.1149221,39.8284819],[118.1141207,39.829814],[118.1137401,39.8303856],[118.1129515,39.8314814],[118.1114954,39.8335778],[118.1110844,39.8341189],[118.1104927,39.8347706],[118.1099334,39.8353301],[118.1063311,39.8388286],[118.1011745,39.8438977],[118.100713,39.8443203],[118.1001951,39.8447448],[118.0997106,39.8451048],[118.0989687,39.845559],[118.0980245,39.8460655],[118.0920563,39.8491478],[118.0836525,39.8535075],[118.0831452,39.8537862],[118.0827083,39.8540521],[118.082202,39.8544015],[118.0815681,39.8549481],[118.0812771,39.8552465],[118.0809102,39.8556789],[118.0806299,39.8560517],[118.0764669,39.8622799],[118.0761114,39.8627408],[118.0756841,39.8632172],[118.0751833,39.8636596],[118.0747354,39.8640034],[118.074258,39.8642834],[118.0735445,39.8646395],[118.0728498,39.8649216],[118.0707633,39.8655693],[118.0628954,39.8680733],[118.0558205,39.8703537],[118.0556819,39.8704053],[118.0520588,39.8716995],[118.0511753,39.8720476],[118.0506062,39.8722985],[118.0501416,39.8725519],[118.0495766,39.8729057],[118.0490711,39.873302],[118.0474574,39.8746643],[118.0471141,39.8749494],[118.0467172,39.8752952],[118.0464398,39.8756309],[118.0462642,39.8758763],[118.0456527,39.8771389],[118.0455488,39.8773991],[118.0454626,39.8777363],[118.0453803,39.8781613],[118.045108,39.8798273],[118.0449544,39.8805422],[118.0447728,39.8811673],[118.044312,39.882557],[118.0438346,39.8838913],[118.0437959,39.8839874]]}},{"type":"Feature","properties":{"osm_id":960144463,"name":"珠珠线","gauge":"","electrified":""},"geometry":{"type":"LineString","coordinates":[[119.1701978,45.9203112],[119.1642477,45.9181136],[119.1592264,45.9162409],[119.1561489,45.9150993],[119.1543179,45.9146067],[119.1532002,45.9143758],[119.1520127,45.9142054],[119.1509592,45.9141031],[119.1478204,45.9139978],[119.14117,45.9138085],[119.1383672,45.913733],[119.1310288,45.913554]]}},{"type":"Feature","properties":{"osm_id":960144465,"name":"环形装车线","gauge":"","electrified":""},"geometry":{"type":"LineString","coordinates":[[119.1123828,45.9116714],[119.1117203,45.9112496],[119.1112858,45.9108353],[119.1109478,45.910395],[119.1106582,45.9098313],[119.1105455,45.9092378],[119.1105831,45.9087377],[119.1107386,45.908189],[119.111098,45.9076291],[119.1115272,45.9071886],[119.1120475,45.9067967],[119.1126967,45.906457],[119.1133511,45.9062219],[119.1141182,45.9060725],[119.1149819,45.906009],[119.1158027,45.9060464],[119.1166019,45.906192],[119.1172778,45.9064123],[119.1179538,45.9067594],[119.1185117,45.9071327],[119.1189355,45.9075208],[119.1193002,45.9080695],[119.1195202,45.9087377],[119.1196811,45.9098014],[119.1198206,45.91038],[119.120121,45.9109137],[119.1205394,45.9114213],[119.1210812,45.911802],[119.121666,45.912138],[119.1221863,45.912347],[119.1228247,45.9125112],[119.1246326,45.9128691],[119.1255161,45.9130251],[119.126508,45.9131609],[119.1275772,45.9132089],[119.1307529,45.9132908],[119.1333909,45.9133589],[119.1347189,45.9133959],[119.1398875,45.9135399]]}},{"type":"Feature","properties":{"osm_id":1352468646,"name":"","gauge":"","electrified":""},"geometry":{"type":"LineString","coordinates":[[119.1147911,45.9124873],[119.1177997,45.9127587],[119.1198347,45.9129422],[119.120834,45.9130982],[119.1212966,45.9131442],[119.1215205,45.9131664],[119.1228048,45.9132769],[119.1235333,45.9132964],[119.1277658,45.913408],[119.12873,45.9134334],[119.130192,45.913472],[119.1343049,45.9135805],[119.1384569,45.9136879]]}},{"type":"Feature","properties":{"osm_id":1352468647,"name":"","gauge":"","electrified":""},"geometry":{"type":"LineString","coordinates":[[119.130192,45.913472],[119.1309556,45.9134458],[119.13164,45.9134223]]}},{"type":"Feature","properties":{"osm_id":1352468648,"name":"","gauge":"","electrified":""},"geometry":{"type":"LineString","coordinates":[[119.1365213,45.9135484],[119.134051,45.9134846],[119.1332488,45.9134638],[119.1326028,45.9134472],[119.13164,45.9134223]]}},{"type":"Feature","properties":{"osm_id":1352468649,"name":"","gauge":"","electrified":""},"geometry":{"type":"LineString","coordinates":[[119.1307529,45.9132908],[119.1320529,45.9133772],[119.1326059,45.913392],[119.1332437,45.9134092],[119.1340462,45.9134308],[119.1369721,45.9135097]]}},{"type":"Feature","properties":{"osm_id":1352468650,"name":"","gauge":"","electrified":""},"geometry":{"type":"LineString","coordinates":[[119.1309556,45.9134458],[119.1346815,45.9135452],[119.1364276,45.9135918]]}},{"type":"Feature","properties":{"osm_id":1352468651,"name":"","gauge":"","electrified":""},"geometry":{"type":"LineString","coordinates":[[119.1340462,45.9134308],[119.1347189,45.9133959]]}},{"type":"Feature","properties":{"osm_id":1352468652,"name":"","gauge":"","electrified":""},"geometry":{"type":"LineString","coordinates":[[119.1326028,45.9134472],[119.1329442,45.9134269],[119.1332437,45.9134092]]}},{"type":"Feature","properties":{"osm_id":1352468653,"name":"","gauge":"","electrified":""},"geometry":{"type":"LineString","coordinates":[[119.1326059,45.913392],[119.1329442,45.9134269],[119.1332488,45.9134638]]}},{"type":"Feature","properties":{"osm_id":1352468654,"name":"","gauge":"","electrified":""},"geometry":{"type":"LineString","coordinates":[[119.134051,45.9134846],[119.1346815,45.9135452]]}},{"type":"Feature","properties":{"osm_id":1352468655,"name":"","gauge":"","electrified":""},"geometry":{"type":"LineString","coordinates":[[119.115189,45.9126808],[119.1160135,45.9127504],[119.1205544,45.9131339],[119.1212966,45.9131442]]}},{"type":"Feature","properties":{"osm_id":1352468656,"name":"","gauge":"","electrified":""},"geometry":{"type":"LineString","coordinates":[[119.1160135,45.9127504],[119.1167958,45.912754],[119.1177997,45.9127587]]}},{"type":"Feature","properties":{"osm_id":1352468657,"name":"","gauge":"","electrified":""},"geometry":{"type":"LineString","coordinates":[[119.1167958,45.912754],[119.120834,45.9130982]]}},{"type":"Feature","properties":{"osm_id":1352468659,"name":"","gauge":"","electrified":""},"geometry":{"type":"LineString","coordinates":[[119.12873,45.9134334],[119.1293582,45.9135103]]}},{"type":"Feature","properties":{"osm_id":1352468660,"name":"","gauge":"","electrified":""},"geometry":{"type":"LineString","coordinates":[[119.1277658,45.913408],[119.1265301,45.9132903]]}},{"type":"Feature","properties":{"osm_id":1352468661,"name":"","gauge":"","electrified":""},"geometry":{"type":"LineString","coordinates":[[119.1301786,45.9135318],[119.1309514,45.9136],[119.1376034,45.9137586],[119.1416427,45.9138722]]}},{"type":"Feature","properties":{"osm_id":1282846428,"name":"","gauge":"","electrified":""},"geometry":{"type":"LineString","coordinates":[[114.5472424,27.7828294],[114.5466446,27.7829413]]}},{"type":"Feature","properties":{"osm_id":1341200130,"name":"沪昆线","gauge":"","electrified":""},"geometry":{"type":"LineString","coordinates":[[114.1168778,27.6871095],[114.1173671,27.6874295]]}},{"type":"Feature","properties":{"osm_id":144423465,"name":"沪昆线","gauge":"","electrified":""},"geometry":{"type":"LineString","coordinates":[[114.5978034,27.7903818],[114.6028103,27.7904817],[114.6039569,27.7905197],[114.604197,27.7905233],[114.6045095,27.7905399],[114.605067,27.7905795]]}},{"type":"Feature","properties":{"osm_id":370754904,"name":"沪昆线","gauge":"","electrified":""},"geometry":{"type":"LineString","coordinates":[[114.4495403,27.7910806],[114.4565476,27.7891217],[114.4582285,27.7884779],[114.4597612,27.7877103],[114.4614724,27.7865144],[114.4630174,27.7853564],[114.4634843,27.7849714],[114.4640436,27.7845103],[114.4659372,27.7826736],[114.4706257,27.7785184],[114.4721224,27.7772939],[114.4734045,27.7765487],[114.4747295,27.7759175],[114.476371,27.7754049],[114.4788869,27.7749207],[114.4800939,27.7745885],[114.4814779,27.7740854],[114.4822933,27.7736962],[114.4877489,27.7706205],[114.4887413,27.7701648],[114.4897981,27.7697661],[114.4909193,27.7694053],[114.4926627,27.7690256],[114.4967021,27.7683611],[114.5015408,27.7674735],[114.5053657,27.7667947],[114.5070555,27.7665716],[114.5090832,27.7664814],[114.5103385,27.7665906],[114.5123126,27.7668944],[114.5193293,27.7686482],[114.5206395,27.7690891],[114.5218251,27.7696207],[114.5230468,27.7703606],[114.5242431,27.771298],[114.5290549,27.7752838],[114.5350661,27.7802979],[114.5372317,27.7817137],[114.5380551,27.7820626],[114.5388491,27.7823805],[114.5397851,27.7826748],[114.5404288,27.7828291],[114.5410136,27.7829596],[114.5424298,27.7831494],[114.5434276,27.7831791],[114.5449954,27.7830548],[114.5472424,27.7828294]]}},{"type":"Feature","properties":{"osm_id":689823022,"name":"沪昆线","gauge":"","electrified":""},"geometry":{"type":"LineString","coordinates":[[113.8665316,27.6471027],[113.8678938,27.6466031]]}},{"type":"Feature","properties":{"osm_id":689823025,"name":"沪昆线","gauge":"","electrified":""},"geometry":{"type":"LineString","coordinates":[[113.8682694,27.646419],[113.8732489,27.6446272],[113.8745541,27.6440335],[113.8754532,27.6434975],[113.876,27.6430786],[113.8763903,27.6427697],[113.8767229,27.6424608],[113.8776221,27.6416008]]}},{"type":"Feature","properties":{"osm_id":1282846425,"name":"","gauge":"","electrified":""},"geometry":{"type":"LineString","coordinates":[[114.5505167,27.7823369],[114.5510025,27.7822579],[114.5514298,27.7821077],[114.5517839,27.7819775],[114.552051,27.7819049],[114.5526758,27.7818265],[114.5530187,27.7817769],[114.5532297,27.7817304],[114.553427,27.7816686],[114.5536333,27.7815903],[114.5538076,27.7814972],[114.5541208,27.7813023],[114.5547604,27.7808351],[114.555169,27.7804993],[114.5553734,27.7803068],[114.555737,27.7797597]]}},{"type":"Feature","properties":{"osm_id":1328824550,"name":"沪昆线","gauge":"","electrified":""},"geometry":{"type":"LineString","coordinates":[[114.5978028,27.7904357],[114.6028116,27.7905244],[114.6039408,27.79056],[114.6041809,27.7905636],[114.6045108,27.7905838],[114.605043,27.7906239]]}},{"type":"Feature","properties":{"osm_id":1341200100,"name":"沪昆线","gauge":"","electrified":""},"geometry":{"type":"LineString","coordinates":[[114.5302042,27.7836857],[114.5308209,27.7836126]]}},{"type":"Feature","properties":{"osm_id":1341200101,"name":"沪昆线","gauge":"","electrified":""},"geometry":{"type":"LineString","coordinates":[[114.5308209,27.7836126],[114.5312771,27.7835813],[114.5317604,27.783565],[114.5394538,27.7835439],[114.5422873,27.7834318],[114.545028,27.7831497],[114.5463434,27.7829761],[114.5466446,27.7829413],[114.547772,27.7828113],[114.5491056,27.7826715],[114.5598011,27.7815194],[114.561955,27.7812931],[114.5630023,27.7811788]]}},{"type":"Feature","properties":{"osm_id":1341200102,"name":"沪昆线","gauge":"","electrified":""},"geometry":{"type":"LineString","coordinates":[[114.4929215,27.7940884],[114.4934794,27.7941358],[114.494097,27.7941518],[114.4948071,27.7941311]]}},{"type":"Feature","properties":{"osm_id":1341200103,"name":"沪昆线","gauge":"","electrified":""},"geometry":{"type":"LineString","coordinates":[[114.4770053,27.7872831],[114.4778555,27.7875948],[114.4785242,27.7878491],[114.4803187,27.7886946],[114.4826111,27.7899407],[114.4848243,27.7911842],[114.4851378,27.7914106],[114.4868932,27.7923173],[114.4883264,27.7929983],[114.4894467,27.7934246],[114.4906153,27.7937606],[114.4919612,27.7939858],[114.4929215,27.7940884]]}},{"type":"Feature","properties":{"osm_id":1341200104,"name":"沪昆线","gauge":"","electrified":""},"geometry":{"type":"LineString","coordinates":[[114.4731329,27.7864171],[114.4745417,27.7866572],[114.475801,27.7869556],[114.4770053,27.7872831]]}},{"type":"Feature","properties":{"osm_id":1341200105,"name":"沪昆线","gauge":"","electrified":""},"geometry":{"type":"LineString","coordinates":[[114.4681138,27.7862983],[114.4690257,27.7862556],[114.4699198,27.7862282],[114.4708657,27.7862461],[114.4718332,27.7863024],[114.4731329,27.7864171]]}},{"type":"Feature","properties":{"osm_id":1341200106,"name":"沪昆线","gauge":"","electrified":""},"geometry":{"type":"LineString","coordinates":[[114.4647791,27.7868176],[114.4653457,27.7866851],[114.4661232,27.7865251],[114.4670409,27.7863909],[114.4681138,27.7862983]]}},{"type":"Feature","properties":{"osm_id":1341200107,"name":"沪昆线","gauge":"","electrified":""},"geometry":{"type":"LineString","coordinates":[[114.4495523,27.7911149],[114.4568456,27.7891025],[114.4616331,27.7877383],[114.4647791,27.7868176]]}},{"type":"Feature","properties":{"osm_id":1341200108,"name":"沪昆线","gauge":"","electrified":""},"geometry":{"type":"LineString","coordinates":[[114.4948071,27.7941311],[114.4955872,27.7941017],[114.4962421,27.7940457],[114.4968556,27.7939653],[114.4975054,27.793844],[114.498071,27.7937037],[114.4987473,27.7935308],[114.4994463,27.7933276],[114.5001286,27.7930705],[114.5018928,27.7923226],[114.5034358,27.7916634],[114.5041519,27.7913621],[114.5046079,27.791177],[114.5053557,27.7908818],[114.5059597,27.7906692],[114.506555,27.7904887],[114.5073248,27.7902676],[114.5101195,27.7897061],[114.5173196,27.7884201],[114.5181235,27.7882547],[114.5192569,27.7879319],[114.5205885,27.7874848],[114.5210085,27.7873222],[114.522349,27.7867566],[114.524526,27.7856719],[114.5256177,27.785138],[114.5263097,27.7847986],[114.5271341,27.7844599],[114.5277259,27.7842481],[114.5284836,27.7840122],[114.5289087,27.7838993],[114.5294144,27.7838011],[114.5302042,27.7836857]]}},{"type":"Feature","properties":{"osm_id":1341200109,"name":"沪昆线","gauge":"","electrified":""},"geometry":{"type":"LineString","coordinates":[[114.4484996,27.791401],[114.4495523,27.7911149]]}},{"type":"Feature","properties":{"osm_id":1341200110,"name":"沪昆线","gauge":"","electrified":""},"geometry":{"type":"LineString","coordinates":[[114.4290086,27.7903213],[114.441894,27.7921289],[114.4426509,27.7922074],[114.4433265,27.7922419],[114.4441406,27.7922519],[114.4457607,27.7921194],[114.4484996,27.791401]]}},{"type":"Feature","properties":{"osm_id":1341200111,"name":"沪昆线","gauge":"","electrified":""},"geometry":{"type":"LineString","coordinates":[[114.4015981,27.7894469],[114.4039893,27.7885032],[114.405235,27.7880933],[114.4063313,27.7878511],[114.4071986,27.7877206],[114.4078023,27.7876619],[114.4090474,27.7876549],[114.4100104,27.7877267],[114.41356,27.7881815],[114.4290086,27.7903213]]}},{"type":"Feature","properties":{"osm_id":1341200112,"name":"沪昆线","gauge":"","electrified":""},"geometry":{"type":"LineString","coordinates":[[114.4011697,27.789619],[114.4015981,27.7894469]]}},{"type":"Feature","properties":{"osm_id":1341200113,"name":"沪昆线","gauge":"","electrified":""},"geometry":{"type":"LineString","coordinates":[[114.3948637,27.7903748],[114.3949975,27.7903796]]}},{"type":"Feature","properties":{"osm_id":1341200114,"name":"沪昆线","gauge":"","electrified":""},"geometry":{"type":"LineString","coordinates":[[114.3949975,27.7903796],[114.3968106,27.7904439],[114.3981482,27.7903617],[114.3991279,27.790198],[114.4000149,27.7899923],[114.4009707,27.7896945],[114.4011697,27.789619]]}},{"type":"Feature","properties":{"osm_id":1341200115,"name":"沪昆线","gauge":"","electrified":""},"geometry":{"type":"LineString","coordinates":[[114.356894,27.785892],[114.3597553,27.7848546],[114.3614443,27.7843425],[114.3624237,27.7841363],[114.363377,27.7840118],[114.3643057,27.7839699],[114.3651853,27.7839839],[114.3665862,27.7841264],[114.3683593,27.7844825],[114.3713832,27.7854844],[114.3727775,27.7859893],[114.3741356,27.7865537],[114.3751208,27.7869008],[114.3759537,27.7871107],[114.3776765,27.7874793],[114.3790126,27.787741],[114.3813919,27.7880813],[114.3827729,27.7883177],[114.383773,27.7884833],[114.3857529,27.788811],[114.389196,27.7894182],[114.3915832,27.789844],[114.3926725,27.7900383],[114.3948637,27.7903748]]}},{"type":"Feature","properties":{"osm_id":1341200116,"name":"沪昆线","gauge":"","electrified":""},"geometry":{"type":"LineString","coordinates":[[114.3550794,27.78655],[114.356894,27.785892]]}},{"type":"Feature","properties":{"osm_id":1341200117,"name":"沪昆线","gauge":"","electrified":""},"geometry":{"type":"LineString","coordinates":[[114.2321372,27.7546538],[114.2359849,27.7547431],[114.2372052,27.7548984],[114.2381051,27.7550498],[114.2451047,27.7567427],[114.2537126,27.7586773],[114.2552468,27.7592029],[114.2563442,27.7596748],[114.2708164,27.7668944],[114.2739582,27.7684053],[114.2754127,27.7689672],[114.2843722,27.7719821],[114.2950401,27.7764032],[114.2964833,27.7770594],[114.2975189,27.7776061],[114.2982013,27.7780291],[114.2988688,27.7784641],[114.2998151,27.7791801],[114.3003583,27.7796795],[114.3018985,27.7814376],[114.3035192,27.7831284],[114.3041106,27.7836475],[114.3050601,27.7843594],[114.3060937,27.7850106],[114.3064565,27.7851804],[114.3083493,27.7858999],[114.3095135,27.7861959],[114.3173967,27.7875515],[114.3194353,27.7877689],[114.3206517,27.7877839],[114.3218735,27.7877338],[114.3231144,27.7875947],[114.3278162,27.7866114],[114.3294121,27.7864408],[114.3306086,27.7864119],[114.3338273,27.7866987],[114.3470622,27.7876688],[114.3487,27.7877519],[114.3499389,27.7877449],[114.3515667,27.7875463],[114.3531408,27.7872024],[114.3542836,27.7868385],[114.3550794,27.78655]]}},{"type":"Feature","properties":{"osm_id":1341200118,"name":"沪昆线","gauge":"","electrified":""},"geometry":{"type":"LineString","coordinates":[[114.2317191,27.7546473],[114.2321372,27.7546538]]}},{"type":"Feature","properties":{"osm_id":1341200119,"name":"沪昆线","gauge":"","electrified":""},"geometry":{"type":"LineString","coordinates":[[114.1628074,27.7366579],[114.1642944,27.737241],[114.1652938,27.7375769],[114.1670136,27.738267],[114.1682596,27.7387482],[114.1702761,27.7394587],[114.1745913,27.7408365],[114.1753236,27.7411085],[114.1764052,27.7416149],[114.1774141,27.742209],[114.1780442,27.7426527],[114.1808193,27.744755],[114.1848065,27.7479072],[114.1860488,27.7488232],[114.1863833,27.7490448],[114.1874071,27.7495918],[114.188503,27.7500314],[114.1900121,27.7504943],[114.1907948,27.750681],[114.1971265,27.7517871],[114.1989911,27.7521618],[114.2002373,27.7525535],[114.2072818,27.7550903],[114.2080761,27.7552508],[114.2088603,27.7553799],[114.2096602,27.7554332],[114.210709,27.7554452],[114.2117793,27.7553611],[114.2131491,27.7551935],[114.216495,27.7546149],[114.21803,27.7545075],[114.2206637,27.7545014],[114.2234385,27.7545169],[114.2317191,27.7546473]]}},{"type":"Feature","properties":{"osm_id":1341200120,"name":"沪昆线","gauge":"","electrified":""},"geometry":{"type":"LineString","coordinates":[[114.1604938,27.7354113],[114.1614327,27.7359664],[114.1628074,27.7366579]]}},{"type":"Feature","properties":{"osm_id":1341200121,"name":"沪昆线","gauge":"","electrified":""},"geometry":{"type":"LineString","coordinates":[[114.1587822,27.7340532],[114.1593894,27.7345959],[114.1604938,27.7354113]]}},{"type":"Feature","properties":{"osm_id":1341200122,"name":"沪昆线","gauge":"","electrified":""},"geometry":{"type":"LineString","coordinates":[[114.1584565,27.7337621],[114.1587822,27.7340532]]}},{"type":"Feature","properties":{"osm_id":1341200123,"name":"沪昆线","gauge":"","electrified":""},"geometry":{"type":"LineString","coordinates":[[114.1246257,27.6954522],[114.125027,27.6963107],[114.1255252,27.6975914],[114.1261744,27.699772],[114.1300584,27.7175319],[114.1303643,27.7185791],[114.1306384,27.7192018]]}},{"type":"Feature","properties":{"osm_id":1341200124,"name":"沪昆线","gauge":"","electrified":""},"geometry":{"type":"LineString","coordinates":[[114.1323189,27.7218248],[114.1334339,27.7229453],[114.1341429,27.7234898],[114.1348555,27.7239406],[114.1354862,27.724321],[114.136473,27.7248547],[114.1369222,27.7250531],[114.1379373,27.7253667],[114.1389949,27.7256525],[114.1431761,27.7266274],[114.145085,27.7272167],[114.150031,27.7289017],[114.1523109,27.7296124],[114.1534312,27.7300579],[114.1548304,27.7307959],[114.1557901,27.7314337],[114.1563899,27.731915],[114.1584565,27.7337621]]}},{"type":"Feature","properties":{"osm_id":1341200125,"name":"沪昆线","gauge":"","electrified":""},"geometry":{"type":"LineString","coordinates":[[114.1306384,27.7192018],[114.1308927,27.7196937],[114.1319705,27.7214153],[114.1323189,27.7218248]]}},{"type":"Feature","properties":{"osm_id":1341200126,"name":"沪昆线","gauge":"","electrified":""},"geometry":{"type":"LineString","coordinates":[[114.1244017,27.6950076],[114.1246257,27.6954522]]}},{"type":"Feature","properties":{"osm_id":1341200127,"name":"沪昆线","gauge":"","electrified":""},"geometry":{"type":"LineString","coordinates":[[114.1223082,27.6918492],[114.1229572,27.6926259],[114.1234706,27.6933926],[114.1241845,27.6945768],[114.1244017,27.6950076]]}},{"type":"Feature","properties":{"osm_id":1341200128,"name":"沪昆线","gauge":"","electrified":""},"geometry":{"type":"LineString","coordinates":[[114.1200188,27.6894295],[114.1208993,27.6902812],[114.1214746,27.6908259],[114.1223082,27.6918492]]}},{"type":"Feature","properties":{"osm_id":1341200129,"name":"沪昆线","gauge":"","electrified":""},"geometry":{"type":"LineString","coordinates":[[114.1173671,27.6874295],[114.1182482,27.6880058],[114.1200188,27.6894295]]}},{"type":"Feature","properties":{"osm_id":1341200131,"name":"沪昆线","gauge":"","electrified":""},"geometry":{"type":"LineString","coordinates":[[114.0403718,27.6549589],[114.0432498,27.6551808],[114.0587514,27.6563761],[114.0593814,27.6564247],[114.0608978,27.6566114],[114.0623745,27.6569027],[114.064779,27.6575728],[114.0666487,27.6582685],[114.0684413,27.6591014],[114.087941,27.6692182],[114.0895894,27.6702546],[114.0911482,27.671385],[114.0926226,27.6726167],[114.0947644,27.6745385],[114.0976733,27.6770403],[114.0987932,27.6779287],[114.1012026,27.6795504],[114.1024639,27.6802797],[114.1037637,27.6809326],[114.1135688,27.6853797],[114.1157584,27.6864689],[114.1166182,27.6869398],[114.1168778,27.6871095]]}},{"type":"Feature","properties":{"osm_id":1341200132,"name":"沪昆线","gauge":"","electrified":""},"geometry":{"type":"LineString","coordinates":[[114.0352812,27.6547672],[114.0367976,27.6547731],[114.0382607,27.6548254],[114.0403718,27.6549589]]}},{"type":"Feature","properties":{"osm_id":1341200133,"name":"沪昆线","gauge":"","electrified":""},"geometry":{"type":"LineString","coordinates":[[113.9378931,27.6631949],[113.9409095,27.6629887],[113.9419119,27.6628611],[113.9440044,27.6629549],[113.9465771,27.6629433],[113.9490544,27.6630954],[113.9513765,27.6632737],[113.9538627,27.6635716],[113.9552116,27.6637227],[113.9573179,27.6639586],[113.9587685,27.6641213],[113.9595004,27.6641833],[113.9604302,27.6641959],[113.9618176,27.6641699],[113.9635876,27.6640602],[113.9647262,27.6639278],[113.965749,27.6637812],[113.9667546,27.6635834],[113.9675397,27.6634026],[113.9683269,27.6631516],[113.9701054,27.6625362],[113.9710511,27.6621724],[113.9718086,27.6618121],[113.9729244,27.6612011],[113.9735514,27.6608484],[113.9743177,27.6603952],[113.9763107,27.658975],[113.9773672,27.6582126],[113.9783531,27.6575292],[113.9794596,27.6568502],[113.9810819,27.6557907],[113.9815061,27.6555542],[113.9833182,27.6547306],[113.9856333,27.6538676],[113.9870747,27.6534404],[113.9880481,27.653208],[113.9895626,27.6529515],[113.9916091,27.6527018],[113.9931311,27.65261],[113.9956288,27.6527498],[113.9971204,27.6529383],[114.000035,27.653554],[114.0048686,27.654489],[114.0077804,27.6551489],[114.0097521,27.6555483],[114.0122385,27.6559186],[114.0142081,27.6561069],[114.0167398,27.6561919],[114.0202676,27.6561069],[114.0237325,27.6557937],[114.0287102,27.6552557],[114.031777,27.6550268],[114.0338072,27.6548238],[114.0352812,27.6547672]]}},{"type":"Feature","properties":{"osm_id":1341200134,"name":"沪昆线","gauge":"","electrified":""},"geometry":{"type":"LineString","coordinates":[[113.9357731,27.6632433],[113.9378931,27.6631949]]}},{"type":"Feature","properties":{"osm_id":1341200135,"name":"沪昆线","gauge":"","electrified":""},"geometry":{"type":"LineString","coordinates":[[113.9266674,27.6634135],[113.9290976,27.6634999],[113.9328911,27.6634269],[113.9353122,27.6632539],[113.9357731,27.6632433]]}},{"type":"Feature","properties":{"osm_id":1341200136,"name":"沪昆线","gauge":"","electrified":""},"geometry":{"type":"LineString","coordinates":[[113.9257745,27.6633818],[113.9266674,27.6634135]]}},{"type":"Feature","properties":{"osm_id":1341200137,"name":"沪昆线","gauge":"","electrified":""},"geometry":{"type":"LineString","coordinates":[[113.9174815,27.6624096],[113.9179503,27.6625397],[113.9183654,27.6626261],[113.9204912,27.6630014],[113.9222057,27.6632157],[113.9235267,27.6633019],[113.9257745,27.6633818]]}},{"type":"Feature","properties":{"osm_id":1341200138,"name":"沪昆线","gauge":"","electrified":""},"geometry":{"type":"LineString","coordinates":[[113.9174815,27.6624096],[113.91449,27.661563],[113.9131506,27.661059]]}},{"type":"Feature","properties":{"osm_id":1341200139,"name":"沪昆线","gauge":"","electrified":""},"geometry":{"type":"LineString","coordinates":[[113.9131506,27.661059],[113.9123232,27.6607246]]}},{"type":"Feature","properties":{"osm_id":1341200140,"name":"沪昆线","gauge":"","electrified":""},"geometry":{"type":"LineString","coordinates":[[113.9123232,27.6607246],[113.9114521,27.6603419],[113.9107176,27.6600016],[113.9104903,27.6598879],[113.9094702,27.6592893]]}},{"type":"Feature","properties":{"osm_id":1341200141,"name":"沪昆线","gauge":"","electrified":""},"geometry":{"type":"LineString","coordinates":[[113.9094702,27.6592893],[113.9087519,27.6588559],[113.9069532,27.6576833]]}},{"type":"Feature","properties":{"osm_id":1341200142,"name":"沪昆线","gauge":"","electrified":""},"geometry":{"type":"LineString","coordinates":[[113.9069532,27.6576833],[113.9059918,27.6569985]]}},{"type":"Feature","properties":{"osm_id":1341200143,"name":"沪昆线","gauge":"","electrified":""},"geometry":{"type":"LineString","coordinates":[[113.9059918,27.6569985],[113.9055066,27.656635]]}},{"type":"Feature","properties":{"osm_id":1341200144,"name":"沪昆线","gauge":"","electrified":""},"geometry":{"type":"LineString","coordinates":[[113.9055066,27.656635],[113.9031343,27.6546301],[113.9008241,27.6526839],[113.8993864,27.6515315],[113.8988292,27.6510504],[113.8980904,27.650351],[113.897167,27.6493984],[113.8964381,27.6484788],[113.8961299,27.6480753],[113.8955907,27.6472789],[113.8945972,27.6457448],[113.8939314,27.6446433],[113.8933653,27.6437652],[113.8918986,27.6414848],[113.891446,27.6408585],[113.8911122,27.6405162],[113.8906665,27.6401207],[113.8902565,27.639783],[113.8891183,27.6390443],[113.8884715,27.6387131],[113.8880242,27.6385455],[113.8875222,27.6383922],[113.8859086,27.6380275],[113.8849413,27.6380127],[113.8839694,27.6381156],[113.8834275,27.6381776],[113.8826917,27.6382846],[113.8818048,27.6385759]]}},{"type":"Feature","properties":{"osm_id":1341200145,"name":"沪昆线","gauge":"","electrified":""},"geometry":{"type":"LineString","coordinates":[[113.8678938,27.6466031],[113.8682851,27.6464521]]}},{"type":"Feature","properties":{"osm_id":1341200146,"name":"沪昆线","gauge":"","electrified":""},"geometry":{"type":"LineString","coordinates":[[113.8682851,27.6464521],[113.8732658,27.6446599],[113.8745748,27.6440645],[113.8754779,27.6435261],[113.8760268,27.6431056],[113.8764185,27.6427955],[113.8767525,27.6424854],[113.8776519,27.6416253]]}},{"type":"Feature","properties":{"osm_id":1341200147,"name":"沪昆线","gauge":"","electrified":""},"geometry":{"type":"LineString","coordinates":[[113.8818048,27.6385759],[113.8811521,27.6388776],[113.8804476,27.6393079],[113.8798757,27.6397316],[113.8793681,27.6401414],[113.8783032,27.6410037],[113.8776519,27.6416253]]}},{"type":"Feature","properties":{"osm_id":908806988,"name":"胶济客专线","gauge":"","electrified":""},"geometry":{"type":"LineString","coordinates":[[119.3393235,36.597064],[119.336949,36.5998831],[119.3356445,36.6011751],[119.3343127,36.6024077],[119.3330723,36.6034447],[119.3323857,36.6039679],[119.3316607,36.6045163]]}},{"type":"Feature","properties":{"osm_id":898525696,"name":"胶济线","gauge":"","electrified":""},"geometry":{"type":"LineString","coordinates":[[119.3294181,36.6059053],[119.3302587,36.6053223],[119.3306016,36.6050914],[119.3309313,36.6048449]]}},{"type":"Feature","properties":{"osm_id":117011506,"name":"沪昆线","gauge":"","electrified":""},"geometry":{"type":"LineString","coordinates":[[113.8817883,27.638543],[113.8811311,27.6388468],[113.880423,27.6392792],[113.879849,27.6397046],[113.8793408,27.6401148],[113.8782746,27.6409781],[113.8776221,27.6416008]]}},{"type":"Feature","properties":{"osm_id":386604353,"name":"","gauge":"","electrified":""},"geometry":{"type":"LineString","coordinates":[[109.6850055,26.5612506],[109.6848304,26.5617772],[109.6846027,26.5625689]]}},{"type":"Feature","properties":{"osm_id":1096789654,"name":"","gauge":"","electrified":""},"geometry":{"type":"LineString","coordinates":[[118.0323887,39.9487582],[118.0324879,39.9492455],[118.0325335,39.9494491],[118.0336869,39.9535634],[118.0337378,39.9537588],[118.0339395,39.9543113]]}},{"type":"Feature","properties":{"osm_id":1096789666,"name":"","gauge":"","electrified":""},"geometry":{"type":"LineString","coordinates":[[118.0451748,39.8799776],[118.0450487,39.8805437],[118.0448475,39.881192],[118.0443614,39.8825657],[118.0442145,39.8829539]]}},{"type":"Feature","properties":{"osm_id":1096789669,"name":"","gauge":"","electrified":""},"geometry":{"type":"LineString","coordinates":[[118.1927624,39.7234146],[118.1924907,39.7236427],[118.192209,39.7238792]]}},{"type":"Feature","properties":{"osm_id":1096789670,"name":"","gauge":"","electrified":""},"geometry":{"type":"LineString","coordinates":[[118.1921642,39.7238361],[118.1924907,39.7236427],[118.1928169,39.7234494]]}},{"type":"Feature","properties":{"osm_id":154623019,"name":"","gauge":"","electrified":""},"geometry":{"type":"LineString","coordinates":[[121.5045419,31.353058],[121.5049863,31.3529689],[121.5050826,31.3529391],[121.5051242,31.3529262],[121.5052304,31.3528933],[121.5054933,31.352781],[121.5057132,31.3526574],[121.5070699,31.3518745],[121.5070945,31.3518602],[121.5082023,31.3512235],[121.5082759,31.3511804],[121.5083558,31.3511336],[121.5085588,31.3509965],[121.5090123,31.3507493],[121.5099162,31.3502797],[121.5099323,31.3502714],[121.509976,31.3502488],[121.5116532,31.3493933],[121.5117992,31.3493188],[121.5124134,31.3489954],[121.5125689,31.3489168],[121.5135369,31.3484142],[121.5138618,31.3482456],[121.5147522,31.347799],[121.514842,31.347747],[121.5149856,31.3476638],[121.5153557,31.3474325]]}},{"type":"Feature","properties":{"osm_id":896171963,"name":"京广线","gauge":"","electrified":""},"geometry":{"type":"LineString","coordinates":[[113.043333,28.6052206],[113.0424838,28.601709],[113.0421476,28.6003187]]}},{"type":"Feature","properties":{"osm_id":896171959,"name":"","gauge":"","electrified":""},"geometry":{"type":"LineString","coordinates":[[113.0424838,28.601709],[113.0426162,28.6020059],[113.0434075,28.6052132],[113.0444214,28.6096213],[113.0444561,28.6100104]]}},{"type":"Feature","properties":{"osm_id":896171964,"name":"京广线","gauge":"","electrified":""},"geometry":{"type":"LineString","coordinates":[[113.0432629,28.6052335],[113.0424347,28.6018126],[113.0420722,28.6003156]]}},{"type":"Feature","properties":{"osm_id":896171958,"name":"","gauge":"","electrified":""},"geometry":{"type":"LineString","coordinates":[[113.0424347,28.6018126],[113.0425572,28.6024651],[113.0432278,28.6052556],[113.0442631,28.6096425],[113.0443379,28.6098182]]}},{"type":"Feature","properties":{"osm_id":1279179512,"name":"","gauge":"","electrified":""},"geometry":{"type":"LineString","coordinates":[[116.9951919,35.3144073],[116.9956452,35.3137814],[116.9957632,35.3135909],[117.0008862,35.305488],[117.0010176,35.3052604],[117.0013586,35.3046664]]}},{"type":"Feature","properties":{"osm_id":1279179513,"name":"","gauge":"","electrified":""},"geometry":{"type":"LineString","coordinates":[[116.9961365,35.3124442],[116.9959871,35.312652],[116.9958034,35.3129168],[116.9956197,35.3132068]]}},{"type":"Feature","properties":{"osm_id":1279179514,"name":"","gauge":"","electrified":""},"geometry":{"type":"LineString","coordinates":[[116.9976342,35.310095],[116.9980296,35.309382],[116.9981933,35.309115]]}},{"type":"Feature","properties":{"osm_id":1279179515,"name":"","gauge":"","electrified":""},"geometry":{"type":"LineString","coordinates":[[116.9988071,35.308416],[116.9986211,35.3086772],[116.9981584,35.3092529],[116.9980136,35.3094717],[116.9976342,35.310095],[116.9961365,35.3124442],[116.9959107,35.312814],[116.9957887,35.3130525],[116.995452,35.3136719],[116.9952777,35.3140506]]}},{"type":"Feature","properties":{"osm_id":1279179516,"name":"","gauge":"","electrified":""},"geometry":{"type":"LineString","coordinates":[[116.9950953,35.3143263],[116.993604,35.3166857]]}},{"type":"Feature","properties":{"osm_id":1279387857,"name":"浩吉线","gauge":"","electrified":""},"geometry":{"type":"LineString","coordinates":[[111.5784208,33.2485572],[111.5804841,33.2482406],[111.5817672,33.2478849],[111.5832042,33.2472945],[111.5842341,33.2467126],[111.5846475,33.2464335],[111.5852229,33.245976],[111.5858576,33.2453993],[111.5864473,33.244778],[111.5870297,33.2439653]]}},{"type":"Feature","properties":{"osm_id":392010033,"name":"天津西动车走行C线","gauge":"","electrified":""},"geometry":{"type":"LineString","coordinates":[[117.1038582,39.1546557],[117.1034865,39.154666],[117.1019176,39.1547151],[117.1005602,39.1547433],[117.0994627,39.1547737],[117.0977689,39.1548378],[117.0964396,39.1549031],[117.0950776,39.1549731],[117.0912426,39.1550983],[117.0809376,39.1554192]]}},{"type":"Feature","properties":{"osm_id":1263948114,"name":"津霸客专线","gauge":"","electrified":""},"geometry":{"type":"LineString","coordinates":[[117.0902432,39.1546369],[117.0895963,39.154631],[117.0890392,39.1546219],[117.0883506,39.1545925],[117.0878766,39.15457],[117.0873285,39.1545484],[117.0868456,39.1545104],[117.0861481,39.1544527],[117.0857042,39.154411],[117.0849823,39.1543358],[117.0841094,39.1542363],[117.0835907,39.154177],[117.0831128,39.15411],[117.0826451,39.1540439],[117.0819112,39.1539419],[117.0813578,39.1538717],[117.0806625,39.1537807],[117.0801314,39.153708],[117.0783204,39.1534582],[117.076851,39.1532676],[117.0744261,39.1529743],[117.0736323,39.1528742],[117.0719689,39.1526697],[117.0697241,39.1523617],[117.0628288,39.1514302]]}},{"type":"Feature","properties":{"osm_id":320018169,"name":"","gauge":"","electrified":""},"geometry":{"type":"LineString","coordinates":[[116.9410501,36.6401334],[116.9413853,36.6402443],[116.9417676,36.6403518],[116.9421283,36.6404357],[116.9426272,36.6405403],[116.9433159,36.6406334],[116.9435848,36.640637],[116.9438343,36.6406198],[116.9441615,36.6405779],[116.9444793,36.6405079],[116.9447945,36.6404121],[116.945056,36.6403013],[116.945276,36.6401689],[116.9454583,36.6400248],[116.9456515,36.6398483],[116.9462586,36.6389021],[116.9462936,36.6387263],[116.9463231,36.6385523],[116.946344,36.6383685],[116.946354,36.6381638],[116.9463572,36.6380306],[116.9463595,36.6379335],[116.9463595,36.6376131],[116.9463595,36.6373915],[116.9463676,36.6366382],[116.9463692,36.6353264],[116.9463783,36.63508],[116.9463971,36.6348463],[116.9464307,36.6346138],[116.946503,36.634346],[116.9465742,36.6340909],[116.9467016,36.6337164],[116.9467767,36.6335129],[116.9468531,36.6333267],[116.9469448,36.6331265],[116.9471145,36.6328321],[116.947138,36.632794],[116.9472332,36.6326609],[116.9473303,36.6324951],[116.94738,36.6324162],[116.9474087,36.6323704],[116.9475137,36.6321879],[116.9476993,36.6318836],[116.9483082,36.6307945],[116.9492255,36.6292468],[116.9500275,36.627895],[116.9504154,36.6273327],[116.9509743,36.6263237],[116.9511393,36.6259824],[116.9512278,36.6257306],[116.9513042,36.6254907],[116.9513525,36.6251634],[116.9513873,36.6249116],[116.9514061,36.6246317],[116.95139,36.624339],[116.9513592,36.6240892],[116.9513056,36.6238223],[116.9511031,36.6227106],[116.9510763,36.622569],[116.9510392,36.6223699]]}},{"type":"Feature","properties":{"osm_id":825185333,"name":"","gauge":"","electrified":""},"geometry":{"type":"LineString","coordinates":[[116.9340315,36.6356559],[116.9341032,36.6358913],[116.9341595,36.6360441],[116.9342391,36.6362959],[116.9343513,36.6366597],[116.9344197,36.6368631],[116.9344919,36.6370467],[116.9345444,36.6371762],[116.9346191,36.6373344],[116.9347309,36.6375077],[116.9348556,36.6376551],[116.9349957,36.6377768],[116.9350992,36.6378545],[116.9352184,36.6379362],[116.9353813,36.6380307],[116.9355794,36.6381229],[116.93594,36.6382557],[116.9363953,36.638423],[116.9368407,36.6385866],[116.9385711,36.6392225],[116.9391369,36.6394303],[116.9408423,36.6400569]]}},{"type":"Feature","properties":{"osm_id":1355204994,"name":"","gauge":"","electrified":""},"geometry":{"type":"LineString","coordinates":[[116.9463572,36.6380306],[116.9463777,36.6378171],[116.9464146,36.6376169],[116.9464826,36.6374062],[116.9465862,36.6372053],[116.9466989,36.6370363],[116.9468303,36.6368631],[116.9469711,36.6367242],[116.9471696,36.6365682],[116.9473855,36.6364358],[116.9476551,36.6363153],[116.947934,36.6362195],[116.9482076,36.6361614],[116.9484705,36.6361334],[116.9486622,36.6361206],[116.9488581,36.6361076],[116.9507283,36.6359921],[116.9509649,36.6359775],[116.9534754,36.635829]]}},{"type":"Feature","properties":{"osm_id":1359902091,"name":"","gauge":"","electrified":""},"geometry":{"type":"LineString","coordinates":[[116.9508523,36.6217099],[116.950916,36.6219435],[116.9509669,36.6221077],[116.9510392,36.6223699]]}},{"type":"Feature","properties":{"osm_id":1359902092,"name":"","gauge":"","electrified":""},"geometry":{"type":"LineString","coordinates":[[116.9508523,36.6217099],[116.9511044,36.6231151]]}},{"type":"Feature","properties":{"osm_id":1359902093,"name":"","gauge":"","electrified":""},"geometry":{"type":"LineString","coordinates":[[116.9505708,36.6200898],[116.9504862,36.6196515]]}},{"type":"Feature","properties":{"osm_id":203642529,"name":"郑州东北联络线","gauge":"","electrified":""},"geometry":{"type":"LineString","coordinates":[[113.7697683,34.7373521],[113.7702108,34.7376308],[113.7706894,34.7379444],[113.7710298,34.7382013],[113.7713364,34.7384357],[113.7716848,34.7387467],[113.7719491,34.7390073],[113.7722645,34.7393447],[113.7725204,34.7396421],[113.7727571,34.739934],[113.7729657,34.7402394],[113.7731953,34.7406186],[113.7734353,34.7410718],[113.7736824,34.7415963],[113.7738127,34.7419506],[113.7739349,34.7423236],[113.7740311,34.7426856],[113.7741048,34.7430481],[113.7741799,34.7434862],[113.7742125,34.7438813],[113.7742232,34.7442207],[113.7741954,34.7447555],[113.774171,34.7450573],[113.7741286,34.7454156],[113.7740492,34.7458173],[113.7739756,34.746167],[113.7737708,34.7470655],[113.7731388,34.7500999]]}},{"type":"Feature","properties":{"osm_id":203642509,"name":"郑州东北联络线","gauge":"","electrified":""},"geometry":{"type":"LineString","coordinates":[[113.7708289,34.7382126],[113.7712245,34.7385113],[113.7715549,34.7388212],[113.7717922,34.7390805],[113.7719995,34.7393185],[113.772234,34.7396264],[113.7724518,34.7399456],[113.7726515,34.7403202],[113.7728213,34.7406566],[113.7729561,34.7410023],[113.7730582,34.7413268],[113.7731631,34.7417032],[113.7732363,34.7421148],[113.7732721,34.7425147],[113.773299,34.7428559],[113.773311,34.7431219],[113.7732997,34.7434426],[113.773099,34.7464627]]}},{"type":"Feature","properties":{"osm_id":203642532,"name":"郑州东南联络线","gauge":"","electrified":""},"geometry":{"type":"LineString","coordinates":[[113.7801855,34.7104184],[113.7793028,34.713489],[113.7787744,34.7150378],[113.7778179,34.7175159],[113.7774729,34.7185282],[113.7771351,34.7197321],[113.7768913,34.7207693],[113.7767308,34.7217675],[113.7764959,34.7235878],[113.7762211,34.7254026],[113.7761039,34.7260747],[113.775967,34.7267395],[113.7757801,34.7274978],[113.7752269,34.7297169],[113.7749831,34.7306672],[113.7748593,34.7310324],[113.7747343,34.7313873],[113.774583,34.7317333],[113.7744273,34.7320615],[113.7742719,34.7323285],[113.7741044,34.7326009],[113.7738964,34.7329038],[113.7736626,34.7332014],[113.7734297,34.7334571],[113.7732045,34.7336949],[113.7728852,34.7339707],[113.7725532,34.7342342],[113.7721666,34.7345149],[113.7718686,34.7347003],[113.7715737,34.7348652],[113.7712142,34.7350464],[113.7708406,34.7352043],[113.7703988,34.735377],[113.7699595,34.7355175],[113.7696075,34.7356129],[113.7692502,34.735694],[113.7688753,34.7357649],[113.7684431,34.7358179],[113.7679821,34.7358619],[113.7675379,34.7358922],[113.7664264,34.7359072],[113.7625008,34.7358308]]}},{"type":"Feature","properties":{"osm_id":353655937,"name":"","gauge":"","electrified":""},"geometry":{"type":"LineString","coordinates":[[113.7721192,34.7563411],[113.7722173,34.7557224]]}},{"type":"Feature","properties":{"osm_id":353799883,"name":"郑州东北联络线","gauge":"","electrified":""},"geometry":{"type":"LineString","coordinates":[[113.7724357,34.7563528],[113.7724833,34.7557656]]}},{"type":"Feature","properties":{"osm_id":353803242,"name":"郑州东北联络线","gauge":"","electrified":""},"geometry":{"type":"LineString","coordinates":[[113.7725584,34.7576165],[113.7726519,34.7563616]]}},{"type":"Feature","properties":{"osm_id":353803277,"name":"","gauge":"","electrified":""},"geometry":{"type":"LineString","coordinates":[[113.7727841,34.7576675],[113.7727837,34.7573033],[113.7727662,34.7568227],[113.7727466,34.7563593]]}},{"type":"Feature","properties":{"osm_id":367833452,"name":"郑机城际线","gauge":"","electrified":""},"geometry":{"type":"LineString","coordinates":[[113.7734273,34.7557253],[113.7734258,34.7554119],[113.7734395,34.7531521]]}},{"type":"Feature","properties":{"osm_id":499339129,"name":"","gauge":"","electrified":""},"geometry":{"type":"LineString","coordinates":[[113.7744408,34.7557743],[113.7744395,34.756376]]}},{"type":"Feature","properties":{"osm_id":499339140,"name":"","gauge":"","electrified":""},"geometry":{"type":"LineString","coordinates":[[113.7740557,34.7556979],[113.7741079,34.7550322],[113.7742463,34.7533299]]}},{"type":"Feature","properties":{"osm_id":678098572,"name":"","gauge":"","electrified":""},"geometry":{"type":"LineString","coordinates":[[123.1481227,47.3366669],[123.1511015,47.3362331],[123.15322,47.3359246],[123.1542947,47.3357165],[123.1549294,47.3355501],[123.1556868,47.3353281],[123.1564954,47.3350576],[123.1572426,47.3347315],[123.1575804,47.3345746],[123.1581536,47.3343084],[123.1590748,47.3337742],[123.1620943,47.33204],[123.1654723,47.3301485],[123.1660919,47.3297991]]}},{"type":"Feature","properties":{"osm_id":708224151,"name":"","gauge":"","electrified":""},"geometry":{"type":"LineString","coordinates":[[113.7742247,34.7526918],[113.7742641,34.7505303],[113.7742822,34.7500569],[113.7743507,34.7489256]]}},{"type":"Feature","properties":{"osm_id":708224157,"name":"","gauge":"","electrified":""},"geometry":{"type":"LineString","coordinates":[[113.7744737,34.7557768],[113.7744395,34.756376]]}},{"type":"Feature","properties":{"osm_id":708787433,"name":"","gauge":"","electrified":""},"geometry":{"type":"LineString","coordinates":[[113.7739632,34.7026255],[113.7735036,34.7015684]]}},{"type":"Feature","properties":{"osm_id":499339141,"name":"","gauge":"","electrified":""},"geometry":{"type":"LineString","coordinates":[[113.7738976,34.7557336],[113.7739649,34.755325],[113.774063,34.7546293],[113.7740847,34.7544921],[113.7741781,34.7533372]]}},{"type":"Feature","properties":{"osm_id":499339212,"name":"","gauge":"","electrified":""},"geometry":{"type":"LineString","coordinates":[[113.7738959,34.7576739],[113.7739952,34.7563739]]}},{"type":"Feature","properties":{"osm_id":499339215,"name":"","gauge":"","electrified":""},"geometry":{"type":"LineString","coordinates":[[113.7733393,34.755713],[113.7732949,34.7562833]]}},{"type":"Feature","properties":{"osm_id":499339221,"name":"","gauge":"","electrified":""},"geometry":{"type":"LineString","coordinates":[[113.773423,34.7582547],[113.7734757,34.757655]]}},{"type":"Feature","properties":{"osm_id":499339247,"name":"郑机城际线","gauge":"","electrified":""},"geometry":{"type":"LineString","coordinates":[[113.7733754,34.7531476],[113.7733779,34.7538898],[113.7733795,34.7540677],[113.7733786,34.7548745],[113.7733812,34.7557169]]}},{"type":"Feature","properties":{"osm_id":499339267,"name":"郑机城际线","gauge":"","electrified":""},"geometry":{"type":"LineString","coordinates":[[113.7734442,34.7525328],[113.7734524,34.7510844],[113.7735152,34.7501959],[113.7735804,34.7495342]]}},{"type":"Feature","properties":{"osm_id":499339285,"name":"曹古寺联络线","gauge":"","electrified":""},"geometry":{"type":"LineString","coordinates":[[113.7731553,34.7464577],[113.773597,34.7405739]]}},{"type":"Feature","properties":{"osm_id":499339288,"name":"郑州东北联络线","gauge":"","electrified":""},"geometry":{"type":"LineString","coordinates":[[113.7726908,34.7528875],[113.7727309,34.752349]]}},{"type":"Feature","properties":{"osm_id":499339293,"name":"","gauge":"","electrified":""},"geometry":{"type":"LineString","coordinates":[[113.7729885,34.7496967],[113.7727983,34.751365]]}},{"type":"Feature","properties":{"osm_id":499364720,"name":"徐兰高速线","gauge":"","electrified":""},"geometry":{"type":"LineString","coordinates":[[113.7743111,34.7527069],[113.7743056,34.7523394],[113.7743373,34.7503492],[113.7743507,34.7489256],[113.7743728,34.7474207],[113.7743686,34.7465692]]}},{"type":"Feature","properties":{"osm_id":499364748,"name":"徐兰高速线","gauge":"","electrified":""},"geometry":{"type":"LineString","coordinates":[[113.7743135,34.7557533],[113.7743512,34.7533586]]}},{"type":"Feature","properties":{"osm_id":499364753,"name":"曹古寺联络线","gauge":"","electrified":""},"geometry":{"type":"LineString","coordinates":[[113.7748549,34.7041126],[113.7747402,34.7038893]]}},{"type":"Feature","properties":{"osm_id":499647454,"name":"郑州东北联络线","gauge":"","electrified":""},"geometry":{"type":"LineString","coordinates":[[113.772895,34.7529531],[113.7729343,34.7523918]]}},{"type":"Feature","properties":{"osm_id":882790228,"name":"","gauge":"","electrified":""},"geometry":{"type":"LineString","coordinates":[[113.773411,34.7531523],[113.7733779,34.7538898]]}},{"type":"Feature","properties":{"osm_id":882790229,"name":"","gauge":"","electrified":""},"geometry":{"type":"LineString","coordinates":[[113.7725583,34.7548275],[113.7727464,34.7531752]]}},{"type":"Feature","properties":{"osm_id":882794111,"name":"","gauge":"","electrified":""},"geometry":{"type":"LineString","coordinates":[[113.7740847,34.7544921],[113.7742463,34.7533299]]}},{"type":"Feature","properties":{"osm_id":904005097,"name":"","gauge":"","electrified":""},"geometry":{"type":"LineString","coordinates":[[113.9162258,34.4188636],[113.9149973,34.4148535]]}},{"type":"Feature","properties":{"osm_id":958310899,"name":"","gauge":"","electrified":""},"geometry":{"type":"LineString","coordinates":[[113.9380812,34.4447988],[113.9341947,34.445333],[113.9330119,34.445513],[113.9321722,34.4456713],[113.9314429,34.4458612],[113.9308191,34.4460521],[113.930133,34.4463261],[113.9294589,34.4466526],[113.9288495,34.4469968],[113.9282449,34.4474004],[113.9275852,34.4479188],[113.9271245,34.4483678],[113.9265847,34.4489713],[113.9261433,34.4495509],[113.9258194,34.450091],[113.9255723,34.4505935],[113.925354,34.4511138],[113.9251717,34.4516677],[113.9250277,34.4523463],[113.9249462,34.4529259],[113.924915,34.4535431],[113.924927,34.4540298]]}},{"type":"Feature","properties":{"osm_id":961165529,"name":"郑机城际线","gauge":"","electrified":""},"geometry":{"type":"LineString","coordinates":[[113.7832925,34.6964805],[113.782973,34.6974756],[113.7822908,34.6995898],[113.7818963,34.7008507],[113.7813977,34.7024756],[113.7800823,34.7067995],[113.779512,34.7087371],[113.7793157,34.7095498],[113.7792021,34.7101243],[113.7791158,34.7107697],[113.7790843,34.7113838],[113.7790693,34.7120932],[113.7790956,34.7126454],[113.7791716,34.7135141]]}},{"type":"Feature","properties":{"osm_id":981846345,"name":"格库线","gauge":"","electrified":""},"geometry":{"type":"LineString","coordinates":[[86.3391618,41.5074967],[86.3392628,41.50733]]}},{"type":"Feature","properties":{"osm_id":1096624282,"name":"郑州东北联络线","gauge":"","electrified":""},"geometry":{"type":"LineString","coordinates":[[113.772352,34.760192],[113.772502,34.7581878]]}},{"type":"Feature","properties":{"osm_id":1096699464,"name":"","gauge":"","electrified":""},"geometry":{"type":"LineString","coordinates":[[113.7732752,34.7562837],[113.7732724,34.7565271]]}},{"type":"Feature","properties":{"osm_id":1096699467,"name":"郑州东北联络线","gauge":"","electrified":""},"geometry":{"type":"LineString","coordinates":[[113.7727309,34.752349],[113.7727851,34.7515341],[113.7727983,34.751365],[113.7728601,34.7505135]]}},{"type":"Feature","properties":{"osm_id":1096699468,"name":"","gauge":"","electrified":""},"geometry":{"type":"LineString","coordinates":[[113.7806039,34.7087182],[113.7803179,34.7096515]]}},{"type":"Feature","properties":{"osm_id":1096699469,"name":"","gauge":"","electrified":""},"geometry":{"type":"LineString","coordinates":[[113.761599,34.7358871],[113.7603845,34.7358978]]}},{"type":"Feature","properties":{"osm_id":1096699550,"name":"格库线","gauge":"","electrified":""},"geometry":{"type":"LineString","coordinates":[[86.3392628,41.50733],[86.3429314,41.5015067],[86.3436449,41.5003134],[86.3442081,41.4992989],[86.3449216,41.4979108],[86.3455278,41.4965528],[86.3458497,41.4957553],[86.3463056,41.4945759],[86.3466436,41.493487],[86.3471263,41.4918094],[86.3473624,41.4907426],[86.347577,41.4896617],[86.3477915,41.4883456],[86.3479364,41.4870577],[86.3480329,41.48582],[86.3480651,41.4846285],[86.3480544,41.4835414],[86.3480329,41.4828341],[86.3479418,41.4815039],[86.3478291,41.4805112],[86.3476601,41.4790242],[86.3442357,41.4508544]]}},{"type":"Feature","properties":{"osm_id":1096699551,"name":"格库线","gauge":"","electrified":""},"geometry":{"type":"LineString","coordinates":[[86.342895,41.4398256],[86.3428815,41.439714]]}},{"type":"Feature","properties":{"osm_id":1096699552,"name":"格库线","gauge":"","electrified":""},"geometry":{"type":"LineString","coordinates":[[86.3442273,41.4507849],[86.342895,41.4398256]]}},{"type":"Feature","properties":{"osm_id":1096699553,"name":"格库线","gauge":"","electrified":""},"geometry":{"type":"LineString","coordinates":[[86.3442357,41.4508544],[86.3442273,41.4507849]]}},{"type":"Feature","properties":{"osm_id":1096704641,"name":"格库线","gauge":"","electrified":""},"geometry":{"type":"LineString","coordinates":[[86.3365304,41.5116732],[86.3367731,41.511288]]}},{"type":"Feature","properties":{"osm_id":1096706534,"name":"","gauge":"","electrified":""},"geometry":{"type":"LineString","coordinates":[[123.1654723,47.3301485],[123.1660425,47.3298793],[123.1667237,47.3295598],[123.1672009,47.3293747],[123.1678103,47.3291546],[123.168322,47.3289364]]}},{"type":"Feature","properties":{"osm_id":1096706547,"name":"","gauge":"","electrified":""},"geometry":{"type":"LineString","coordinates":[[123.256791,47.289452],[123.2570976,47.2891823]]}},{"type":"Feature","properties":{"osm_id":1096709288,"name":"","gauge":"","electrified":""},"geometry":{"type":"LineString","coordinates":[[113.9129243,34.4090764],[113.9135254,34.410873]]}},{"type":"Feature","properties":{"osm_id":1096706569,"name":"","gauge":"","electrified":""},"geometry":{"type":"LineString","coordinates":[[123.5365708,47.2466272],[123.5367891,47.2465388],[123.5370057,47.2464511]]}},{"type":"Feature","properties":{"osm_id":660667230,"name":"","gauge":"","electrified":""},"geometry":{"type":"LineString","coordinates":[[113.7715341,34.7746818],[113.7716478,34.7743136],[113.7718764,34.7737178],[113.772027,34.7733408],[113.772186,34.7728707],[113.772279,34.7724204],[113.7724061,34.7716526]]}},{"type":"Feature","properties":{"osm_id":604236726,"name":"沪昆线","gauge":"","electrified":""},"geometry":{"type":"LineString","coordinates":[[108.2054752,26.9815529],[108.2045112,26.9805576],[108.2032967,26.9790496],[108.202685,26.9782048],[108.2023947,26.9776541],[108.202202,26.976954],[108.202092,26.9765566],[108.202034,26.975847],[108.2020723,26.974817],[108.202286,26.969061],[108.202164,26.967949],[108.2018775,26.9672928]]}},{"type":"Feature","properties":{"osm_id":329960027,"name":"","gauge":"","electrified":""},"geometry":{"type":"LineString","coordinates":[[86.3254406,41.8239767],[86.3257609,41.8243184],[86.3262571,41.8248541],[86.3266825,41.8253421],[86.3269212,41.8256179],[86.3272315,41.8259967],[86.3278584,41.8268908],[86.3280944,41.8272186]]}},{"type":"Feature","properties":{"osm_id":499339195,"name":"","gauge":"","electrified":""},"geometry":{"type":"LineString","coordinates":[[113.7740718,34.7628828],[113.7740164,34.7639161],[113.7739698,34.7644422],[113.7739088,34.7647992]]}},{"type":"Feature","properties":{"osm_id":499339198,"name":"徐兰高速线","gauge":"","electrified":""},"geometry":{"type":"LineString","coordinates":[[113.7737657,34.7628509],[113.773581,34.7647408]]}},{"type":"Feature","properties":{"osm_id":499339202,"name":"","gauge":"","electrified":""},"geometry":{"type":"LineString","coordinates":[[113.7732899,34.7646756],[113.773262,34.7635086],[113.773272,34.7631549],[113.7732869,34.7628294]]}},{"type":"Feature","properties":{"osm_id":708000593,"name":"","gauge":"","electrified":""},"geometry":{"type":"LineString","coordinates":[[113.7745299,34.7629369],[113.7744633,34.7634079],[113.7743756,34.763834],[113.77428,34.7641701],[113.7740677,34.7648896]]}},{"type":"Feature","properties":{"osm_id":1096688693,"name":"","gauge":"","electrified":""},"geometry":{"type":"LineString","coordinates":[[113.7733218,34.7634383],[113.7733503,34.7640747],[113.7733473,34.7644593]]}},{"type":"Feature","properties":{"osm_id":1096688694,"name":"","gauge":"","electrified":""},"geometry":{"type":"LineString","coordinates":[[113.7733499,34.7650804],[113.7733319,34.7657874],[113.7733109,34.7660833]]}},{"type":"Feature","properties":{"osm_id":1096688696,"name":"","gauge":"","electrified":""},"geometry":{"type":"LineString","coordinates":[[113.7718317,34.7756527],[113.7721104,34.7742763]]}},{"type":"Feature","properties":{"osm_id":144589627,"name":"","gauge":"","electrified":""},"geometry":{"type":"LineString","coordinates":[[113.4524578,34.0916809],[113.4562005,34.0908214],[113.4581007,34.0904286],[113.4605055,34.0898949],[113.4611636,34.0897307],[113.4616235,34.0895534],[113.4621626,34.0892973],[113.4626304,34.0889887],[113.463735,34.08793],[113.4653098,34.0867641],[113.4657597,34.0864544],[113.4665724,34.0858419],[113.4672425,34.0852192],[113.4675274,34.0848718],[113.4677849,34.084505],[113.4680053,34.0841465],[113.4681917,34.0838218],[113.4685134,34.0830047],[113.4686897,34.082268],[113.4688096,34.0811547],[113.4689532,34.0796597],[113.4690031,34.0787492],[113.4690268,34.0780811],[113.4690234,34.0769709]]}},{"type":"Feature","properties":{"osm_id":1338772690,"name":"杭深线","gauge":"","electrified":""},"geometry":{"type":"LineString","coordinates":[[119.5627808,26.2007667],[119.5631763,26.1960142],[119.5633629,26.1937723],[119.5634044,26.1934145],[119.5634537,26.1930845],[119.563502,26.1927534]]}},{"type":"Feature","properties":{"osm_id":59034332,"name":"杭深线","gauge":"","electrified":""},"geometry":{"type":"LineString","coordinates":[[119.5628362,26.2007669],[119.5629198,26.1998241],[119.56305,26.198356],[119.5632191,26.1962069],[119.563502,26.1927534],[119.5635881,26.1917045]]}},{"type":"Feature","properties":{"osm_id":826185552,"name":"杭深线","gauge":"","electrified":""},"geometry":{"type":"LineString","coordinates":[[119.5636461,26.1916798],[119.5632676,26.1962307],[119.56311,26.1983603],[119.5629792,26.1998356],[119.5628966,26.2007672]]}},{"type":"Feature","properties":{"osm_id":1338772666,"name":"杭深线","gauge":"","electrified":""},"geometry":{"type":"LineString","coordinates":[[119.5629412,26.2007674],[119.5630349,26.1998277],[119.563317,26.1962715],[119.5636277,26.1924695],[119.5636953,26.1916643]]}},{"type":"Feature","properties":{"osm_id":1215646334,"name":"","gauge":"","electrified":""},"geometry":{"type":"LineString","coordinates":[[117.8451893,38.2945406],[117.8458357,38.2947016],[117.8459966,38.2947416],[117.8462233,38.2948153],[117.8464459,38.2949121],[117.8465988,38.2949963],[117.8472484,38.2953448],[117.847504,38.2954805]]}},{"type":"Feature","properties":{"osm_id":1215646491,"name":"","gauge":"","electrified":""},"geometry":{"type":"LineString","coordinates":[[117.8505041,38.2959689],[117.8503364,38.2958689],[117.8501366,38.2957584],[117.8497423,38.2955521],[117.8495894,38.295471],[117.849462,38.2953879],[117.8492716,38.2952563],[117.849168,38.2951874],[117.8490034,38.2950963],[117.8488277,38.29501],[117.8486533,38.2949458],[117.8485166,38.2949016],[117.8483409,38.2948585],[117.8481799,38.2948279],[117.8480043,38.294809],[117.8478299,38.2947964],[117.8476757,38.294789],[117.84704,38.2947521],[117.8466779,38.29473],[117.8464083,38.2946974],[117.8461897,38.2946579],[117.8457646,38.2945532],[117.8454414,38.2944753],[117.8452376,38.2944206],[117.8450364,38.2943606],[117.844795,38.2942648],[117.8445992,38.2941701],[117.8444248,38.2940817],[117.844221,38.2939606],[117.8440493,38.2938491],[117.8437892,38.2936733],[117.84317,38.2932662]]}},{"type":"Feature","properties":{"osm_id":1215646560,"name":"","gauge":"","electrified":""},"geometry":{"type":"LineString","coordinates":[[117.8465264,38.2947648],[117.8475657,38.294909],[117.8480472,38.2949963],[117.8484696,38.2951226],[117.8488183,38.2952721],[117.8489947,38.2953631],[117.8491563,38.2954479]]}},{"type":"Feature","properties":{"osm_id":1215647820,"name":"","gauge":"","electrified":""},"geometry":{"type":"LineString","coordinates":[[117.8376722,38.2888021],[117.8374779,38.2887345],[117.83692,38.2885135],[117.836448,38.2882808],[117.8362267,38.2881492],[117.8359075,38.2879408],[117.8315529,38.2850018],[117.8313088,38.2848386],[117.831109,38.2847081],[117.830767,38.2845154],[117.8304237,38.2843239],[117.830065,38.2841323],[117.8296539,38.2839386],[117.828968,38.2836631],[117.8288439,38.2836133]]}},{"type":"Feature","properties":{"osm_id":1215649943,"name":"","gauge":"","electrified":""},"geometry":{"type":"LineString","coordinates":[[117.8326567,38.2865429],[117.8328672,38.2867513],[117.8329973,38.2868755],[117.833232,38.2871019],[117.8334573,38.2872882],[117.8337275,38.287476],[117.8340534,38.287695],[117.8414818,38.2926865],[117.8417855,38.2928965],[117.8420404,38.293067],[117.8423528,38.2932323],[117.8426599,38.2933544],[117.8429563,38.2934617],[117.8432769,38.2936012]]}},{"type":"Feature","properties":{"osm_id":1215678745,"name":"","gauge":"","electrified":""},"geometry":{"type":"LineString","coordinates":[[117.8323281,38.286105],[117.834325,38.2874459],[117.8417535,38.2924375],[117.8424286,38.2929002]]}},{"type":"Feature","properties":{"osm_id":1215678747,"name":"","gauge":"","electrified":""},"geometry":{"type":"LineString","coordinates":[[117.8323641,38.2862465],[117.8342506,38.2875142],[117.8416791,38.2925057],[117.8425486,38.2930923],[117.8428366,38.2932791]]}},{"type":"Feature","properties":{"osm_id":1215678749,"name":"","gauge":"","electrified":""},"geometry":{"type":"LineString","coordinates":[[117.8327177,38.2865271],[117.8329369,38.2867124],[117.8330563,38.2868113],[117.833232,38.2869524],[117.8334533,38.2871144],[117.834165,38.2875927],[117.8415935,38.2925842],[117.8418633,38.2927575],[117.8421369,38.2929154],[117.8424306,38.2930765]]}},{"type":"Feature","properties":{"osm_id":1215678838,"name":"","gauge":"","electrified":""},"geometry":{"type":"LineString","coordinates":[[117.8215617,38.2825658],[117.8212774,38.2825564],[117.8211258,38.2825574],[117.8209569,38.2825627],[117.8207451,38.2825633],[117.8207386,38.2825634],[117.8207173,38.2825634],[117.8121287,38.2826232]]}},{"type":"Feature","properties":{"osm_id":1217751519,"name":"银兰高速线","gauge":"","electrified":""},"geometry":{"type":"LineString","coordinates":[[103.7715429,36.4708648],[103.7710098,36.4707178],[103.7624236,36.4683499],[103.7606491,36.4679151]]}},{"type":"Feature","properties":{"osm_id":763437141,"name":"银兰高速线","gauge":"","electrified":""},"geometry":{"type":"LineString","coordinates":[[103.7715286,36.4708988],[103.7707424,36.470682],[103.762409,36.4683839],[103.760631,36.4679682],[103.7598851,36.4677939],[103.7583407,36.4673267]]}},{"type":"Feature","properties":{"osm_id":886540687,"name":"","gauge":"","electrified":""},"geometry":{"type":"LineString","coordinates":[[103.771416,36.4707436],[103.7697315,36.4701483],[103.764351,36.4686686],[103.7620416,36.4681812],[103.7606491,36.4679151]]}},{"type":"Feature","properties":{"osm_id":886540688,"name":"","gauge":"","electrified":""},"geometry":{"type":"LineString","coordinates":[[103.7598851,36.4677939],[103.7615079,36.468304],[103.7619746,36.4684917],[103.7623691,36.4686195],[103.7641257,36.4692165],[103.7688464,36.4705366],[103.7699193,36.4707781],[103.7714375,36.4709852]]}},{"type":"Feature","properties":{"osm_id":1019089254,"name":"","gauge":"","electrified":""},"geometry":{"type":"LineString","coordinates":[[103.7714375,36.4709852],[103.7721943,36.471165],[103.7738824,36.471566]]}},{"type":"Feature","properties":{"osm_id":1217751496,"name":"银兰高速线","gauge":"","electrified":""},"geometry":{"type":"LineString","coordinates":[[103.8029352,36.4788438],[103.8012424,36.4785337],[103.8000519,36.4782664],[103.798142,36.4778739],[103.7889818,36.4755062],[103.7831779,36.474031],[103.7764297,36.4722021],[103.7755665,36.4719737]]}},{"type":"Feature","properties":{"osm_id":1236299609,"name":"","gauge":"","electrified":""},"geometry":{"type":"LineString","coordinates":[[103.7579722,36.4677594],[103.759413,36.4680579],[103.7600391,36.4681326],[103.7608266,36.4682329],[103.7616091,36.4684384]]}},{"type":"Feature","properties":{"osm_id":1363796035,"name":"","gauge":"","electrified":""},"geometry":{"type":"LineString","coordinates":[[103.7624735,36.4685004],[103.7642437,36.4689361],[103.7689966,36.4702604],[103.770099,36.4705581],[103.7707424,36.470682]]}},{"type":"Feature","properties":{"osm_id":1363796036,"name":"","gauge":"","electrified":""},"geometry":{"type":"LineString","coordinates":[[103.7705469,36.4707565],[103.7697557,36.4706271],[103.7641767,36.4690978],[103.7615079,36.468304]]}},{"type":"Feature","properties":{"osm_id":1363796037,"name":"","gauge":"","electrified":""},"geometry":{"type":"LineString","coordinates":[[103.760631,36.4679682],[103.7624735,36.4685004],[103.7642008,36.4690525],[103.7688893,36.470351],[103.7705469,36.4707565],[103.7714438,36.4709474]]}},{"type":"Feature","properties":{"osm_id":1363796038,"name":"","gauge":"","electrified":""},"geometry":{"type":"LineString","coordinates":[[103.7721943,36.471165],[103.7714438,36.4709474]]}},{"type":"Feature","properties":{"osm_id":1363796039,"name":"","gauge":"","electrified":""},"geometry":{"type":"LineString","coordinates":[[103.7624236,36.4683499],[103.7642384,36.4687765],[103.769651,36.4702691],[103.7710098,36.4707178]]}},{"type":"Feature","properties":{"osm_id":1363796040,"name":"银兰高速线","gauge":"","electrified":""},"geometry":{"type":"LineString","coordinates":[[103.7755665,36.4719737],[103.7738964,36.4715319],[103.7715429,36.4708648]]}},{"type":"Feature","properties":{"osm_id":1363796041,"name":"银兰高速线","gauge":"","electrified":""},"geometry":{"type":"LineString","coordinates":[[103.7606491,36.4679151],[103.7583598,36.4672895]]}},{"type":"Feature","properties":{"osm_id":879956174,"name":"","gauge":"","electrified":""},"geometry":{"type":"LineString","coordinates":[[117.8296325,38.2839849],[117.8298372,38.2840759],[117.8300427,38.284175],[117.8303052,38.2843262],[117.8305142,38.2844575],[117.8307845,38.2846586],[117.8309427,38.2847965]]}},{"type":"Feature","properties":{"osm_id":1151649165,"name":"","gauge":"","electrified":""},"geometry":{"type":"LineString","coordinates":[[117.8480643,38.2947342],[117.8478931,38.294707],[117.847681,38.2946842],[117.8474759,38.2946711],[117.8472403,38.2946471],[117.8470969,38.2946254],[117.8468491,38.2945777],[117.8466052,38.2945211],[117.8463043,38.2944381],[117.845778,38.2942867],[117.8452958,38.2941389],[117.8443296,38.2937673],[117.8438633,38.293553],[117.8434384,38.2933303],[117.8430615,38.2931076],[117.8424373,38.2927049],[117.8319472,38.2856234],[117.8316501,38.2854228],[117.8314228,38.2852576],[117.8312746,38.2851307],[117.8312056,38.2850623],[117.8311446,38.2849949],[117.8309427,38.2847965]]}},{"type":"Feature","properties":{"osm_id":654898414,"name":"","gauge":"","electrified":""},"geometry":{"type":"LineString","coordinates":[[113.4840296,33.287646],[113.4833118,33.2880812],[113.4830423,33.2882539],[113.4828108,33.2884043],[113.4826305,33.2885206],[113.4820619,33.2886058],[113.4812143,33.2886193],[113.4806617,33.2886865],[113.4802133,33.2888071],[113.4796961,33.2890542],[113.4791329,33.2891215],[113.4670009,33.2894508]]}},{"type":"Feature","properties":{"osm_id":654898416,"name":"","gauge":"","electrified":""},"geometry":{"type":"LineString","coordinates":[[113.4843173,33.2874679],[113.4830408,33.2880213],[113.4828444,33.2881065],[113.4825795,33.2881786],[113.4822159,33.288225],[113.4801883,33.2882559],[113.471399,33.2883899]]}},{"type":"Feature","properties":{"osm_id":653728102,"name":"平舞铁路","gauge":"","electrified":""},"geometry":{"type":"LineString","coordinates":[[113.5026238,33.3411379],[113.5028731,33.3380068],[113.5029518,33.3375136],[113.5030448,33.3370557],[113.5033245,33.3362313],[113.50352,33.3357793],[113.5039107,33.3350754],[113.5043651,33.3344385],[113.5048029,33.3339806],[113.505361,33.3334739],[113.50576,33.3331662],[113.5063829,33.332764],[113.5070019,33.3324094],[113.5075876,33.3321378],[113.5081229,33.3319327],[113.5094903,33.3315221],[113.5105659,33.3311934],[113.5108453,33.331108],[113.5118899,33.3307888],[113.521454,33.3282513],[113.5216568,33.3281975],[113.5229463,33.3278553],[113.5238382,33.3275774],[113.5246664,33.3272935],[113.5253246,33.3267257],[113.5259051,33.326081],[113.5261953,33.3255073],[113.5263085,33.3252412],[113.5263864,33.3248508],[113.5264572,33.3243599],[113.5264289,33.3238986],[113.5262676,33.323385],[113.5261775,33.3231245],[113.5237585,33.3175403],[113.5234426,33.3169681],[113.5230737,33.3165406],[113.5209077,33.315044],[113.5204476,33.3146359],[113.5200725,33.3142278],[113.5198211,33.3139336]]}},{"type":"Feature","properties":{"osm_id":654898417,"name":"","gauge":"","electrified":""},"geometry":{"type":"LineString","coordinates":[[113.4909678,33.285874],[113.4895369,33.2861204],[113.4890242,33.2861382],[113.4880009,33.2861736],[113.4826567,33.2862683],[113.4819843,33.2862801],[113.4818407,33.2862533],[113.4813826,33.2861677],[113.4809438,33.2859961],[113.4802996,33.2857121],[113.4801383,33.2856489],[113.4795564,33.2855287],[113.4792804,33.2855168],[113.4749484,33.2855878]]}},{"type":"Feature","properties":{"osm_id":654898419,"name":"","gauge":"","electrified":""},"geometry":{"type":"LineString","coordinates":[[113.4826567,33.2862683],[113.4820985,33.2864345],[113.4818406,33.2865528],[113.4813851,33.2867616],[113.4810917,33.2869131],[113.4808688,33.2869761],[113.4806052,33.2870157],[113.4801633,33.2870284],[113.4666317,33.287372],[113.4659169,33.2874338],[113.4644256,33.2880004],[113.463452,33.2885258],[113.4631146,33.2888056],[113.4630057,33.2889613],[113.4629277,33.2891969],[113.4629714,33.291091]]}},{"type":"Feature","properties":{"osm_id":863258038,"name":"漯舞铁路","gauge":"","electrified":""},"geometry":{"type":"LineString","coordinates":[[113.4960857,33.363036],[113.4983251,33.360562],[113.4992111,33.3594811],[113.5002797,33.3581915],[113.5004152,33.3579424],[113.5007223,33.3573869]]}},{"type":"Feature","properties":{"osm_id":1165094151,"name":"平舞铁路","gauge":"","electrified":""},"geometry":{"type":"LineString","coordinates":[[113.5006685,33.3573392],[113.5003385,33.3579229],[113.4995703,33.3589018],[113.499136,33.359437],[113.4981121,33.3606399],[113.497199,33.3616982],[113.4960857,33.363036],[113.4933132,33.3658786],[113.4891889,33.3704019]]}},{"type":"Feature","properties":{"osm_id":1193501635,"name":"","gauge":"","electrified":""},"geometry":{"type":"LineString","coordinates":[[113.4561115,33.2914545],[113.4557579,33.2915785],[113.4552735,33.2918288]]}},{"type":"Feature","properties":{"osm_id":1349493536,"name":"漯舞铁路","gauge":"","electrified":""},"geometry":{"type":"LineString","coordinates":[[113.5008719,33.3570769],[113.5010539,33.3565991],[113.5011864,33.3562457],[113.5012656,33.355902],[113.5013672,33.3554017],[113.5014813,33.3544238],[113.5015569,33.3539229],[113.5017408,33.3516006],[113.5019848,33.3501733]]}},{"type":"Feature","properties":{"osm_id":1349493537,"name":"平舞铁路","gauge":"","electrified":""},"geometry":{"type":"LineString","coordinates":[[113.5014302,33.3544135],[113.5013753,33.3549169],[113.501248,33.3557233],[113.5011965,33.3559036],[113.5011293,33.3562002],[113.5009931,33.3565973],[113.5007993,33.3570543]]}},{"type":"Feature","properties":{"osm_id":1349493538,"name":"平舞铁路","gauge":"","electrified":""},"geometry":{"type":"LineString","coordinates":[[113.5007993,33.3570543],[113.5006685,33.3573392]]}},{"type":"Feature","properties":{"osm_id":1349493539,"name":"漯舞铁路","gauge":"","electrified":""},"geometry":{"type":"LineString","coordinates":[[113.5007223,33.3573869],[113.5008719,33.3570769]]}},{"type":"Feature","properties":{"osm_id":1096515444,"name":"郑州东鸿宝联络线","gauge":"","electrified":""},"geometry":{"type":"LineString","coordinates":[[113.7717759,34.7681619],[113.7717197,34.7690116],[113.7716838,34.7708234]]}},{"type":"Feature","properties":{"osm_id":1096624280,"name":"郑州东鸿宝联络线","gauge":"","electrified":""},"geometry":{"type":"LineString","coordinates":[[113.7716326,34.7715069],[113.7716838,34.7708234]]}},{"type":"Feature","properties":{"osm_id":1215902115,"name":"","gauge":"","electrified":""},"geometry":{"type":"LineString","coordinates":[[114.2324927,30.5617924],[114.2331041,30.5615758],[114.2335918,30.5613995],[114.2339598,30.5612714],[114.2342272,30.561176],[114.2343745,30.5611243],[114.2353054,30.5607972],[114.2366068,30.5603393],[114.2429243,30.5581145],[114.2449011,30.5574207],[114.2458894,30.5570737],[114.2464014,30.5568939],[114.2467313,30.556778],[114.246797,30.5567546],[114.2470526,30.5566634]]}},{"type":"Feature","properties":{"osm_id":660667245,"name":"郑州东鸿宝联络线","gauge":"","electrified":""},"geometry":{"type":"LineString","coordinates":[[113.7690548,34.8072412],[113.7708941,34.7818007],[113.7711548,34.7780608]]}},{"type":"Feature","properties":{"osm_id":660670332,"name":"","gauge":"","electrified":""},"geometry":{"type":"LineString","coordinates":[[113.7716838,34.7708234],[113.7719728,34.7667198]]}},{"type":"Feature","properties":{"osm_id":660670334,"name":"郑州东鸿宝联络线","gauge":"","electrified":""},"geometry":{"type":"LineString","coordinates":[[113.7707807,34.7780193],[113.7711845,34.7724656]]}},{"type":"Feature","properties":{"osm_id":660670336,"name":"郑州东鸿宝联络线","gauge":"","electrified":""},"geometry":{"type":"LineString","coordinates":[[113.7711845,34.7724656],[113.7712556,34.7714104]]}},{"type":"Feature","properties":{"osm_id":660670345,"name":"郑州东鸿宝联络线","gauge":"","electrified":""},"geometry":{"type":"LineString","coordinates":[[113.7716789,34.766696],[113.7715538,34.7683608],[113.7715364,34.7686124]]}},{"type":"Feature","properties":{"osm_id":942381424,"name":"郑州东鸿宝联络线","gauge":"","electrified":""},"geometry":{"type":"LineString","coordinates":[[113.7940462,34.8311842],[113.7970107,34.8317564]]}},{"type":"Feature","properties":{"osm_id":942381427,"name":"郑州东鸿宝联络线","gauge":"","electrified":""},"geometry":{"type":"LineString","coordinates":[[113.7969932,34.8318037],[113.7940168,34.8313162],[113.7925755,34.831084]]}},{"type":"Feature","properties":{"osm_id":353803230,"name":"郑州东鸿宝联络线","gauge":"","electrified":""},"geometry":{"type":"LineString","coordinates":[[113.7721551,34.7627636],[113.7721971,34.7622604]]}},{"type":"Feature","properties":{"osm_id":430467578,"name":"郑开城际铁路","gauge":"","electrified":""},"geometry":{"type":"LineString","coordinates":[[113.7730349,34.7628006],[113.7729545,34.7633133],[113.7727512,34.7644847]]}},{"type":"Feature","properties":{"osm_id":498247326,"name":"郑州东鸿宝联络线","gauge":"","electrified":""},"geometry":{"type":"LineString","coordinates":[[113.7925755,34.831084],[113.7896136,34.8306231],[113.7885935,34.8304288],[113.7876425,34.8302122],[113.7863389,34.8298679]]}},{"type":"Feature","properties":{"osm_id":498247327,"name":"郑州东鸿宝联络线","gauge":"","electrified":""},"geometry":{"type":"LineString","coordinates":[[113.784237,34.8282221],[113.7848805,34.8285648],[113.7854051,34.8288305],[113.7863621,34.8292707],[113.7870671,34.8295535],[113.7877908,34.8297952],[113.7887175,34.8300622],[113.7900907,34.8303942],[113.7926104,34.8309099]]}},{"type":"Feature","properties":{"osm_id":499339219,"name":"","gauge":"","electrified":""},"geometry":{"type":"LineString","coordinates":[[113.7731059,34.7628078],[113.7730092,34.7633208],[113.7727512,34.7644847]]}},{"type":"Feature","properties":{"osm_id":499339271,"name":"郑开城际铁路","gauge":"","electrified":""},"geometry":{"type":"LineString","coordinates":[[113.7726518,34.7644972],[113.772701,34.7641697],[113.7728287,34.7632471],[113.7728791,34.7627903]]}},{"type":"Feature","properties":{"osm_id":353653324,"name":"","gauge":"","electrified":""},"geometry":{"type":"LineString","coordinates":[[113.7713537,34.7581502],[113.7714114,34.7575886]]}},{"type":"Feature","properties":{"osm_id":353653333,"name":"","gauge":"","electrified":""},"geometry":{"type":"LineString","coordinates":[[113.7712587,34.764353],[113.7711506,34.7637724],[113.7711015,34.7634418],[113.7710741,34.7631078],[113.7710535,34.7626981]]}},{"type":"Feature","properties":{"osm_id":353655941,"name":"","gauge":"","electrified":""},"geometry":{"type":"LineString","coordinates":[[113.7715893,34.766295],[113.7715602,34.7655803],[113.7714167,34.764372]]}},{"type":"Feature","properties":{"osm_id":353803275,"name":"","gauge":"","electrified":""},"geometry":{"type":"LineString","coordinates":[[113.7722692,34.7645584],[113.7724205,34.7638376],[113.7725256,34.7632198],[113.7725777,34.7627934]]}},{"type":"Feature","properties":{"osm_id":353803281,"name":"","gauge":"","electrified":""},"geometry":{"type":"LineString","coordinates":[[113.7720772,34.765639],[113.7721108,34.7653712],[113.7722245,34.7647877],[113.7722692,34.7645584]]}},{"type":"Feature","properties":{"osm_id":660667244,"name":"马头岗联络线","gauge":"","electrified":""},"geometry":{"type":"LineString","coordinates":[[113.7726571,34.7717318],[113.7724762,34.7728636],[113.7715774,34.7784858],[113.7714236,34.779554],[113.7713255,34.7804687],[113.771223,34.7818083],[113.7708168,34.78751],[113.7704404,34.7926475],[113.7696538,34.8033928],[113.7694234,34.8068472],[113.7694175,34.8073877],[113.7694502,34.8079321],[113.7695056,34.8086109],[113.7696106,34.8092659],[113.7697526,34.8100264],[113.769934,34.8108128],[113.7703408,34.8125187]]}},{"type":"Feature","properties":{"osm_id":893919506,"name":"文苑南路联络线","gauge":"","electrified":""},"geometry":{"type":"LineString","coordinates":[[113.7766182,34.7818857],[113.7770984,34.7820026],[113.7775549,34.7820798],[113.7779701,34.7821117],[113.7784173,34.7821151],[113.7788118,34.7820952],[113.7792382,34.7820469],[113.7797616,34.7819387],[113.780526,34.7816701],[113.7809212,34.7814831],[113.7813777,34.7812206],[113.781946,34.7808441],[113.7829017,34.7802162],[113.784179,34.7793207]]}},{"type":"Feature","properties":{"osm_id":971036004,"name":"郑州东杨庄联络线","gauge":"","electrified":""},"geometry":{"type":"LineString","coordinates":[[113.7989177,34.8322756],[113.7969747,34.8318661],[113.7940168,34.8313162]]}},{"type":"Feature","properties":{"osm_id":382242880,"name":"","gauge":"","electrified":""},"geometry":{"type":"LineString","coordinates":[[113.7597598,34.8307326],[113.7604156,34.8300771],[113.760996,34.8293828],[113.761673,34.8285343],[113.7630552,34.8268251],[113.7637782,34.8259168],[113.7652992,34.82403],[113.7658126,34.8233278],[113.7665123,34.8224],[113.7674144,34.8212342],[113.7679875,34.8204246],[113.7682632,34.8199602],[113.7684624,34.8195199],[113.7686521,34.8190222],[113.7688147,34.8184794],[113.7689253,34.8179085],[113.7689875,34.8172183],[113.7689502,34.8165365],[113.7688121,34.8149124],[113.7686961,34.8136396],[113.7686446,34.8125717],[113.7686273,34.8119012],[113.7686786,34.8108511],[113.7700181,34.792626],[113.7710667,34.7780529]]}},{"type":"Feature","properties":{"osm_id":382242889,"name":"","gauge":"","electrified":""},"geometry":{"type":"LineString","coordinates":[[113.7726001,34.7717212],[113.7724345,34.7726978],[113.7721118,34.7746719],[113.7715084,34.7784677],[113.7713778,34.7794739],[113.7712699,34.7804558],[113.7711684,34.7818082]]}},{"type":"Feature","properties":{"osm_id":627806251,"name":"郑开城际铁路","gauge":"","electrified":""},"geometry":{"type":"LineString","coordinates":[[113.7756379,34.7813563],[113.7759133,34.7814967],[113.7762483,34.7816386],[113.7765782,34.7817573],[113.7769173,34.7818442],[113.7771948,34.7819045],[113.7774924,34.7819544],[113.777878,34.7819955],[113.7782211,34.7820098],[113.7785715,34.7820021],[113.7789361,34.7819807],[113.7792981,34.781935],[113.779707,34.7818495],[113.7800459,34.7817539],[113.7804316,34.7816236],[113.7807738,34.7814692],[113.7812976,34.7811828],[113.784179,34.7793207]]}},{"type":"Feature","properties":{"osm_id":963766938,"name":"","gauge":"","electrified":""},"geometry":{"type":"LineString","coordinates":[[113.7717072,34.7666987],[113.7717349,34.7660212]]}},{"type":"Feature","properties":{"osm_id":229515604,"name":"长荆线","gauge":"","electrified":""},"geometry":{"type":"LineString","coordinates":[[112.7979317,31.1987614],[112.800689,31.1989794],[112.8025532,31.1991423],[112.8035563,31.1992157],[112.8053588,31.1993671],[112.8066355,31.1994818],[112.8078693,31.1996424],[112.809035,31.19981],[112.8146928,31.2006932],[112.8163665,31.2009134],[112.8176379,31.2011062],[112.8184909,31.2012071],[112.8194296,31.2012805],[112.8202236,31.2012989],[112.821063,31.201235],[112.8221494,31.2011199],[112.8228897,31.2009547],[112.823984,31.2006335],[112.8246868,31.2003445],[112.8269061,31.1993989],[112.8277422,31.1990427],[112.831445,31.197465],[112.833695,31.196502],[112.83827,31.194502],[112.8391843,31.1941023],[112.8407005,31.193453],[112.8456365,31.1913422],[112.85159,31.188723],[112.8554625,31.1871061],[112.858725,31.18572],[112.862408,31.184122],[112.863862,31.183465],[112.864687,31.183005],[112.868018,31.180967],[112.875372,31.176248],[112.905042,31.157612],[112.911782,31.153335],[112.913625,31.151983],[112.918518,31.147992],[112.9271098,31.1425499],[112.936185,31.1367807],[112.9374847,31.135954],[112.9405063,31.1340319],[112.955165,31.124705],[112.956122,31.12403],[112.956983,31.123297],[112.96104,31.119237],[112.96187,31.118527],[112.963365,31.117088],[112.96407,31.116545],[112.965113,31.115908],[112.967052,31.114992],[112.971562,31.113033],[112.9773637,31.110566],[112.9795319,31.1096282],[112.9840188,31.1077437],[112.9852469,31.1071823],[112.9862818,31.10663],[112.9878226,31.1057355]]}},{"type":"Feature","properties":{"osm_id":624189470,"name":"长荆线","gauge":"","electrified":""},"geometry":{"type":"LineString","coordinates":[[113.2450635,30.9547064],[113.2459536,30.9521927],[113.246845,30.949825],[113.247565,30.9481257],[113.2480504,30.947307],[113.2487785,30.9463564],[113.2497095,30.9455008],[113.2510058,30.9442764],[113.2536548,30.9417744],[113.2570112,30.9385897],[113.258737,30.936957],[113.259393,30.9363521],[113.2601112,30.9356898],[113.2610168,30.9348116],[113.265322,30.930718],[113.2659888,30.9300532],[113.266992,30.928511],[113.267338,30.9276638],[113.2676281,30.9266923],[113.2679799,30.9239366],[113.2681475,30.9223161],[113.269732,30.917114],[113.2711351,30.912543],[113.2719752,30.909799],[113.2727197,30.9073535],[113.2731328,30.9063439]]}},{"type":"Feature","properties":{"osm_id":914817086,"name":"长荆线","gauge":"","electrified":""},"geometry":{"type":"LineString","coordinates":[[113.1749014,31.0071208],[113.1771973,31.005691],[113.180213,31.003875],[113.183357,31.00199],[113.1854542,31.0006754],[113.1901548,30.9978179],[113.1912764,30.9970242],[113.1923138,30.9961218],[113.194545,30.994172],[113.1952562,30.993477],[113.1963048,30.9926927],[113.1972451,30.9920534],[113.2002134,30.9900005],[113.201018,30.989437],[113.203818,30.987542],[113.2054505,30.9864037],[113.2088132,30.9840858],[113.2098318,30.9834094],[113.2108616,30.9828309],[113.2117882,30.9824244],[113.212894,30.9820873]]}},{"type":"Feature","properties":{"osm_id":914817087,"name":"长荆线","gauge":"","electrified":""},"geometry":{"type":"LineString","coordinates":[[113.1744329,31.0074042],[113.1749014,31.0071208]]}},{"type":"Feature","properties":{"osm_id":319355458,"name":"文苑南路联络线","gauge":"","electrified":""},"geometry":{"type":"LineString","coordinates":[[113.7714885,34.7680646],[113.7711808,34.7705037]]}},{"type":"Feature","properties":{"osm_id":708000567,"name":"","gauge":"","electrified":""},"geometry":{"type":"LineString","coordinates":[[113.7715938,34.7698076],[113.7717759,34.7681619]]}},{"type":"Feature","properties":{"osm_id":708000568,"name":"","gauge":"","electrified":""},"geometry":{"type":"LineString","coordinates":[[113.7713406,34.7714487],[113.7714804,34.7694518]]}},{"type":"Feature","properties":{"osm_id":708000580,"name":"","gauge":"","electrified":""},"geometry":{"type":"LineString","coordinates":[[113.7717312,34.7676923],[113.7718412,34.7667106]]}},{"type":"Feature","properties":{"osm_id":708000582,"name":"","gauge":"","electrified":""},"geometry":{"type":"LineString","coordinates":[[113.7716937,34.7654467],[113.7717869,34.7644339]]}},{"type":"Feature","properties":{"osm_id":1314991076,"name":"","gauge":"","electrified":""},"geometry":{"type":"LineString","coordinates":[[112.8269061,31.1993989],[112.8276476,31.1990156],[112.8286561,31.1985843],[112.8370944,31.19495],[112.83827,31.194502]]}},{"type":"Feature","properties":{"osm_id":1314991077,"name":"","gauge":"","electrified":""},"geometry":{"type":"LineString","coordinates":[[112.9374847,31.135954],[112.9366473,31.1364442],[112.9359713,31.1368532],[112.9275794,31.1421875],[112.9271098,31.1425499]]}},{"type":"Feature","properties":{"osm_id":1314991078,"name":"长荆线","gauge":"","electrified":""},"geometry":{"type":"LineString","coordinates":[[112.9879926,31.1056399],[112.993988,31.10215],[112.994793,31.10174],[112.995585,31.101412],[112.996965,31.101],[112.9984889,31.1006897],[113.0027708,31.0999117],[113.006596,31.0992003],[113.0092575,31.098713],[113.0133246,31.0979587],[113.0170498,31.0972937],[113.0183445,31.097049],[113.01903,31.096879],[113.0197469,31.0966666],[113.0203063,31.096441],[113.022235,31.095552],[113.025779,31.093678],[113.0282387,31.0924201],[113.0293492,31.0918311],[113.0312275,31.090881],[113.0343332,31.0892811],[113.03708,31.087867],[113.0427729,31.0849315],[113.0438485,31.0843612],[113.0454925,31.083523],[113.047309,31.0825549],[113.048555,31.081912],[113.052998,31.079645],[113.054677,31.07886],[113.0570294,31.0778407],[113.0597851,31.0767707],[113.0622671,31.0758215],[113.0666792,31.0741173],[113.0687669,31.0732906],[113.0700087,31.0727484],[113.0709279,31.0722757],[113.0720673,31.0716307],[113.0734373,31.0708387]]}},{"type":"Feature","properties":{"osm_id":1314991079,"name":"长荆线","gauge":"","electrified":""},"geometry":{"type":"LineString","coordinates":[[112.9878226,31.1057355],[112.9879926,31.1056399]]}},{"type":"Feature","properties":{"osm_id":1314991091,"name":"","gauge":"","electrified":""},"geometry":{"type":"LineString","coordinates":[[113.2510058,30.9442764],[113.2514785,30.9437384],[113.2521368,30.9431131],[113.2565746,30.9389097],[113.2585576,30.9370232],[113.259393,30.9363521]]}},{"type":"Feature","properties":{"osm_id":1096515443,"name":"","gauge":"","electrified":""},"geometry":{"type":"LineString","coordinates":[[113.7714804,34.7694518],[113.7715364,34.7686124]]}},{"type":"Feature","properties":{"osm_id":1096515447,"name":"","gauge":"","electrified":""},"geometry":{"type":"LineString","coordinates":[[113.7729889,34.7696395],[113.7728617,34.7704729]]}},{"type":"Feature","properties":{"osm_id":844266459,"name":"荫固线","gauge":"","electrified":""},"geometry":{"type":"LineString","coordinates":[[113.5563129,37.966812],[113.5570103,37.9663997],[113.5577077,37.9660212],[113.5582387,37.965797],[113.5589039,37.9655813],[113.5598159,37.9653931],[113.5605508,37.9653086],[113.5611865,37.9652938],[113.5617578,37.9653149],[113.5643488,37.9655877]]}},{"type":"Feature","properties":{"osm_id":1061196693,"name":"荫固线","gauge":"","electrified":""},"geometry":{"type":"LineString","coordinates":[[113.5507241,37.9719477],[113.5512033,37.971318],[113.5523647,37.9697407],[113.5527107,37.969267],[113.552987,37.9690027],[113.5534134,37.9686644],[113.554382,37.9680362],[113.5563129,37.966812]]}},{"type":"Feature","properties":{"osm_id":154339075,"name":"","gauge":"","electrified":""},"geometry":{"type":"LineString","coordinates":[[113.5495545,37.9841442],[113.5497361,37.9844629]]}},{"type":"Feature","properties":{"osm_id":243076150,"name":"","gauge":"","electrified":""},"geometry":{"type":"LineString","coordinates":[[113.5495545,37.9841442],[113.549382,37.9837972]]}},{"type":"Feature","properties":{"osm_id":1061196676,"name":"","gauge":"","electrified":""},"geometry":{"type":"LineString","coordinates":[[113.537921,37.9861155],[113.5381356,37.9856123],[113.5383663,37.985236],[113.5390041,37.9844965],[113.5397787,37.9835984]]}},{"type":"Feature","properties":{"osm_id":1061196681,"name":"","gauge":"","electrified":""},"geometry":{"type":"LineString","coordinates":[[113.5379698,37.9858742],[113.5380095,37.9856779],[113.5380846,37.9854432],[113.538326,37.9850585],[113.5388241,37.9845333],[113.539187,37.9842107]]}},{"type":"Feature","properties":{"osm_id":604236872,"name":"","gauge":"","electrified":""},"geometry":{"type":"LineString","coordinates":[[108.126998,26.9183439],[108.1272933,26.9184592],[108.1276638,26.9186207],[108.1290319,26.9193968],[108.1298787,26.9198939],[108.1308027,26.9204225],[108.1312475,26.9206356],[108.131733,26.9208599],[108.1320531,26.9210011],[108.1325397,26.9211729],[108.1329212,26.9212946],[108.1337235,26.9215263],[108.1344859,26.9217495],[108.1347037,26.9218307],[108.1352626,26.9220372],[108.1356635,26.9221884]]}},{"type":"Feature","properties":{"osm_id":807966035,"name":"","gauge":"","electrified":""},"geometry":{"type":"LineString","coordinates":[[87.5730902,43.712221],[87.5724748,43.712175],[87.5720054,43.7122118],[87.5714394,43.7123107],[87.5707152,43.712617],[87.5674419,43.7142175],[87.5665657,43.7146459]]}},{"type":"Feature","properties":{"osm_id":1342592351,"name":"","gauge":"","electrified":""},"geometry":{"type":"LineString","coordinates":[[87.5639682,43.7056305],[87.5635218,43.7054985],[87.5632104,43.7054353],[87.5629325,43.7054066],[87.5626069,43.7053767],[87.5623004,43.7053836],[87.5619843,43.7054043],[87.561619,43.7054628],[87.5612998,43.7055398],[87.5610473,43.7056201],[87.5608662,43.7056982],[87.5607827,43.7057441],[87.5575119,43.7075444]]}},{"type":"Feature","properties":{"osm_id":923085798,"name":"","gauge":"","electrified":""},"geometry":{"type":"LineString","coordinates":[[87.5642603,43.7057071],[87.5639682,43.7056305],[87.5635033,43.7055554],[87.5631591,43.7055292],[87.5628212,43.7055284],[87.5625115,43.7055547],[87.5621281,43.7056136],[87.5617734,43.7057047],[87.5614258,43.7058276],[87.5610485,43.7060135],[87.5578073,43.7078235]]}},{"type":"Feature","properties":{"osm_id":37705568,"name":"","gauge":"","electrified":""},"geometry":{"type":"LineString","coordinates":[[87.576667,43.7097602],[87.5766136,43.7106561],[87.575927,43.7112951],[87.5756414,43.7116102],[87.5746567,43.7120582],[87.5739678,43.7122102],[87.5730902,43.712221],[87.5722942,43.7120822],[87.5716609,43.7119222],[87.5713168,43.711755],[87.57076,43.7114812],[87.5697189,43.7105708],[87.5695326,43.7104079],[87.5681335,43.7088444],[87.5665543,43.7067349],[87.5660393,43.7064371],[87.5650953,43.706005],[87.5642603,43.7057071],[87.5593187,43.7038311],[87.5576202,43.703202],[87.556893,43.7028473],[87.5564884,43.7026476],[87.5563294,43.7025795],[87.5560534,43.7024695],[87.5532323,43.7014204]]}},{"type":"Feature","properties":{"osm_id":37705570,"name":"","gauge":"","electrified":""},"geometry":{"type":"LineString","coordinates":[[87.5650953,43.706005],[87.5644974,43.7058631],[87.5640709,43.7058142],[87.5637101,43.7058111],[87.5634365,43.7058349],[87.5631371,43.7058854],[87.5629178,43.7059423],[87.5627349,43.7060019],[87.5625314,43.706096],[87.5591642,43.7079386]]}},{"type":"Feature","properties":{"osm_id":1316918467,"name":"","gauge":"","electrified":""},"geometry":{"type":"LineString","coordinates":[[106.9604198,34.2617338],[106.9604051,34.2620066]]}},{"type":"Feature","properties":{"osm_id":1096461302,"name":"","gauge":"","electrified":""},"geometry":{"type":"LineString","coordinates":[[122.8666356,47.5159082],[122.8658506,47.5160524]]}},{"type":"Feature","properties":{"osm_id":1096461305,"name":"","gauge":"","electrified":""},"geometry":{"type":"LineString","coordinates":[[122.8822642,47.5119317],[122.8826507,47.5118528],[122.8830245,47.5117766]]}},{"type":"Feature","properties":{"osm_id":343144530,"name":"唐包线","gauge":"","electrified":""},"geometry":{"type":"LineString","coordinates":[[117.4045112,40.9724154],[117.4051367,40.972204],[117.4057697,40.9720025],[117.4065888,40.9717584],[117.4302688,40.9648704]]}},{"type":"Feature","properties":{"osm_id":392396103,"name":"唐包京通联线","gauge":"","electrified":""},"geometry":{"type":"LineString","coordinates":[[117.3780237,40.9858075],[117.3814162,40.9839086]]}},{"type":"Feature","properties":{"osm_id":392396104,"name":"唐包京通联线","gauge":"","electrified":""},"geometry":{"type":"LineString","coordinates":[[117.4125265,40.9856995],[117.4132701,40.9857604],[117.4138046,40.9857785],[117.4144879,40.9857861],[117.4177177,40.9857875],[117.4183809,40.9857882],[117.4191541,40.9857405],[117.4199111,40.9856295],[117.4204748,40.9855238],[117.4209472,40.9853782],[117.4214734,40.9851872],[117.4221361,40.9849163],[117.4227477,40.9846112],[117.423512,40.9841758],[117.4247282,40.9835087],[117.4255428,40.9830895],[117.4263297,40.982756],[117.4271309,40.9824754],[117.4276073,40.9823353],[117.428175,40.9822002],[117.4286148,40.98212],[117.4290286,40.9820658],[117.4295726,40.9820214],[117.4301829,40.9820113],[117.4305404,40.9820103],[117.4312989,40.9820427],[117.4348894,40.982348]]}},{"type":"Feature","properties":{"osm_id":392396105,"name":"唐包京通联线","gauge":"","electrified":""},"geometry":{"type":"LineString","coordinates":[[117.387771,40.9805905],[117.3897293,40.979507],[117.3906411,40.9790128],[117.3909853,40.9788289],[117.3913112,40.9786638],[117.3916545,40.9785009],[117.3919965,40.9783763],[117.392347,40.9782623],[117.3926976,40.9781574],[117.3930676,40.9780739],[117.3934463,40.9779896],[117.3938348,40.9779184],[117.394227,40.9778477],[117.3946023,40.9778117],[117.3949799,40.9778004],[117.3953976,40.9778043],[117.3957692,40.9778282],[117.3961738,40.9778653],[117.3966787,40.9779466],[117.3969868,40.9780108],[117.3973055,40.9780852],[117.3975786,40.9781554],[117.3979922,40.9782759],[117.3983976,40.9784199],[117.3986741,40.9785371],[117.3990719,40.97872],[117.3993954,40.9788876],[117.3997189,40.9790817],[117.4002761,40.9794382],[117.4044578,40.9822785],[117.4048832,40.9825825],[117.4055808,40.983081]]}},{"type":"Feature","properties":{"osm_id":392396106,"name":"唐包京通联线","gauge":"","electrified":""},"geometry":{"type":"LineString","coordinates":[[117.4356457,40.9824087],[117.4418425,40.982968],[117.4425363,40.9830223],[117.4465676,40.9833665],[117.4475885,40.9834759],[117.4483066,40.9835877],[117.4488475,40.9837179],[117.4497062,40.9839571],[117.450257,40.9841882],[117.450642,40.9843931]]}},{"type":"Feature","properties":{"osm_id":392396107,"name":"唐包京通联线","gauge":"","electrified":""},"geometry":{"type":"LineString","coordinates":[[117.4348894,40.982348],[117.4356457,40.9824087]]}},{"type":"Feature","properties":{"osm_id":392396112,"name":"唐包京通联线","gauge":"","electrified":""},"geometry":{"type":"LineString","coordinates":[[117.4534449,40.9906634],[117.4536449,40.991132],[117.4538583,40.9914608],[117.4541688,40.9918556],[117.4545338,40.9922282],[117.4548225,40.9924515],[117.4552526,40.9927658],[117.4557497,40.9930358],[117.4563367,40.9933004],[117.4566045,40.9934309],[117.4570063,40.9935787],[117.4573777,40.9936794],[117.4577156,40.9937394],[117.4586671,40.993844],[117.4614566,40.9941355],[117.4621654,40.9942316],[117.4634483,40.9943782],[117.4644609,40.9945423],[117.4648363,40.9946223],[117.4654775,40.9947832],[117.4659617,40.9949325],[117.4662655,40.9950285],[117.4678304,40.995523]]}},{"type":"Feature","properties":{"osm_id":392396113,"name":"唐包京通联线","gauge":"","electrified":""},"geometry":{"type":"LineString","coordinates":[[117.4525437,40.9862477],[117.4528172,40.9868194],[117.4529137,40.9871305],[117.4529957,40.987496],[117.453051,40.9880279],[117.4531062,40.9885594],[117.4531366,40.9890819],[117.4532067,40.9896795],[117.4532709,40.9900285],[117.4533419,40.9903273],[117.4534449,40.9906634]]}},{"type":"Feature","properties":{"osm_id":392396114,"name":"唐包京通联线","gauge":"","electrified":""},"geometry":{"type":"LineString","coordinates":[[117.450642,40.9843931],[117.4509772,40.9846178]]}},{"type":"Feature","properties":{"osm_id":393956842,"name":"唐包线","gauge":"","electrified":""},"geometry":{"type":"LineString","coordinates":[[117.526319,40.9379699],[117.5266924,40.9378932],[117.5491439,40.9331525]]}},{"type":"Feature","properties":{"osm_id":393956844,"name":"唐包线","gauge":"","electrified":""},"geometry":{"type":"LineString","coordinates":[[117.4663454,40.9547665],[117.5179745,40.9402771],[117.5214633,40.9392869],[117.525069,40.9382742]]}},{"type":"Feature","properties":{"osm_id":1033310808,"name":"唐包京通联线","gauge":"","electrified":""},"geometry":{"type":"LineString","coordinates":[[117.4120375,40.9856486],[117.4125265,40.9856995]]}},{"type":"Feature","properties":{"osm_id":1033318074,"name":"","gauge":"","electrified":""},"geometry":{"type":"LineString","coordinates":[[117.4827752,40.9994839],[117.4823839,40.9994766],[117.4819865,40.9994738],[117.4816531,40.9994551],[117.4812921,40.9994197],[117.480686,40.9993367],[117.4802561,40.9992783],[117.4798015,40.9992204],[117.4791898,40.999086],[117.4788192,40.998979],[117.478383,40.9988452],[117.4730645,40.9972359],[117.472538,40.9970647],[117.4722104,40.9969644],[117.4720245,40.9969064],[117.4717971,40.9968448]]}},{"type":"Feature","properties":{"osm_id":1033328883,"name":"唐包线","gauge":"","electrified":""},"geometry":{"type":"LineString","coordinates":[[117.3971866,40.9753122],[117.3966005,40.9755758],[117.3960365,40.9758459],[117.3954445,40.9761337],[117.3947555,40.976494],[117.3875811,40.9804116]]}},{"type":"Feature","properties":{"osm_id":1033336268,"name":"唐包线","gauge":"","electrified":""},"geometry":{"type":"LineString","coordinates":[[117.4044879,40.9723698],[117.4035957,40.972686],[117.4030472,40.9728804],[117.4025081,40.9730718],[117.4019314,40.9733016],[117.4008429,40.9737566],[117.3971866,40.9753122]]}},{"type":"Feature","properties":{"osm_id":1033336294,"name":"唐包京通联线","gauge":"","electrified":""},"geometry":{"type":"LineString","coordinates":[[117.3814162,40.9839086],[117.3840069,40.9825053],[117.3843752,40.9823109],[117.3846459,40.9821842],[117.3850885,40.9819999],[117.385426,40.9818561],[117.3858228,40.9816646],[117.387771,40.9805905]]}},{"type":"Feature","properties":{"osm_id":1033341442,"name":"","gauge":"","electrified":""},"geometry":{"type":"LineString","coordinates":[[117.4072582,40.9845342],[117.4069899,40.9844174],[117.4068537,40.9843496],[117.4065507,40.9841781],[117.4063001,40.9840327]]}},{"type":"Feature","properties":{"osm_id":1033341445,"name":"","gauge":"","electrified":""},"geometry":{"type":"LineString","coordinates":[[117.4103459,40.9857633],[117.4095124,40.9854866],[117.4088344,40.9852439],[117.4079055,40.9848817],[117.4070993,40.9845861]]}},{"type":"Feature","properties":{"osm_id":1033341446,"name":"","gauge":"","electrified":""},"geometry":{"type":"LineString","coordinates":[[117.40787,40.984763],[117.4074862,40.984638],[117.4071234,40.9845266],[117.4068349,40.9844454],[117.4067152,40.9844103],[117.4065484,40.9843614],[117.4062673,40.9842755]]}},{"type":"Feature","properties":{"osm_id":1316918465,"name":"","gauge":"","electrified":""},"geometry":{"type":"LineString","coordinates":[[106.9604051,34.2620066],[106.9604802,34.2623768],[106.9607723,34.2633815],[106.9612446,34.2655046],[106.9613573,34.2659523],[106.9615316,34.2664467]]}},{"type":"Feature","properties":{"osm_id":1096444359,"name":"唐包京通联线","gauge":"","electrified":""},"geometry":{"type":"LineString","coordinates":[[117.3771874,40.9862634],[117.3780237,40.9858075]]}},{"type":"Feature","properties":{"osm_id":1096444374,"name":"京通线","gauge":"","electrified":""},"geometry":{"type":"LineString","coordinates":[[117.4697154,40.9962736],[117.4701666,40.9964127],[117.4708575,40.9966458],[117.471291,40.9967872],[117.472316,40.9971177]]}},{"type":"Feature","properties":{"osm_id":1096444376,"name":"唐包线","gauge":"","electrified":""},"geometry":{"type":"LineString","coordinates":[[117.6949051,40.8666473],[117.6920244,40.8683288]]}},{"type":"Feature","properties":{"osm_id":1096444377,"name":"唐包线","gauge":"","electrified":""},"geometry":{"type":"LineString","coordinates":[[117.6884758,40.8705802],[117.6792273,40.8778363]]}},{"type":"Feature","properties":{"osm_id":1096444378,"name":"唐包线","gauge":"","electrified":""},"geometry":{"type":"LineString","coordinates":[[117.6792273,40.8778363],[117.6782786,40.8785802]]}},{"type":"Feature","properties":{"osm_id":1096444387,"name":"唐包线","gauge":"","electrified":""},"geometry":{"type":"LineString","coordinates":[[117.5254753,40.9381186],[117.5250475,40.9382306]]}},{"type":"Feature","properties":{"osm_id":1096444388,"name":"唐包线","gauge":"","electrified":""},"geometry":{"type":"LineString","coordinates":[[117.4663241,40.9547236],[117.4646112,40.9552014]]}},{"type":"Feature","properties":{"osm_id":1096444390,"name":"唐包线","gauge":"","electrified":""},"geometry":{"type":"LineString","coordinates":[[117.4302472,40.964828],[117.406569,40.971722],[117.4057563,40.97196],[117.4051085,40.9721625],[117.4044879,40.9723698]]}},{"type":"Feature","properties":{"osm_id":1096444393,"name":"唐包线","gauge":"","electrified":""},"geometry":{"type":"LineString","coordinates":[[117.5250475,40.9382306],[117.4663241,40.9547236]]}},{"type":"Feature","properties":{"osm_id":1096444395,"name":"唐包线","gauge":"","electrified":""},"geometry":{"type":"LineString","coordinates":[[117.5259271,40.9380552],[117.526319,40.9379699]]}},{"type":"Feature","properties":{"osm_id":1096444396,"name":"唐包线","gauge":"","electrified":""},"geometry":{"type":"LineString","coordinates":[[117.5491294,40.9330972],[117.5266749,40.9378489],[117.5263014,40.9379282]]}},{"type":"Feature","properties":{"osm_id":1096444407,"name":"京通线","gauge":"","electrified":""},"geometry":{"type":"LineString","coordinates":[[117.4058823,40.9840055],[117.4072582,40.9845342]]}},{"type":"Feature","properties":{"osm_id":1096444408,"name":"京通线","gauge":"","electrified":""},"geometry":{"type":"LineString","coordinates":[[117.3834571,40.9686631],[117.3848288,40.9693291],[117.386802,40.970352],[117.3917648,40.9727881],[117.3935317,40.9736777],[117.3943401,40.9741046],[117.3946587,40.9743356],[117.3948942,40.9745277],[117.3951958,40.9748016],[117.3955672,40.9751807],[117.39777,40.9778179],[117.3978611,40.9779269],[117.3983679,40.9785339]]}},{"type":"Feature","properties":{"osm_id":544963913,"name":"西城走行线","gauge":"","electrified":""},"geometry":{"type":"LineString","coordinates":[[124.8528542,46.698568],[124.852671,46.6980397],[124.8524184,46.6973112],[124.851843,46.6956518],[124.8517238,46.6953478],[124.8515972,46.695083],[124.8514846,46.6948583],[124.851302,46.6945475],[124.8511503,46.6943094],[124.8509752,46.6940746],[124.8507575,46.6938076],[124.8504638,46.6934736],[124.8473782,46.6900133],[124.846235,46.6887313],[124.8460206,46.68848],[124.8458085,46.6881953],[124.8456176,46.6879023],[124.8454985,46.687692],[124.8453522,46.6873799],[124.8452626,46.6871406],[124.8451636,46.686837],[124.8450826,46.6865902],[124.8449164,46.6860861],[124.844706,46.6854276]]}},{"type":"Feature","properties":{"osm_id":1316918466,"name":"","gauge":"","electrified":""},"geometry":{"type":"LineString","coordinates":[[106.9615316,34.2664467],[106.9617134,34.2667646]]}},{"type":"Feature","properties":{"osm_id":1096444384,"name":"唐包线","gauge":"","electrified":""},"geometry":{"type":"LineString","coordinates":[[117.5523504,40.9324172],[117.5491294,40.9330972]]}},{"type":"Feature","properties":{"osm_id":1096444385,"name":"唐包线","gauge":"","electrified":""},"geometry":{"type":"LineString","coordinates":[[117.5263014,40.9379282],[117.5259125,40.9380143]]}},{"type":"Feature","properties":{"osm_id":1096444394,"name":"唐包线","gauge":"","electrified":""},"geometry":{"type":"LineString","coordinates":[[117.525069,40.9382742],[117.5255013,40.9381569]]}},{"type":"Feature","properties":{"osm_id":1096444397,"name":"唐包线","gauge":"","electrified":""},"geometry":{"type":"LineString","coordinates":[[117.5841379,40.9249679],[117.5832286,40.9253347]]}},{"type":"Feature","properties":{"osm_id":1096444398,"name":"唐包线","gauge":"","electrified":""},"geometry":{"type":"LineString","coordinates":[[117.6411577,40.8954054],[117.64069,40.8956401],[117.5859662,40.9241321],[117.5852249,40.9245048],[117.5847065,40.9247338],[117.5841379,40.9249679]]}},{"type":"Feature","properties":{"osm_id":1096444399,"name":"唐包线","gauge":"","electrified":""},"geometry":{"type":"LineString","coordinates":[[117.5832286,40.9253347],[117.5822094,40.9257309],[117.5811459,40.9261027],[117.580124,40.9263996],[117.5792261,40.9266454],[117.578231,40.9268764],[117.5774243,40.9270456],[117.5523504,40.9324172]]}},{"type":"Feature","properties":{"osm_id":1096444404,"name":"","gauge":"","electrified":""},"geometry":{"type":"LineString","coordinates":[[117.4070993,40.9845861],[117.4067426,40.9844553],[117.4062673,40.9842755]]}},{"type":"Feature","properties":{"osm_id":1323523345,"name":"","gauge":"","electrified":""},"geometry":{"type":"LineString","coordinates":[[119.4992996,32.7791357],[119.4995524,32.7782956],[119.499663,32.7779236],[119.5002319,32.7765506],[119.5012722,32.7736541],[119.5014776,32.773127],[119.5017723,32.7724701]]}},{"type":"Feature","properties":{"osm_id":1323523346,"name":"","gauge":"","electrified":""},"geometry":{"type":"LineString","coordinates":[[119.5018463,32.7724778],[119.4993733,32.7791395]]}},{"type":"Feature","properties":{"osm_id":1323523347,"name":"","gauge":"","electrified":""},"geometry":{"type":"LineString","coordinates":[[119.4993733,32.7791395],[119.4996764,32.7785283],[119.4998642,32.7780751],[119.5015407,32.7735028],[119.5018463,32.7724778]]}},{"type":"Feature","properties":{"osm_id":1323523348,"name":"","gauge":"","electrified":""},"geometry":{"type":"LineString","coordinates":[[119.5105617,32.7489884],[119.5097049,32.7512502],[119.506929,32.7587336],[119.5060206,32.761156],[119.5034,32.7682044],[119.5018463,32.7724778]]}},{"type":"Feature","properties":{"osm_id":1323523349,"name":"","gauge":"","electrified":""},"geometry":{"type":"LineString","coordinates":[[119.5105617,32.7489884],[119.5114808,32.7465652]]}},{"type":"Feature","properties":{"osm_id":1323523350,"name":"","gauge":"","electrified":""},"geometry":{"type":"LineString","coordinates":[[119.5114808,32.7465652],[119.5123202,32.7443362]]}},{"type":"Feature","properties":{"osm_id":1323523351,"name":"","gauge":"","electrified":""},"geometry":{"type":"LineString","coordinates":[[119.5123202,32.7443362],[119.5130225,32.7423389]]}},{"type":"Feature","properties":{"osm_id":1323523352,"name":"","gauge":"","electrified":""},"geometry":{"type":"LineString","coordinates":[[119.5403511,32.6943601],[119.5395111,32.6962545],[119.5381088,32.6990068],[119.5372217,32.700662],[119.5364914,32.7020532],[119.5355908,32.7034406],[119.5315675,32.709646],[119.53146,32.7098194],[119.5277995,32.7155003],[119.526442,32.7176188],[119.5252144,32.7195036],[119.5238255,32.7216634],[119.5231803,32.7226698],[119.5223425,32.7239363],[119.5221364,32.7242416],[119.5203197,32.7272138],[119.5190555,32.7290596],[119.5185432,32.7299778],[119.5176298,32.73158],[119.5171509,32.732606],[119.5163267,32.7341378],[119.515781,32.7352949],[119.515096,32.7368454],[119.5143553,32.7388457],[119.5130225,32.7423389]]}},{"type":"Feature","properties":{"osm_id":524875486,"name":"连镇线","gauge":"","electrified":""},"geometry":{"type":"LineString","coordinates":[[119.4929828,32.804501],[119.4939161,32.7981363],[119.494321,32.795775],[119.494996,32.7922135],[119.4957154,32.7893049],[119.4964012,32.7870526],[119.4981381,32.7821896],[119.4992996,32.7791357],[119.5014672,32.7733094],[119.5017723,32.7724701],[119.5047015,32.7644114],[119.5087085,32.7537958],[119.5104878,32.7489886]]}},{"type":"Feature","properties":{"osm_id":807001432,"name":"连镇线","gauge":"","electrified":""},"geometry":{"type":"LineString","coordinates":[[119.5129477,32.7423276],[119.5151246,32.736588],[119.5162396,32.7341123],[119.5175489,32.7315316],[119.518944,32.7290791],[119.5249534,32.7197863],[119.52613,32.7179971],[119.5268968,32.7167709],[119.536593,32.7017006],[119.5394898,32.6960849],[119.5402905,32.6943417]]}},{"type":"Feature","properties":{"osm_id":329099162,"name":"","gauge":"","electrified":""},"geometry":{"type":"LineString","coordinates":[[104.770524,31.8968522],[104.7704639,31.8950785],[104.7705272,31.8938808],[104.770461,31.8922338],[104.7702191,31.8915841],[104.7687675,31.8886504],[104.7663151,31.8844337],[104.7657795,31.8820648],[104.7653053,31.8793694],[104.7641882,31.8731739],[104.7640826,31.8716052],[104.7637474,31.869918],[104.7628817,31.8681115],[104.7628173,31.8669504],[104.763035,31.8663932],[104.7661376,31.8632876],[104.7702083,31.8575149],[104.7701776,31.8543252],[104.7694726,31.8524635],[104.7683996,31.8518516],[104.7668056,31.8499898],[104.7663058,31.8481146],[104.7656713,31.8471384],[104.7643225,31.8461358],[104.7627476,31.845603],[104.7624113,31.8454892],[104.7618196,31.8452891],[104.7590498,31.844352],[104.7576703,31.8435578],[104.7554018,31.8414484],[104.75298,31.8403807],[104.7525202,31.8394822],[104.7525202,31.8382929],[104.7524589,31.8359534],[104.7527042,31.8338568],[104.7553405,31.8290906],[104.7554631,31.8271763],[104.753961,31.8252488],[104.7535212,31.8236499],[104.7542906,31.8220533],[104.7564498,31.8205299],[104.757157,31.8203221],[104.7575442,31.820279]]}},{"type":"Feature","properties":{"osm_id":1013767314,"name":"","gauge":"","electrified":""},"geometry":{"type":"LineString","coordinates":[[104.7671192,31.8832958],[104.7672415,31.8833744],[104.7673587,31.8834584],[104.7674704,31.8835477],[104.7675809,31.8836464],[104.7676847,31.8837502],[104.7677814,31.8838588],[104.7683823,31.8850805],[104.768793,31.885816],[104.7688049,31.8858372],[104.7689279,31.8860625],[104.7691092,31.8863946],[104.7693345,31.8866155],[104.7694579,31.8867567],[104.7701097,31.8879751],[104.7703779,31.8883236],[104.7704686,31.8884945],[104.7705603,31.8886629],[104.7705844,31.88877],[104.7706166,31.8898882]]}},{"type":"Feature","properties":{"osm_id":1013767316,"name":"","gauge":"","electrified":""},"geometry":{"type":"LineString","coordinates":[[104.7701713,31.8878271],[104.7694927,31.8865085],[104.7693479,31.8862671],[104.7691387,31.8860461],[104.7689375,31.8858731],[104.7688967,31.8857996],[104.7688865,31.8857818],[104.7684735,31.8850577],[104.7678631,31.8838274],[104.7678056,31.8837618],[104.7674189,31.8834098]]}},{"type":"Feature","properties":{"osm_id":1013767317,"name":"","gauge":"","electrified":""},"geometry":{"type":"LineString","coordinates":[[104.7689888,31.8847878],[104.7690636,31.8850304],[104.769069,31.8852923],[104.769085,31.8855292],[104.7691279,31.8856488],[104.7691426,31.8856882],[104.7692245,31.8859072],[104.7694606,31.8863604],[104.770115,31.8876244],[104.7701713,31.8878271]]}},{"type":"Feature","properties":{"osm_id":1215833239,"name":"","gauge":"","electrified":""},"geometry":{"type":"LineString","coordinates":[[117.8439033,38.293986],[117.8450819,38.2947961],[117.8451879,38.294869],[117.8463055,38.2956474],[117.8464983,38.2957817],[117.8473531,38.2963771]]}},{"type":"Feature","properties":{"osm_id":1215833243,"name":"","gauge":"","electrified":""},"geometry":{"type":"LineString","coordinates":[[117.8480643,38.2947342],[117.8476026,38.2946469],[117.8474644,38.2946239],[117.8473116,38.2946001],[117.8471103,38.294565],[117.8468532,38.2945106],[117.8466411,38.2944579],[117.8463459,38.2943762],[117.8457979,38.294218],[117.8453318,38.2940728],[117.844862,38.2939035],[117.8443738,38.2937044],[117.8439119,38.293492],[117.8434914,38.2932716],[117.8431172,38.2930506],[117.8427868,38.2928484],[117.8424933,38.2926538],[117.8319948,38.2855692],[117.8314612,38.2852091],[117.8312632,38.2850639],[117.8310996,38.2849313],[117.8309427,38.2847965]]}},{"type":"Feature","properties":{"osm_id":1215833246,"name":"","gauge":"","electrified":""},"geometry":{"type":"LineString","coordinates":[[117.8594787,38.301646],[117.8592098,38.3014776],[117.8586633,38.3011703],[117.8582194,38.3009208],[117.8580075,38.3008093],[117.8575864,38.3006062],[117.8572418,38.3004399],[117.8570057,38.3003104],[117.8567992,38.3001925],[117.8565444,38.3000262],[117.8507227,38.2961131],[117.8505041,38.2959689]]}},{"type":"Feature","properties":{"osm_id":1215833227,"name":"","gauge":"","electrified":""},"geometry":{"type":"LineString","coordinates":[[117.8307563,38.2845607],[117.8305585,38.2844323],[117.8303768,38.2843096],[117.830065,38.2841323]]}},{"type":"Feature","properties":{"osm_id":1215833233,"name":"","gauge":"","electrified":""},"geometry":{"type":"LineString","coordinates":[[117.84317,38.2932662],[117.8433305,38.2933865],[117.8434569,38.2934872],[117.8435759,38.2935859],[117.8436181,38.2936217],[117.8438314,38.2938027],[117.843932,38.2938833]]}},{"type":"Feature","properties":{"osm_id":1215833235,"name":"","gauge":"","electrified":""},"geometry":{"type":"LineString","coordinates":[[117.8431214,38.2933568],[117.8432541,38.2934559],[117.8433642,38.2935445],[117.8435042,38.293657],[117.8436789,38.2937788]]}},{"type":"Feature","properties":{"osm_id":1215833236,"name":"","gauge":"","electrified":""},"geometry":{"type":"LineString","coordinates":[[117.8424306,38.2930765],[117.8428366,38.2932791],[117.8431533,38.2934372],[117.8433642,38.2935445],[117.8435297,38.2936349],[117.8437093,38.2937374]]}},{"type":"Feature","properties":{"osm_id":1363778800,"name":"","gauge":"","electrified":""},"geometry":{"type":"LineString","coordinates":[[115.8763737,36.4407193],[115.8762641,36.4397758],[115.8759442,36.4375334],[115.8758358,36.4360629],[115.875724,36.4342796]]}},{"type":"Feature","properties":{"osm_id":1363778805,"name":"","gauge":"","electrified":""},"geometry":{"type":"LineString","coordinates":[[115.8746321,36.4269449],[115.8752053,36.4357884]]}},{"type":"Feature","properties":{"osm_id":1363778818,"name":"","gauge":"","electrified":""},"geometry":{"type":"LineString","coordinates":[[115.8742027,36.4248954],[115.8742275,36.426478],[115.8742591,36.426973]]}},{"type":"Feature","properties":{"osm_id":1213209779,"name":"济郑高速线","gauge":"","electrified":""},"geometry":{"type":"LineString","coordinates":[[115.8754903,36.4269328],[115.8754491,36.4260856],[115.8751874,36.4219607],[115.8750016,36.4192501]]}},{"type":"Feature","properties":{"osm_id":1213209784,"name":"京港高速线","gauge":"","electrified":""},"geometry":{"type":"LineString","coordinates":[[115.8742136,36.4162229],[115.8742484,36.4168049],[115.8743373,36.4182212],[115.8744533,36.420029],[115.8744813,36.4205207],[115.8745369,36.4213682]]}},{"type":"Feature","properties":{"osm_id":329580908,"name":"","gauge":"","electrified":""},"geometry":{"type":"LineString","coordinates":[[86.211822,41.731213],[86.2112028,41.731495],[86.2109127,41.7316394]]}},{"type":"Feature","properties":{"osm_id":1213209803,"name":"","gauge":"","electrified":""},"geometry":{"type":"LineString","coordinates":[[115.8742591,36.426973],[115.8742766,36.4279135],[115.8742645,36.4283646],[115.8742347,36.4288394],[115.8742367,36.4294418],[115.8742768,36.4300986],[115.8744551,36.432828],[115.8745269,36.4334727],[115.8746424,36.4343577]]}},{"type":"Feature","properties":{"osm_id":1213209825,"name":"安庄疏解线","gauge":"","electrified":""},"geometry":{"type":"LineString","coordinates":[[115.8777072,36.4619591],[115.8775016,36.4596175],[115.8773532,36.4582229],[115.8771768,36.4570159],[115.8770179,36.4560657],[115.8767954,36.4548726],[115.8764563,36.4531681],[115.8758947,36.4503598],[115.8756086,36.4488938],[115.8754603,36.4479989],[115.8753755,36.4472787],[115.8753225,36.4465457],[115.8753119,36.4457104],[115.8752906,36.4441239]]}},{"type":"Feature","properties":{"osm_id":1213209828,"name":"","gauge":"","electrified":""},"geometry":{"type":"LineString","coordinates":[[115.8744662,36.4251907],[115.8745448,36.4259205],[115.8746222,36.4267374]]}},{"type":"Feature","properties":{"osm_id":1213209829,"name":"","gauge":"","electrified":""},"geometry":{"type":"LineString","coordinates":[[115.875177,36.4266691],[115.8751611,36.4259102],[115.8751468,36.4251578]]}},{"type":"Feature","properties":{"osm_id":1213209768,"name":"济郑高速线","gauge":"","electrified":""},"geometry":{"type":"LineString","coordinates":[[115.8748563,36.4352835],[115.8750142,36.4377918],[115.8752015,36.4407654],[115.8752666,36.4418355],[115.8754115,36.4441198]]}},{"type":"Feature","properties":{"osm_id":1213209792,"name":"京港高速线","gauge":"","electrified":""},"geometry":{"type":"LineString","coordinates":[[115.8746549,36.42241],[115.8746246,36.4218538],[115.8743082,36.4168789],[115.8742619,36.4162271]]}},{"type":"Feature","properties":{"osm_id":1213209796,"name":"","gauge":"","electrified":""},"geometry":{"type":"LineString","coordinates":[[115.874816,36.4356995],[115.874857,36.4362109],[115.8750016,36.4388264],[115.8750949,36.440239],[115.8752666,36.4418355]]}},{"type":"Feature","properties":{"osm_id":1213209799,"name":"","gauge":"","electrified":""},"geometry":{"type":"LineString","coordinates":[[115.8752053,36.4357884],[115.8752229,36.4360846],[115.8752929,36.4373178],[115.8753608,36.4380156],[115.8754731,36.4387136],[115.8756526,36.4397758],[115.87576,36.440721]]}},{"type":"Feature","properties":{"osm_id":1213209800,"name":"","gauge":"","electrified":""},"geometry":{"type":"LineString","coordinates":[[115.8743312,36.4269701],[115.8744247,36.4278104],[115.8745048,36.4284762],[115.874831,36.4335698],[115.8748452,36.434079],[115.8748431,36.4345322],[115.8748563,36.4352835]]}},{"type":"Feature","properties":{"osm_id":1213209802,"name":"","gauge":"","electrified":""},"geometry":{"type":"LineString","coordinates":[[115.874857,36.4362109],[115.8750142,36.4377918]]}},{"type":"Feature","properties":{"osm_id":1213209804,"name":"","gauge":"","electrified":""},"geometry":{"type":"LineString","coordinates":[[115.8746424,36.4343577],[115.8747312,36.4355011],[115.8747582,36.4359931],[115.8748487,36.4372698],[115.8748909,36.4379708],[115.8750016,36.4388264]]}},{"type":"Feature","properties":{"osm_id":1213209805,"name":"","gauge":"","electrified":""},"geometry":{"type":"LineString","coordinates":[[115.8750399,36.4342939],[115.8751255,36.4350771],[115.8752053,36.4357884]]}},{"type":"Feature","properties":{"osm_id":1213209806,"name":"","gauge":"","electrified":""},"geometry":{"type":"LineString","coordinates":[[115.8746732,36.4284655],[115.8746535,36.427701],[115.8746321,36.4269449]]}},{"type":"Feature","properties":{"osm_id":1213209808,"name":"","gauge":"","electrified":""},"geometry":{"type":"LineString","coordinates":[[115.8742739,36.4185705],[115.8743134,36.4192264],[115.8743465,36.4196687],[115.874459,36.4213655],[115.8745688,36.4230871]]}},{"type":"Feature","properties":{"osm_id":1213209809,"name":"","gauge":"","electrified":""},"geometry":{"type":"LineString","coordinates":[[115.8745369,36.4213682],[115.8745688,36.4230871]]}},{"type":"Feature","properties":{"osm_id":1213209812,"name":"","gauge":"","electrified":""},"geometry":{"type":"LineString","coordinates":[[115.8754693,36.4352642],[115.8754641,36.4343277],[115.8754595,36.4338618],[115.8751314,36.4285597],[115.8750481,36.4278696],[115.8749427,36.4269375]]}},{"type":"Feature","properties":{"osm_id":1213209813,"name":"","gauge":"","electrified":""},"geometry":{"type":"LineString","coordinates":[[115.8758165,36.4407187],[115.8758028,36.439779],[115.8758434,36.4387519],[115.875876,36.4380274],[115.8758492,36.4373578],[115.8757678,36.4360401],[115.8757494,36.4357727]]}},{"type":"Feature","properties":{"osm_id":1213209814,"name":"","gauge":"","electrified":""},"geometry":{"type":"LineString","coordinates":[[115.8760268,36.4352411],[115.8760274,36.4344139],[115.8759953,36.4337055],[115.8756505,36.4282988],[115.8755971,36.4277278],[115.8754903,36.4269328]]}},{"type":"Feature","properties":{"osm_id":1213209815,"name":"","gauge":"","electrified":""},"geometry":{"type":"LineString","coordinates":[[115.8761343,36.436895],[115.8760306,36.4359863],[115.8759669,36.4354507],[115.8754813,36.4277071],[115.8754661,36.4270168],[115.8754491,36.4260856]]}},{"type":"Feature","properties":{"osm_id":1213209816,"name":"","gauge":"","electrified":""},"geometry":{"type":"LineString","coordinates":[[115.875724,36.4342796],[115.8753528,36.4284562],[115.8751468,36.4251578],[115.8751151,36.4246942],[115.8751058,36.4242867],[115.8751295,36.4238778],[115.8751736,36.4234438],[115.8752034,36.4229047],[115.8751874,36.4219607]]}},{"type":"Feature","properties":{"osm_id":1213209817,"name":"","gauge":"","electrified":""},"geometry":{"type":"LineString","coordinates":[[115.8753528,36.4284562],[115.8752744,36.4276902],[115.8751952,36.4269339]]}},{"type":"Feature","properties":{"osm_id":1213209818,"name":"","gauge":"","electrified":""},"geometry":{"type":"LineString","coordinates":[[115.8757494,36.4357727],[115.875724,36.4342796]]}},{"type":"Feature","properties":{"osm_id":1213209819,"name":"","gauge":"","electrified":""},"geometry":{"type":"LineString","coordinates":[[115.8746246,36.4218538],[115.8744813,36.4205207]]}},{"type":"Feature","properties":{"osm_id":1213209826,"name":"","gauge":"","electrified":""},"geometry":{"type":"LineString","coordinates":[[115.8757897,36.4412106],[115.8759302,36.442547]]}},{"type":"Feature","properties":{"osm_id":1213209827,"name":"","gauge":"","electrified":""},"geometry":{"type":"LineString","coordinates":[[115.8752229,36.4360846],[115.8752368,36.4367937],[115.8752283,36.4374009]]}},{"type":"Feature","properties":{"osm_id":1215935704,"name":"","gauge":"","electrified":""},"geometry":{"type":"LineString","coordinates":[[115.8738019,36.4200122],[115.873881,36.4209911],[115.873928,36.4217305],[115.8742275,36.426478]]}},{"type":"Feature","properties":{"osm_id":1215935705,"name":"安庄疏解线","gauge":"","electrified":""},"geometry":{"type":"LineString","coordinates":[[115.8752906,36.4441239],[115.8752809,36.4433411],[115.875247,36.4426478],[115.8750949,36.440239]]}},{"type":"Feature","properties":{"osm_id":1327526232,"name":"","gauge":"","electrified":""},"geometry":{"type":"LineString","coordinates":[[115.8760112,36.4447057],[115.8759904,36.4434177]]}},{"type":"Feature","properties":{"osm_id":1363570798,"name":"聊城西动走B线","gauge":"","electrified":""},"geometry":{"type":"LineString","coordinates":[[115.8723213,36.4107352],[115.8723481,36.4111486],[115.8723991,36.411413],[115.8724795,36.4117065],[115.8725694,36.4119677],[115.872682,36.4121976],[115.8728081,36.4124264],[115.8729288,36.4126002],[115.8731434,36.4129067],[115.8733177,36.4131366],[115.8735578,36.4135176],[115.8736932,36.4138154],[115.8737978,36.4141241],[115.8738528,36.4143767],[115.8738917,36.4145914],[115.8739266,36.4150361],[115.873995,36.4162081],[115.8740312,36.416561],[115.8740795,36.4170283],[115.8741492,36.4175895],[115.8742203,36.4181388],[115.8742739,36.4185705],[115.8743772,36.4193054],[115.8744533,36.420029]]}},{"type":"Feature","properties":{"osm_id":1363570799,"name":"聊城西动走A线","gauge":"","electrified":""},"geometry":{"type":"LineString","coordinates":[[115.8722502,36.4107363],[115.8722824,36.4113126],[115.8723253,36.411903],[115.8723615,36.4121275],[115.8724219,36.4123746],[115.8724701,36.4125408],[115.8725211,36.4126574],[115.872611,36.4128657],[115.8727276,36.4130999],[115.872898,36.4134463],[115.8730267,36.4137118],[115.8731166,36.4139126],[115.8731769,36.4140734],[115.8732225,36.4142148],[115.8732735,36.4143928],[115.873307,36.4145439],[115.8733217,36.4146562],[115.8733352,36.4147727],[115.8733553,36.4149735],[115.8733781,36.4153124],[115.8734156,36.4159826],[115.8734693,36.4168265],[115.8735028,36.4173683],[115.8735296,36.4177568],[115.8735672,36.4181507],[115.8736141,36.4185856],[115.873657,36.4189083],[115.873708,36.4193205],[115.873763,36.4197338],[115.8738019,36.4200122],[115.8738998,36.4207321],[115.873993,36.4215873]]}},{"type":"Feature","properties":{"osm_id":1213209830,"name":"","gauge":"","electrified":""},"geometry":{"type":"LineString","coordinates":[[115.8759442,36.4375334],[115.875847,36.4367851],[115.8757678,36.4360401]]}},{"type":"Feature","properties":{"osm_id":1363778815,"name":"","gauge":"","electrified":""},"geometry":{"type":"LineString","coordinates":[[115.8742591,36.426973],[115.874816,36.4356995]]}},{"type":"Feature","properties":{"osm_id":1363778816,"name":"","gauge":"","electrified":""},"geometry":{"type":"LineString","coordinates":[[115.8746424,36.4343577],[115.8747326,36.4350231],[115.874816,36.4356995]]}},{"type":"Feature","properties":{"osm_id":1363778817,"name":"济郑高速线","gauge":"","electrified":""},"geometry":{"type":"LineString","coordinates":[[115.873716,36.4173883],[115.873993,36.4215873],[115.8740168,36.4220115],[115.8742027,36.4248954],[115.8743312,36.4269701]]}},{"type":"Feature","properties":{"osm_id":1363778799,"name":"济郑高速线","gauge":"","electrified":""},"geometry":{"type":"LineString","coordinates":[[115.8760268,36.4352411],[115.8754903,36.4269328]]}},{"type":"Feature","properties":{"osm_id":1363778801,"name":"济郑高速线","gauge":"","electrified":""},"geometry":{"type":"LineString","coordinates":[[115.8765832,36.4441088],[115.8763737,36.4407193],[115.8761343,36.436895],[115.8760268,36.4352411]]}},{"type":"Feature","properties":{"osm_id":1363778802,"name":"","gauge":"","electrified":""},"geometry":{"type":"LineString","coordinates":[[115.8745688,36.4230871],[115.8745896,36.4234029]]}},{"type":"Feature","properties":{"osm_id":1363778803,"name":"","gauge":"","electrified":""},"geometry":{"type":"LineString","coordinates":[[115.8757494,36.4357727],[115.8751952,36.4269339]]}},{"type":"Feature","properties":{"osm_id":1363778804,"name":"","gauge":"","electrified":""},"geometry":{"type":"LineString","coordinates":[[115.8751952,36.4269339],[115.875177,36.4266691],[115.875076,36.4252335],[115.8750177,36.4248459],[115.874881,36.4240442],[115.8747934,36.4235415],[115.8746549,36.42241]]}},{"type":"Feature","properties":{"osm_id":1363778806,"name":"京港高速线","gauge":"","electrified":""},"geometry":{"type":"LineString","coordinates":[[115.8745369,36.4213682],[115.8754137,36.4352672]]}},{"type":"Feature","properties":{"osm_id":1363778807,"name":"京港高速线","gauge":"","electrified":""},"geometry":{"type":"LineString","coordinates":[[115.8754693,36.4352642],[115.8749427,36.4269375],[115.8746549,36.42241]]}},{"type":"Feature","properties":{"osm_id":1363778808,"name":"京港高速线","gauge":"","electrified":""},"geometry":{"type":"LineString","coordinates":[[115.8760847,36.4450206],[115.8759904,36.4434177],[115.8759302,36.442547],[115.8758165,36.4407187],[115.8754693,36.4352642]]}},{"type":"Feature","properties":{"osm_id":1363778809,"name":"京港高速线","gauge":"","electrified":""},"geometry":{"type":"LineString","coordinates":[[115.8754137,36.4352672],[115.87576,36.440721],[115.8757897,36.4412106],[115.8760112,36.4447057],[115.8760297,36.4450285]]}},{"type":"Feature","properties":{"osm_id":1363778810,"name":"","gauge":"","electrified":""},"geometry":{"type":"LineString","coordinates":[[115.8745896,36.4234029],[115.8749257,36.4286505],[115.8752426,36.433878],[115.8753086,36.4343302],[115.8754137,36.4352672]]}},{"type":"Feature","properties":{"osm_id":1363778811,"name":"","gauge":"","electrified":""},"geometry":{"type":"LineString","coordinates":[[115.8745896,36.4234029],[115.8745971,36.4241443],[115.8745776,36.4247608],[115.8745573,36.4252547],[115.8745649,36.4257478],[115.8746222,36.4267374],[115.8746321,36.4269449]]}},{"type":"Feature","properties":{"osm_id":1363778812,"name":"","gauge":"","electrified":""},"geometry":{"type":"LineString","coordinates":[[115.8746732,36.4284655],[115.8750399,36.4342939]]}},{"type":"Feature","properties":{"osm_id":1363778813,"name":"","gauge":"","electrified":""},"geometry":{"type":"LineString","coordinates":[[115.8750399,36.4342939],[115.8751642,36.436138],[115.8752283,36.4374009],[115.8752214,36.4392084],[115.8751782,36.4400163],[115.8752015,36.4407654]]}},{"type":"Feature","properties":{"osm_id":1363778814,"name":"济郑高速线","gauge":"","electrified":""},"geometry":{"type":"LineString","coordinates":[[115.8743312,36.4269701],[115.8748563,36.4352835]]}},{"type":"Feature","properties":{"osm_id":1052204029,"name":"","gauge":"","electrified":""},"geometry":{"type":"LineString","coordinates":[[120.3086591,36.0701184],[120.3084295,36.0696752]]}},{"type":"Feature","properties":{"osm_id":1213209801,"name":"","gauge":"","electrified":""},"geometry":{"type":"LineString","coordinates":[[115.8740168,36.4220115],[115.8740889,36.4226864],[115.8741266,36.4229648],[115.8742107,36.4234328],[115.8743329,36.4239943],[115.8744019,36.4243758],[115.8744356,36.4247123],[115.8744662,36.4251907],[115.8746732,36.4284655]]}},{"type":"Feature","properties":{"osm_id":1346522311,"name":"","gauge":"","electrified":""},"geometry":{"type":"LineString","coordinates":[[121.4375423,31.1114633],[121.4380512,31.1114801],[121.4385009,31.1115158],[121.4402538,31.1116968],[121.4424714,31.1119161],[121.4429434,31.1120145]]}},{"type":"Feature","properties":{"osm_id":1346522312,"name":"","gauge":"","electrified":""},"geometry":{"type":"LineString","coordinates":[[121.4429291,31.1120747],[121.442448,31.1120747],[121.4402206,31.1118449],[121.4385135,31.1116708],[121.4380189,31.1116067],[121.4375292,31.1115257]]}},{"type":"Feature","properties":{"osm_id":222261110,"name":"","gauge":"","electrified":""},"geometry":{"type":"LineString","coordinates":[[121.1616487,38.8365885],[121.1614455,38.8364189],[121.1612755,38.8362228],[121.1610722,38.8359416],[121.160748,38.8354792],[121.1604585,38.8350409],[121.1603191,38.8348397],[121.1601296,38.8346154],[121.1598494,38.8343888],[121.1594493,38.83412],[121.1588888,38.833857],[121.1584542,38.8336468],[121.1557025,38.8323529],[121.1554028,38.8322041]]}},{"type":"Feature","properties":{"osm_id":291896971,"name":"","gauge":"","electrified":""},"geometry":{"type":"LineString","coordinates":[[121.161139,38.8365672],[121.1605526,38.83634],[121.1601939,38.8361773],[121.1582047,38.8352586],[121.1567715,38.8345857],[121.1556191,38.8340388],[121.1543599,38.833449],[121.1523323,38.8324545],[121.1520365,38.832304],[121.1514503,38.8319768]]}},{"type":"Feature","properties":{"osm_id":291896980,"name":"","gauge":"","electrified":""},"geometry":{"type":"LineString","coordinates":[[121.1369735,38.8179967],[121.1358486,38.8184188],[121.1350809,38.8187055],[121.134855,38.8188065],[121.1345848,38.8189671],[121.134362,38.8191467],[121.1341666,38.8193583],[121.1340231,38.81957],[121.1339102,38.8197746],[121.1338476,38.8199696],[121.133814,38.8201503],[121.1338018,38.8203216],[121.1338049,38.8204905],[121.1338583,38.8208627]]}},{"type":"Feature","properties":{"osm_id":291896983,"name":"","gauge":"","electrified":""},"geometry":{"type":"LineString","coordinates":[[121.1368834,38.8176606],[121.1348414,38.8184276],[121.1346234,38.8185285],[121.1344895,38.8186126],[121.1343255,38.8187252],[121.1341355,38.818885],[121.1339736,38.8190565],[121.1338117,38.8193071],[121.1336995,38.8195577],[121.1336412,38.8197679],[121.133624,38.8199933],[121.1336261,38.8202052],[121.1336779,38.8204575],[121.1337815,38.8207922],[121.1339346,38.8211267]]}},{"type":"Feature","properties":{"osm_id":291896988,"name":"","gauge":"","electrified":""},"geometry":{"type":"LineString","coordinates":[[121.1514503,38.8319768],[121.1523584,38.8324108],[121.1539127,38.8331838],[121.1550452,38.8337176],[121.1559992,38.8341599],[121.1572782,38.8347627],[121.1586764,38.8354262],[121.1604425,38.8362332],[121.161139,38.8365672]]}},{"type":"Feature","properties":{"osm_id":291897025,"name":"","gauge":"","electrified":""},"geometry":{"type":"LineString","coordinates":[[121.133799,38.8211193],[121.133661,38.8207998],[121.133458,38.820424],[121.132817,38.8194066],[121.1325492,38.8189853]]}},{"type":"Feature","properties":{"osm_id":291897028,"name":"","gauge":"","electrified":""},"geometry":{"type":"LineString","coordinates":[[121.1340442,38.8215165],[121.1339114,38.8212136],[121.1337587,38.820858],[121.1336107,38.8205869],[121.1329772,38.8195642],[121.1328271,38.819336],[121.1325492,38.8189853]]}},{"type":"Feature","properties":{"osm_id":291897029,"name":"","gauge":"","electrified":""},"geometry":{"type":"LineString","coordinates":[[121.1339976,38.8215466],[121.1337473,38.8212383],[121.1335013,38.820928],[121.1333847,38.8207581],[121.1329633,38.8200732],[121.1326209,38.8195094],[121.1325321,38.8193093],[121.1323623,38.8189745]]}},{"type":"Feature","properties":{"osm_id":291897031,"name":"","gauge":"","electrified":""},"geometry":{"type":"LineString","coordinates":[[121.1323623,38.8189745],[121.1326234,38.8194098],[121.1330128,38.8200448],[121.133412,38.8206953],[121.1335304,38.8208666],[121.1336275,38.8209961],[121.1337387,38.8211256]]}},{"type":"Feature","properties":{"osm_id":1349215946,"name":"","gauge":"","electrified":""},"geometry":{"type":"LineString","coordinates":[[121.1633361,38.837548],[121.1632014,38.8374833]]}},{"type":"Feature","properties":{"osm_id":1349215949,"name":"","gauge":"","electrified":""},"geometry":{"type":"LineString","coordinates":[[121.150596,38.8315135],[121.1499795,38.8311551],[121.1497012,38.8309782],[121.149251,38.8306405],[121.1489631,38.8304312]]}},{"type":"Feature","properties":{"osm_id":1349458029,"name":"","gauge":"","electrified":""},"geometry":{"type":"LineString","coordinates":[[121.1322328,38.818575],[121.1321408,38.8184267],[121.1319044,38.8180407]]}},{"type":"Feature","properties":{"osm_id":1349458030,"name":"","gauge":"","electrified":""},"geometry":{"type":"LineString","coordinates":[[121.1320881,38.8184435],[121.1319916,38.8182347],[121.1319044,38.8180407]]}},{"type":"Feature","properties":{"osm_id":1349458031,"name":"","gauge":"","electrified":""},"geometry":{"type":"LineString","coordinates":[[121.1318512,38.8180568],[121.1319916,38.8182347],[121.1321408,38.8184267]]}},{"type":"Feature","properties":{"osm_id":1349458032,"name":"","gauge":"","electrified":""},"geometry":{"type":"LineString","coordinates":[[121.1314499,38.8174118],[121.1317087,38.8178257],[121.1317762,38.8179327],[121.1318512,38.8180568]]}},{"type":"Feature","properties":{"osm_id":1349458033,"name":"","gauge":"","electrified":""},"geometry":{"type":"LineString","coordinates":[[121.1321845,38.8185991],[121.1323623,38.8189745]]}},{"type":"Feature","properties":{"osm_id":1349458034,"name":"","gauge":"","electrified":""},"geometry":{"type":"LineString","coordinates":[[121.1325492,38.8189853],[121.1322328,38.818575]]}},{"type":"Feature","properties":{"osm_id":1349458036,"name":"","gauge":"","electrified":""},"geometry":{"type":"LineString","coordinates":[[121.133799,38.8211193],[121.1332953,38.8202631],[121.1322328,38.818575]]}},{"type":"Feature","properties":{"osm_id":1349458038,"name":"","gauge":"","electrified":""},"geometry":{"type":"LineString","coordinates":[[121.1340442,38.8215165],[121.133799,38.8211193]]}},{"type":"Feature","properties":{"osm_id":1349458039,"name":"","gauge":"","electrified":""},"geometry":{"type":"LineString","coordinates":[[121.1339346,38.8211267],[121.1340538,38.8214115],[121.1342647,38.8218706]]}},{"type":"Feature","properties":{"osm_id":1349458042,"name":"","gauge":"","electrified":""},"geometry":{"type":"LineString","coordinates":[[121.1342984,38.8220379],[121.1344623,38.8222556],[121.1346043,38.8224303]]}},{"type":"Feature","properties":{"osm_id":1349458043,"name":"","gauge":"","electrified":""},"geometry":{"type":"LineString","coordinates":[[121.1320881,38.8184435],[121.1321845,38.8185991]]}},{"type":"Feature","properties":{"osm_id":1349546352,"name":"","gauge":"","electrified":""},"geometry":{"type":"LineString","coordinates":[[121.1625508,38.8371797],[121.1618379,38.8368429],[121.16129,38.8365833]]}},{"type":"Feature","properties":{"osm_id":1349546353,"name":"","gauge":"","electrified":""},"geometry":{"type":"LineString","coordinates":[[121.161139,38.8365672],[121.1612453,38.8366219],[121.1618165,38.8368874],[121.1620794,38.83701]]}},{"type":"Feature","properties":{"osm_id":1349546355,"name":"","gauge":"","electrified":""},"geometry":{"type":"LineString","coordinates":[[121.1514949,38.8319424],[121.1512947,38.8318495],[121.1507231,38.8315694],[121.150596,38.8315135],[121.1496617,38.831067]]}},{"type":"Feature","properties":{"osm_id":1363783378,"name":"","gauge":"","electrified":""},"geometry":{"type":"LineString","coordinates":[[121.1319044,38.8180407],[121.1315974,38.8175424]]}},{"type":"Feature","properties":{"osm_id":181340491,"name":"","gauge":"","electrified":""},"geometry":{"type":"LineString","coordinates":[[121.136005,38.8244073],[121.1357288,38.8241308],[121.1355852,38.8239545],[121.1353662,38.8236413],[121.1350401,38.8231333],[121.1346043,38.8224303],[121.1343569,38.8220226],[121.1342647,38.8218706],[121.1340442,38.8215165]]}},{"type":"Feature","properties":{"osm_id":291897006,"name":"","gauge":"","electrified":""},"geometry":{"type":"LineString","coordinates":[[121.1340538,38.8214115],[121.1343412,38.8218966],[121.1345366,38.8222105]]}},{"type":"Feature","properties":{"osm_id":1349458041,"name":"","gauge":"","electrified":""},"geometry":{"type":"LineString","coordinates":[[121.1343569,38.8220226],[121.1344623,38.8222556],[121.1345527,38.8224541]]}},{"type":"Feature","properties":{"osm_id":291896973,"name":"","gauge":"","electrified":""},"geometry":{"type":"LineString","coordinates":[[121.1339976,38.8215466],[121.1342984,38.8220379],[121.1345527,38.8224541],[121.1348227,38.8228542],[121.1351226,38.8233708],[121.1353682,38.8237617],[121.1355235,38.8239754],[121.1356882,38.8241671],[121.1359202,38.8243977],[121.1359751,38.8244441]]}},{"type":"Feature","properties":{"osm_id":1349458037,"name":"","gauge":"","electrified":""},"geometry":{"type":"LineString","coordinates":[[121.1337387,38.8211256],[121.1339976,38.8215466]]}},{"type":"Feature","properties":{"osm_id":1349458028,"name":"","gauge":"","electrified":""},"geometry":{"type":"LineString","coordinates":[[121.1318512,38.8180568],[121.1320881,38.8184435]]}},{"type":"Feature","properties":{"osm_id":1349546349,"name":"","gauge":"","electrified":""},"geometry":{"type":"LineString","coordinates":[[121.1501821,38.8313683],[121.1506913,38.8316107],[121.1512644,38.8318863],[121.1514503,38.8319768]]}},{"type":"Feature","properties":{"osm_id":291896969,"name":"","gauge":"","electrified":""},"geometry":{"type":"LineString","coordinates":[[121.1698058,38.8429099],[121.1693729,38.8422846],[121.1689899,38.8417214],[121.1686554,38.8412356],[121.1682464,38.8406947],[121.1678455,38.840254],[121.1673816,38.8398197],[121.1669044,38.83944],[121.1663594,38.839059],[121.1658891,38.8387795],[121.1652394,38.8384452],[121.1647658,38.8382181]]}},{"type":"Feature","properties":{"osm_id":291896978,"name":"","gauge":"","electrified":""},"geometry":{"type":"LineString","coordinates":[[121.1369506,38.8179539],[121.1361402,38.8182619],[121.1350473,38.8186698],[121.1348077,38.8187792],[121.134539,38.8189421],[121.1343513,38.8190872],[121.1341925,38.8192406],[121.1340414,38.8194356],[121.1338903,38.8196913],[121.1338323,38.8198281],[121.1337728,38.8200635],[121.1337545,38.8202835],[121.1337636,38.8204928],[121.1338583,38.8208627]]}},{"type":"Feature","properties":{"osm_id":1349458040,"name":"","gauge":"","electrified":""},"geometry":{"type":"LineString","coordinates":[[121.1338583,38.8208627],[121.1339346,38.8211267]]}},{"type":"Feature","properties":{"osm_id":291897022,"name":"","gauge":"","electrified":""},"geometry":{"type":"LineString","coordinates":[[121.1359751,38.8244441],[121.136589,38.8250127],[121.1375878,38.8257073],[121.1415207,38.8276714],[121.1471764,38.8299166]]}},{"type":"Feature","properties":{"osm_id":1349458035,"name":"","gauge":"","electrified":""},"geometry":{"type":"LineString","coordinates":[[121.1321845,38.8185991],[121.1329767,38.8198643],[121.1333221,38.8204235],[121.1337387,38.8211256]]}},{"type":"Feature","properties":{"osm_id":462836225,"name":"","gauge":"","electrified":""},"geometry":{"type":"LineString","coordinates":[[113.4396843,29.4273856],[113.4394652,29.4284255],[113.4394123,29.4289916],[113.4394878,29.4294983],[113.4401338,29.4320297],[113.440372,29.4332564],[113.4404475,29.4339013],[113.4403795,29.4344937],[113.4398883,29.4362838],[113.4398843,29.4362916],[113.4389664,29.4396664],[113.4390118,29.4401534],[113.4391553,29.4405219],[113.4394198,29.4408773],[113.4396163,29.4411011],[113.439843,29.4412919]]}},{"type":"Feature","properties":{"osm_id":462836234,"name":"","gauge":"","electrified":""},"geometry":{"type":"LineString","coordinates":[[113.4403946,29.4235023],[113.4401604,29.4247661],[113.4401372,29.4248923],[113.4399776,29.4258274],[113.4397372,29.4270697]]}},{"type":"Feature","properties":{"osm_id":462909718,"name":"","gauge":"","electrified":""},"geometry":{"type":"LineString","coordinates":[[113.4844795,29.3561052],[113.4851439,29.3560261],[113.4854396,29.3560284],[113.4856669,29.3560471],[113.4859446,29.3561006],[113.4863825,29.3562403],[113.487218,29.3565336],[113.4876878,29.3566406],[113.4881328,29.356727],[113.4882344,29.3567167],[113.4887289,29.3567104],[113.4892255,29.3566871],[113.4893466,29.3567006],[113.4898822,29.3565847],[113.4903841,29.3564451],[113.4908646,29.3562171],[113.492808,29.3552166]]}},{"type":"Feature","properties":{"osm_id":1359970719,"name":"","gauge":"","electrified":""},"geometry":{"type":"LineString","coordinates":[[116.8464813,36.6938425],[116.8528743,36.6933424],[116.8534827,36.6932928],[116.8537225,36.693257],[116.8538864,36.6932325],[116.8542244,36.6931777],[116.8545308,36.6931186],[116.8548429,36.6930506]]}},{"type":"Feature","properties":{"osm_id":1359970720,"name":"","gauge":"","electrified":""},"geometry":{"type":"LineString","coordinates":[[116.8464868,36.6938872],[116.8528798,36.6933871],[116.8534918,36.6933393],[116.8537334,36.6933051],[116.8538971,36.693282],[116.8542284,36.6932153],[116.8544792,36.6931508],[116.8546984,36.6930917],[116.8548429,36.6930506]]}},{"type":"Feature","properties":{"osm_id":1359970721,"name":"","gauge":"","electrified":""},"geometry":{"type":"LineString","coordinates":[[116.8464923,36.6939319],[116.8528854,36.6934318],[116.8535055,36.6933788],[116.8537432,36.6933446],[116.8539172,36.6933196],[116.8542378,36.6932508],[116.8549606,36.6930605],[116.8554032,36.6929325]]}},{"type":"Feature","properties":{"osm_id":1359970723,"name":"","gauge":"","electrified":""},"geometry":{"type":"LineString","coordinates":[[116.8465034,36.6940212],[116.8528965,36.6935212],[116.8535243,36.6934605],[116.8537603,36.6934258],[116.8539414,36.6933992],[116.8542646,36.6933358],[116.8546401,36.6932379],[116.8550049,36.6931304],[116.8555373,36.692954]]}},{"type":"Feature","properties":{"osm_id":1359970724,"name":"","gauge":"","electrified":""},"geometry":{"type":"LineString","coordinates":[[116.846509,36.6940659],[116.852902,36.6935659],[116.8535364,36.6935046],[116.8537686,36.6934712],[116.8539628,36.6934433],[116.8542834,36.6933756],[116.8546495,36.6932777],[116.8550143,36.6931551],[116.8555373,36.692954]]}},{"type":"Feature","properties":{"osm_id":1359970726,"name":"济南动车走行D线","gauge":"","electrified":""},"geometry":{"type":"LineString","coordinates":[[116.8695486,36.6878651],[116.8700946,36.6876398],[116.870546,36.6875085],[116.8709657,36.6874408],[116.8714508,36.6874004],[116.8718941,36.6874041],[116.8722472,36.687428],[116.8726137,36.6874914],[116.8729862,36.6875888],[116.8733767,36.6877316],[116.8737124,36.687871],[116.8743315,36.6881728],[116.8775082,36.6896621],[116.8776025,36.6897064],[116.8781577,36.6899774],[116.878692,36.6902439]]}},{"type":"Feature","properties":{"osm_id":1359970729,"name":"","gauge":"","electrified":""},"geometry":{"type":"LineString","coordinates":[[116.8855854,36.6817479],[116.8855901,36.6815016],[116.8855847,36.6812876],[116.8855713,36.680938],[116.8855458,36.6804627]]}},{"type":"Feature","properties":{"osm_id":1363078865,"name":"","gauge":"","electrified":""},"geometry":{"type":"LineString","coordinates":[[116.8858344,36.6629374],[116.8857914,36.663386],[116.8857324,36.6637883],[116.8856632,36.6641642]]}},{"type":"Feature","properties":{"osm_id":1363078866,"name":"","gauge":"","electrified":""},"geometry":{"type":"LineString","coordinates":[[116.8862671,36.6647121],[116.8862032,36.6641399],[116.886171,36.6637662],[116.8861587,36.6634026],[116.8861718,36.6624392]]}},{"type":"Feature","properties":{"osm_id":320062324,"name":"","gauge":"","electrified":""},"geometry":{"type":"LineString","coordinates":[[116.8855645,36.6734499],[116.8856331,36.6738768],[116.8856772,36.6742861],[116.8857088,36.6746532],[116.8857791,36.6759928]]}},{"type":"Feature","properties":{"osm_id":1359970728,"name":"济南动车走行D线","gauge":"","electrified":""},"geometry":{"type":"LineString","coordinates":[[116.8621951,36.6921191],[116.8634308,36.6920211],[116.8639126,36.6919753],[116.8643906,36.691923],[116.8648588,36.6918334],[116.8652906,36.6916951],[116.865718,36.6915352],[116.8661034,36.6913354],[116.8665586,36.6910366],[116.8668603,36.6907947],[116.8671874,36.6904706],[116.8674578,36.6901348],[116.8677913,36.689575],[116.8680661,36.6891653],[116.868335,36.6888173],[116.8685814,36.6885454],[116.868862,36.6882992],[116.8692456,36.6880341],[116.8695486,36.6878651]]}},{"type":"Feature","properties":{"osm_id":1359970722,"name":"","gauge":"","electrified":""},"geometry":{"type":"LineString","coordinates":[[116.8464979,36.6939766],[116.8528909,36.6934765],[116.8535136,36.6934175],[116.8537515,36.6933834],[116.8539333,36.6933573],[116.8542512,36.6932895],[116.8546146,36.6931928],[116.8549727,36.6930809],[116.8554032,36.6929325]]}},{"type":"Feature","properties":{"osm_id":1359970727,"name":"济南动车走行E线","gauge":"","electrified":""},"geometry":{"type":"LineString","coordinates":[[116.8768491,36.6892614],[116.8756619,36.6886729],[116.8750423,36.6883707],[116.8744053,36.6880965],[116.8740177,36.6879384],[116.8734008,36.687691],[116.8730065,36.6875469],[116.8726283,36.687448],[116.8722555,36.6873834],[116.8718968,36.6873592],[116.8714482,36.6873555],[116.8709573,36.6873963],[116.8705308,36.6874652],[116.8700722,36.6875985],[116.8695196,36.6878265]]}},{"type":"Feature","properties":{"osm_id":818050162,"name":"","gauge":"","electrified":""},"geometry":{"type":"LineString","coordinates":[[106.1433688,38.4459456],[106.1450229,38.4483352]]}},{"type":"Feature","properties":{"osm_id":320062307,"name":"济郑高速线","gauge":"","electrified":""},"geometry":{"type":"LineString","coordinates":[[116.8858651,36.6616009],[116.8858592,36.6621406],[116.8858344,36.6629374]]}},{"type":"Feature","properties":{"osm_id":320062326,"name":"济郑高速线","gauge":"","electrified":""},"geometry":{"type":"LineString","coordinates":[[116.8861718,36.6624392],[116.8861743,36.6621914],[116.8861802,36.6616054]]}},{"type":"Feature","properties":{"osm_id":460188963,"name":"","gauge":"","electrified":""},"geometry":{"type":"LineString","coordinates":[[116.8852065,36.6664348],[116.8851574,36.6667401]]}},{"type":"Feature","properties":{"osm_id":460188964,"name":"","gauge":"","electrified":""},"geometry":{"type":"LineString","coordinates":[[116.8851574,36.6667401],[116.8851156,36.6671296],[116.8850996,36.6676219],[116.8850915,36.6701638],[116.8851014,36.6705527],[116.8851324,36.6709297]]}},{"type":"Feature","properties":{"osm_id":460188982,"name":"","gauge":"","electrified":""},"geometry":{"type":"LineString","coordinates":[[116.8864679,36.6667496],[116.8864635,36.6664316]]}},{"type":"Feature","properties":{"osm_id":460188989,"name":"","gauge":"","electrified":""},"geometry":{"type":"LineString","coordinates":[[116.8864352,36.6709332],[116.8864679,36.6667496]]}},{"type":"Feature","properties":{"osm_id":460189000,"name":"","gauge":"","electrified":""},"geometry":{"type":"LineString","coordinates":[[116.8851691,36.6712348],[116.8851324,36.6709297]]}},{"type":"Feature","properties":{"osm_id":460189010,"name":"","gauge":"","electrified":""},"geometry":{"type":"LineString","coordinates":[[116.886418,36.6712518],[116.8864352,36.6709332]]}},{"type":"Feature","properties":{"osm_id":460189015,"name":"","gauge":"","electrified":""},"geometry":{"type":"LineString","coordinates":[[116.8859909,36.6752412],[116.8860786,36.6738886],[116.8861068,36.6735342],[116.8861402,36.673198],[116.8861912,36.6728407]]}},{"type":"Feature","properties":{"osm_id":599339695,"name":"齐河联络线","gauge":"","electrified":""},"geometry":{"type":"LineString","coordinates":[[116.8861801,36.6838401],[116.8861451,36.6833866],[116.8860206,36.6813008],[116.8859964,36.6807667]]}},{"type":"Feature","properties":{"osm_id":753504329,"name":"济南动车走行E线","gauge":"","electrified":""},"geometry":{"type":"LineString","coordinates":[[116.8695196,36.6878265],[116.8692112,36.6879986],[116.8688229,36.6882669],[116.8685379,36.688517],[116.8682885,36.6887923],[116.8680176,36.6891428],[116.8677414,36.6895547],[116.8674088,36.6901129],[116.867142,36.6904443],[116.8668187,36.6907646],[116.866521,36.6910033],[116.8660704,36.691299],[116.8656908,36.6914958],[116.8652683,36.6916539],[116.8648418,36.6917905],[116.8643805,36.6918787],[116.8639044,36.6919308],[116.8634243,36.6919765],[116.8621892,36.6920744]]}},{"type":"Feature","properties":{"osm_id":964887256,"name":"大玉联络线","gauge":"","electrified":""},"geometry":{"type":"LineString","coordinates":[[116.9028651,36.6041065],[116.9016632,36.6042392],[116.9005609,36.6043382],[116.8992063,36.6044179],[116.8955371,36.6045062],[116.8910417,36.6045923],[116.8892527,36.6046096],[116.8878633,36.6045988],[116.8834927,36.6045262]]}},{"type":"Feature","properties":{"osm_id":970496414,"name":"济南动车走行B线","gauge":"","electrified":""},"geometry":{"type":"LineString","coordinates":[[116.8757585,36.6886352],[116.8760417,36.6887829],[116.8777759,36.6896903],[116.8781634,36.6898917],[116.8784541,36.6900268],[116.8791045,36.6903234],[116.8796319,36.6904975],[116.8800986,36.6905963],[116.8806294,36.6906556],[116.8810172,36.690672],[116.8815301,36.6906331],[116.8816495,36.6906149]]}},{"type":"Feature","properties":{"osm_id":1039115079,"name":"大玉联络线","gauge":"","electrified":""},"geometry":{"type":"LineString","coordinates":[[116.8834876,36.6045631],[116.887072,36.6046268],[116.8878499,36.6046505],[116.8885848,36.6046837],[116.8892634,36.6047129],[116.8938714,36.6050897],[116.8948853,36.6051608],[116.8955639,36.6051888],[116.8968621,36.6051866],[116.8977177,36.6051522],[116.8987477,36.6050739],[116.9000934,36.6048975],[116.9029979,36.6044054]]}},{"type":"Feature","properties":{"osm_id":1193038930,"name":"济郑高速线","gauge":"","electrified":""},"geometry":{"type":"LineString","coordinates":[[116.8864209,36.6555355],[116.8864776,36.6546352],[116.8865287,36.6485016],[116.8864471,36.64532],[116.8862593,36.6416184],[116.885798,36.6337777],[116.8854184,36.6272191],[116.8852454,36.6236953],[116.8851789,36.6228913],[116.8850992,36.6212975],[116.8850879,36.6204034],[116.8851198,36.6198123],[116.8851677,36.6192564],[116.8853554,36.6183694],[116.8861279,36.6151789],[116.8862835,36.6144598],[116.8864429,36.6136039],[116.8865162,36.6129589]]}},{"type":"Feature","properties":{"osm_id":1305846558,"name":"济郑高速线","gauge":"","electrified":""},"geometry":{"type":"LineString","coordinates":[[116.8846661,36.6079125],[116.8842879,36.60754],[116.8837032,36.6069565],[116.8830487,36.6064031],[116.8825015,36.6060091],[116.881772,36.6055806],[116.881147,36.6052727],[116.8801439,36.6048593],[116.8792775,36.6045816],[116.8782476,36.604377],[116.877223,36.6041983],[116.874868,36.6038021]]}},{"type":"Feature","properties":{"osm_id":1305846565,"name":"济郑高速线","gauge":"","electrified":""},"geometry":{"type":"LineString","coordinates":[[116.874868,36.6038021],[116.8719363,36.6033155],[116.8694527,36.6029565]]}},{"type":"Feature","properties":{"osm_id":1352630014,"name":"济郑高速线","gauge":"","electrified":""},"geometry":{"type":"LineString","coordinates":[[116.8865162,36.6129589],[116.8865061,36.6124769],[116.8864202,36.6116007],[116.886318,36.6109867],[116.8861361,36.6103317],[116.8858382,36.6096845],[116.8854064,36.6089094],[116.8851262,36.6084384],[116.8846661,36.6079125]]}},{"type":"Feature","properties":{"osm_id":1352630025,"name":"","gauge":"","electrified":""},"geometry":{"type":"LineString","coordinates":[[116.8856632,36.6641642],[116.8852065,36.6664348]]}},{"type":"Feature","properties":{"osm_id":1352630027,"name":"","gauge":"","electrified":""},"geometry":{"type":"LineString","coordinates":[[116.8851691,36.6712348],[116.8852134,36.6715278],[116.8852745,36.6718965],[116.8855645,36.6734499]]}},{"type":"Feature","properties":{"osm_id":1352630032,"name":"","gauge":"","electrified":""},"geometry":{"type":"LineString","coordinates":[[116.8861912,36.6728407],[116.8863294,36.6719506],[116.8863809,36.6716012],[116.886418,36.6712518]]}},{"type":"Feature","properties":{"osm_id":1352630042,"name":"","gauge":"","electrified":""},"geometry":{"type":"LineString","coordinates":[[116.8864635,36.6664316],[116.8864412,36.6661561],[116.8864039,36.6658226],[116.8862671,36.6647121]]}},{"type":"Feature","properties":{"osm_id":1359970694,"name":"","gauge":"","electrified":""},"geometry":{"type":"LineString","coordinates":[[116.8775211,36.6895108],[116.8771025,36.6892919],[116.8767576,36.6890924],[116.8762064,36.6887643]]}},{"type":"Feature","properties":{"osm_id":1359970698,"name":"","gauge":"","electrified":""},"geometry":{"type":"LineString","coordinates":[[116.8770079,36.6893461],[116.8774711,36.6895698],[116.8781634,36.6898917]]}},{"type":"Feature","properties":{"osm_id":1359970712,"name":"济南动车走行E线","gauge":"","electrified":""},"geometry":{"type":"LineString","coordinates":[[116.8621892,36.6920744],[116.8605011,36.6922144]]}},{"type":"Feature","properties":{"osm_id":1359970713,"name":"济南动车走行D线","gauge":"","electrified":""},"geometry":{"type":"LineString","coordinates":[[116.8605066,36.6922591],[116.8621951,36.6921191]]}},{"type":"Feature","properties":{"osm_id":1359970717,"name":"","gauge":"","electrified":""},"geometry":{"type":"LineString","coordinates":[[116.8464702,36.6937531],[116.8528632,36.693253],[116.8534653,36.6932089],[116.8537016,36.6931782],[116.8538797,36.6931551],[116.8542176,36.6931046],[116.8549499,36.6930003]]}},{"type":"Feature","properties":{"osm_id":1359970718,"name":"","gauge":"","electrified":""},"geometry":{"type":"LineString","coordinates":[[116.8464757,36.6937978],[116.8528688,36.6932977],[116.8534747,36.6932497],[116.8537128,36.6932168],[116.8538864,36.6931928],[116.8542163,36.6931368],[116.8545851,36.6930653],[116.8549499,36.6930003]]}},{"type":"Feature","properties":{"osm_id":1340521784,"name":"漳龙线","gauge":"","electrified":""},"geometry":{"type":"LineString","coordinates":[[117.0444292,25.1176651],[117.0449861,25.1177333]]}},{"type":"Feature","properties":{"osm_id":57357935,"name":"漳龙线","gauge":"","electrified":""},"geometry":{"type":"LineString","coordinates":[[117.0449861,25.1177333],[117.0455073,25.1178759],[117.04612,25.118193],[117.04668,25.118636],[117.0472471,25.1192143]]}},{"type":"Feature","properties":{"osm_id":1340521785,"name":"漳龙线","gauge":"","electrified":""},"geometry":{"type":"LineString","coordinates":[[117.0426399,25.117445],[117.0444292,25.1176651]]}},{"type":"Feature","properties":{"osm_id":1307460077,"name":"包兰线","gauge":"","electrified":""},"geometry":{"type":"LineString","coordinates":[[106.1432982,38.4459633],[106.1437997,38.4466871],[106.1446876,38.4479689]]}},{"type":"Feature","properties":{"osm_id":1307460081,"name":"包兰线","gauge":"","electrified":""},"geometry":{"type":"LineString","coordinates":[[106.1501311,38.4563051],[106.1495328,38.4555454],[106.1482703,38.453754],[106.1465958,38.4511502],[106.1456471,38.4495386],[106.1446876,38.4479689]]}},{"type":"Feature","properties":{"osm_id":1307460082,"name":"包兰线","gauge":"","electrified":""},"geometry":{"type":"LineString","coordinates":[[106.1502262,38.4563048],[106.1497592,38.4557267],[106.1495453,38.455442],[106.1484707,38.4539055],[106.1482569,38.4535873],[106.1473587,38.4522183],[106.1466637,38.4511339],[106.1450229,38.4483352]]}},{"type":"Feature","properties":{"osm_id":1316923498,"name":"包兰线","gauge":"","electrified":""},"geometry":{"type":"LineString","coordinates":[[106.1505879,38.4567524],[106.1502262,38.4563048]]}},{"type":"Feature","properties":{"osm_id":1316923499,"name":"包兰线","gauge":"","electrified":""},"geometry":{"type":"LineString","coordinates":[[106.1504921,38.4567563],[106.1501311,38.4563051]]}},{"type":"Feature","properties":{"osm_id":1219855665,"name":"","gauge":"","electrified":""},"geometry":{"type":"LineString","coordinates":[[119.0755035,50.3597381],[119.0757452,50.3598636],[119.0758847,50.3599167],[119.0760604,50.3599629],[119.0768811,50.360134]]}},{"type":"Feature","properties":{"osm_id":305668398,"name":"","gauge":"","electrified":""},"geometry":{"type":"LineString","coordinates":[[119.0715168,50.3556607],[119.07166,50.3558435]]}},{"type":"Feature","properties":{"osm_id":1030364364,"name":"","gauge":"","electrified":""},"geometry":{"type":"LineString","coordinates":[[119.0721535,50.3612479],[119.0727725,50.3611123],[119.0733309,50.3609226],[119.0737497,50.3606555],[119.0739065,50.3604968],[119.0740238,50.3603326],[119.0741292,50.3601391],[119.0741693,50.3600083],[119.0741667,50.3597644],[119.074156,50.3595813],[119.0741345,50.3594478],[119.0741077,50.35934],[119.0740621,50.3592271],[119.073987,50.3591056],[119.0735954,50.3586025],[119.0735096,50.3584639],[119.0732987,50.3580825]]}},{"type":"Feature","properties":{"osm_id":520802447,"name":"","gauge":"","electrified":""},"geometry":{"type":"LineString","coordinates":[[120.3207359,37.5751657],[120.3197739,37.5745587],[120.3188679,37.5740257],[120.3183542,37.5737444],[120.3180304,37.5735731],[120.3173549,37.573278],[120.3171292,37.5731915],[120.3168342,37.5731001],[120.3162247,37.5729745],[120.3158793,37.5728556],[120.3147353,37.5725569]]}},{"type":"Feature","properties":{"osm_id":1019450450,"name":"","gauge":"","electrified":""},"geometry":{"type":"LineString","coordinates":[[113.2081385,23.2296323],[113.2082582,23.2292962]]}},{"type":"Feature","properties":{"osm_id":231705306,"name":"","gauge":"","electrified":""},"geometry":{"type":"LineString","coordinates":[[114.2228931,30.6110898],[114.2276938,30.6134865],[114.2280079,30.6136367],[114.228071,30.6136669],[114.2283895,30.6137654],[114.2288197,30.6138688],[114.2292751,30.6139987],[114.2297892,30.6141333],[114.2309611,30.6144747]]}},{"type":"Feature","properties":{"osm_id":231705316,"name":"","gauge":"","electrified":""},"geometry":{"type":"LineString","coordinates":[[114.2230432,30.6114434],[114.2275457,30.6136717],[114.2278742,30.6138372],[114.2279704,30.6138857],[114.2281799,30.6139578],[114.2284817,30.6140251],[114.228965,30.6141093],[114.2294658,30.6141996],[114.2297747,30.6142553]]}},{"type":"Feature","properties":{"osm_id":232099281,"name":"","gauge":"","electrified":""},"geometry":{"type":"LineString","coordinates":[[82.5765116,45.1751325],[82.5766673,45.1747104],[82.5767745,45.1744173],[82.5768416,45.1741565],[82.5768872,45.1738369],[82.5768872,45.1735816],[82.5768496,45.1733339],[82.5768404,45.1732931],[82.5765653,45.1720708],[82.5762515,45.1709325],[82.5747898,45.1651592],[82.5747825,45.1651314],[82.5745994,45.1644367],[82.5744975,45.1640491],[82.5744117,45.1636803],[82.5743795,45.1633815],[82.5743929,45.163049],[82.5744465,45.1627612],[82.5745297,45.1625138],[82.5746718,45.1622014],[82.5749371,45.1617403]]}},{"type":"Feature","properties":{"osm_id":1086444144,"name":"","gauge":"","electrified":""},"geometry":{"type":"LineString","coordinates":[[122.7575646,47.9878777],[122.7577063,47.9876284],[122.7578163,47.9874047],[122.7578964,47.987152],[122.7579306,47.9868702],[122.7579398,47.9864881],[122.7579275,47.9861087],[122.7578658,47.9857396],[122.7577857,47.9853415],[122.7575978,47.9848363],[122.7574345,47.9845249],[122.7571726,47.9841145],[122.7566643,47.9835759],[122.756122,47.9830011],[122.7541778,47.9809406],[122.7536356,47.9803941],[122.7531981,47.9799486],[122.7528869,47.9795815],[122.7513896,47.9780318],[122.751207,47.9778702],[122.7509618,47.9776888],[122.7506419,47.9775138],[122.7503127,47.9773637],[122.7498293,47.9771965],[122.7492267,47.9770098],[122.7440043,47.9753923],[122.7433841,47.9751345]]}},{"type":"Feature","properties":{"osm_id":1096319887,"name":"","gauge":"","electrified":""},"geometry":{"type":"LineString","coordinates":[[122.7922806,47.9394602],[122.7924343,47.9392253],[122.7925879,47.9389905]]}},{"type":"Feature","properties":{"osm_id":1096319910,"name":"","gauge":"","electrified":""},"geometry":{"type":"LineString","coordinates":[[122.8309749,47.7513495],[122.8310969,47.7508431]]}},{"type":"Feature","properties":{"osm_id":1096319915,"name":"","gauge":"","electrified":""},"geometry":{"type":"LineString","coordinates":[[122.8367955,47.7381267],[122.8370605,47.7377087]]}},{"type":"Feature","properties":{"osm_id":1096319930,"name":"","gauge":"","electrified":""},"geometry":{"type":"LineString","coordinates":[[122.8590598,47.5737951],[122.8589928,47.5735829],[122.8589254,47.5733695]]}},{"type":"Feature","properties":{"osm_id":1096319933,"name":"","gauge":"","electrified":""},"geometry":{"type":"LineString","coordinates":[[122.8648657,47.5855028],[122.8650061,47.5859463]]}},{"type":"Feature","properties":{"osm_id":1096319939,"name":"","gauge":"","electrified":""},"geometry":{"type":"LineString","coordinates":[[122.8637808,47.5829553],[122.8636648,47.5825231],[122.8636043,47.5821612],[122.8635696,47.5816359],[122.86345,47.5787019],[122.8634939,47.5783845],[122.8635776,47.5780618],[122.8637371,47.5777175],[122.8640441,47.5772092],[122.8643391,47.5768542],[122.8648255,47.576467],[122.8653597,47.5761388],[122.8735644,47.5715638]]}},{"type":"Feature","properties":{"osm_id":1096319889,"name":"","gauge":"","electrified":""},"geometry":{"type":"LineString","coordinates":[[122.7979932,47.9269948],[122.7980471,47.9266637],[122.7981017,47.9263286]]}},{"type":"Feature","properties":{"osm_id":170392434,"name":"西户线","gauge":"","electrified":""},"geometry":{"type":"LineString","coordinates":[[108.7497215,34.2135802],[108.7493971,34.2134866]]}},{"type":"Feature","properties":{"osm_id":170392438,"name":"西户线","gauge":"","electrified":""},"geometry":{"type":"LineString","coordinates":[[108.7827543,34.2245205],[108.7813834,34.2238442],[108.7792618,34.2228216],[108.7776445,34.2220122],[108.7757512,34.2211345],[108.7740096,34.2203758],[108.7722391,34.2197887],[108.7635341,34.2173993],[108.7497215,34.2135802]]}},{"type":"Feature","properties":{"osm_id":264419263,"name":"","gauge":"","electrified":""},"geometry":{"type":"LineString","coordinates":[[118.3511072,36.7944148],[118.3508065,36.7944331],[118.3506046,36.7944367],[118.3501072,36.7944549],[118.3495036,36.7944818],[118.3489805,36.7945291],[118.348182,36.7946234],[118.3472984,36.7947548],[118.346925,36.7948042],[118.3465705,36.7948333],[118.3460501,36.7948365],[118.3455889,36.7948105],[118.3451719,36.7947623],[118.344685,36.7946698],[118.3441948,36.794564],[118.3408404,36.7937715],[118.3406822,36.7937333],[118.3403411,36.7936613],[118.3399992,36.7935926],[118.3396001,36.7935408],[118.3392133,36.7935046],[118.338786,36.7934979],[118.3384381,36.7935003],[118.3382276,36.7935174],[118.3378427,36.7935593],[118.3374773,36.7936198],[118.3370474,36.7937258],[118.3366625,36.7938407],[118.3363007,36.7939706],[118.3361033,36.7940533],[118.3359142,36.7941425],[118.3355646,36.7943306],[118.3353241,36.7944818],[118.3350961,36.7946376],[118.3347289,36.794932],[118.3343732,36.7952787],[118.3340846,36.795634]]}},{"type":"Feature","properties":{"osm_id":279672757,"name":"西户线","gauge":"","electrified":""},"geometry":{"type":"LineString","coordinates":[[108.7356234,34.2122182],[108.7368372,34.2114244],[108.7377778,34.2110302],[108.7382829,34.2109121],[108.7388667,34.210851],[108.7394452,34.2108537],[108.7400867,34.2109165],[108.7409283,34.2111368]]}},{"type":"Feature","properties":{"osm_id":941588935,"name":"西户线","gauge":"","electrified":""},"geometry":{"type":"LineString","coordinates":[[108.7440511,34.2119972],[108.7409283,34.2111368]]}},{"type":"Feature","properties":{"osm_id":1096209396,"name":"","gauge":"","electrified":""},"geometry":{"type":"LineString","coordinates":[[118.1736576,39.2434142],[118.173961,39.2440592],[118.1750393,39.2458872],[118.1753585,39.2462881]]}},{"type":"Feature","properties":{"osm_id":1096209397,"name":"南堡线","gauge":"","electrified":""},"geometry":{"type":"LineString","coordinates":[[118.1643346,39.2405859],[118.1646329,39.2404894],[118.1649835,39.2403903],[118.1654381,39.2402571],[118.1656002,39.2402096]]}},{"type":"Feature","properties":{"osm_id":1096209402,"name":"","gauge":"","electrified":""},"geometry":{"type":"LineString","coordinates":[[118.1528789,39.2438702],[118.1535038,39.2436624],[118.1631249,39.2408477]]}},{"type":"Feature","properties":{"osm_id":1090970894,"name":"西户线","gauge":"","electrified":""},"geometry":{"type":"LineString","coordinates":[[108.7922032,34.2308408],[108.7888757,34.2285596],[108.7860138,34.2265803],[108.7846113,34.2256103],[108.7831085,34.2247101]]}},{"type":"Feature","properties":{"osm_id":1213286625,"name":"荆荆高速线","gauge":"","electrified":""},"geometry":{"type":"LineString","coordinates":[[112.1027236,30.9898847],[112.0970091,30.9744131],[112.0962218,30.9720739],[112.0957021,30.9703348],[112.0949038,30.9674444],[112.0938112,30.9630472],[112.0841433,30.9244099],[112.0835218,30.9217204],[112.0829992,30.9192575],[112.082653,30.9172201],[112.0823717,30.9150818],[112.0821247,30.9123103],[112.0819934,30.9100982],[112.0819471,30.9075866],[112.082014,30.9052007],[112.0821547,30.9029247],[112.082372,30.9007071],[112.0826116,30.8988269],[112.0829704,30.8966325],[112.0833813,30.8945395],[112.0839625,30.8921033],[112.0846157,30.8896137],[112.0867769,30.8817054]]}},{"type":"Feature","properties":{"osm_id":232144949,"name":"","gauge":"","electrified":""},"geometry":{"type":"LineString","coordinates":[[113.1442518,29.3979007],[113.1446052,29.3981259],[113.1449389,29.3983196],[113.1452285,29.3984768],[113.1518774,29.4017375],[113.1521701,29.4018701],[113.1525854,29.4020298],[113.1531266,29.4022261]]}},{"type":"Feature","properties":{"osm_id":232144950,"name":"","gauge":"","electrified":""},"geometry":{"type":"LineString","coordinates":[[113.1440316,29.3977866],[113.1442518,29.3979007],[113.1444661,29.3980066],[113.1447577,29.3981696],[113.1450957,29.39835],[113.1520346,29.4017567],[113.1525982,29.4019915],[113.1535682,29.4023572],[113.154015,29.4025304],[113.1544907,29.4027102],[113.154948,29.4028737],[113.1570333,29.4036416],[113.157506,29.4038341]]}},{"type":"Feature","properties":{"osm_id":232144967,"name":"","gauge":"","electrified":""},"geometry":{"type":"LineString","coordinates":[[113.1428151,29.3969597],[113.1434057,29.397233],[113.1437294,29.3973705],[113.1440011,29.3974764],[113.1442949,29.3975803],[113.1446262,29.3976823]]}},{"type":"Feature","properties":{"osm_id":232144954,"name":"","gauge":"","electrified":""},"geometry":{"type":"LineString","coordinates":[[113.1543314,29.402557],[113.1540595,29.4024199],[113.1451945,29.3980573],[113.1449157,29.3979303],[113.1446566,29.39783],[113.1443697,29.3977341]]}},{"type":"Feature","properties":{"osm_id":739158081,"name":"范辛铁路","gauge":"","electrified":""},"geometry":{"type":"LineString","coordinates":[[113.4498658,33.7893171],[113.4497166,33.7894555],[113.4492617,33.7901417],[113.4487144,33.7912339],[113.4485257,33.7923445],[113.448725,33.7938933]]}},{"type":"Feature","properties":{"osm_id":1096200893,"name":"","gauge":"","electrified":""},"geometry":{"type":"LineString","coordinates":[[120.9771181,29.1388738],[120.9763007,29.1396151],[120.9745987,29.1411839],[120.9715387,29.1443057],[120.9701616,29.1458887]]}},{"type":"Feature","properties":{"osm_id":1096200894,"name":"","gauge":"","electrified":""},"geometry":{"type":"LineString","coordinates":[[120.9676856,29.1485248],[120.9678703,29.1483509],[120.9683701,29.1478417],[120.9694058,29.1467663],[120.9707891,29.1453526],[120.9746494,29.1414243],[120.9771181,29.1388738]]}},{"type":"Feature","properties":{"osm_id":1096167269,"name":"","gauge":"","electrified":""},"geometry":{"type":"LineString","coordinates":[[113.1426787,29.3962341],[113.1435513,29.3967236]]}},{"type":"Feature","properties":{"osm_id":468813543,"name":"京广场进沪昆上行联络线","gauge":"","electrified":""},"geometry":{"type":"LineString","coordinates":[[113.0576363,28.1634425],[113.0573685,28.164401],[113.0573502,28.1644764],[113.0572311,28.1649671],[113.0571266,28.1655501],[113.0570996,28.1658656],[113.0570969,28.166199],[113.0571148,28.1664975],[113.0571492,28.1667606],[113.0572042,28.167055],[113.0572748,28.1672975],[113.0573591,28.1675594],[113.0574872,28.167879],[113.057617,28.1681497],[113.0578386,28.1685068],[113.0581443,28.1689218],[113.0584632,28.1692667],[113.0587358,28.1695248],[113.0591251,28.1698205],[113.059472,28.1700485],[113.0599629,28.1703121],[113.0604244,28.1705039],[113.060785,28.1706278],[113.0612198,28.1707437],[113.0616397,28.1708372],[113.0620496,28.1709139],[113.0631602,28.1711025],[113.0688026,28.1720685]]}},{"type":"Feature","properties":{"osm_id":468813555,"name":"沪昆高速线","gauge":"","electrified":""},"geometry":{"type":"LineString","coordinates":[[113.0607733,28.1427931],[113.0607814,28.1417711],[113.0607807,28.1409234],[113.0607813,28.1405525],[113.0607729,28.138188]]}},{"type":"Feature","properties":{"osm_id":468813560,"name":"","gauge":"","electrified":""},"geometry":{"type":"LineString","coordinates":[[113.0601646,28.1066403],[113.0608769,28.1102345]]}},{"type":"Feature","properties":{"osm_id":468813562,"name":"京广场进沪昆下行联络线","gauge":"","electrified":""},"geometry":{"type":"LineString","coordinates":[[113.0623299,28.1151564],[113.0619798,28.1136945]]}},{"type":"Feature","properties":{"osm_id":468813563,"name":"京广场进沪昆下行联络线","gauge":"","electrified":""},"geometry":{"type":"LineString","coordinates":[[113.0626112,28.1166787],[113.062563,28.1163995]]}},{"type":"Feature","properties":{"osm_id":468813564,"name":"","gauge":"","electrified":""},"geometry":{"type":"LineString","coordinates":[[113.0625995,28.1157186],[113.0624453,28.1151607]]}},{"type":"Feature","properties":{"osm_id":468813565,"name":"京广场进沪昆下行联络线","gauge":"","electrified":""},"geometry":{"type":"LineString","coordinates":[[113.0627677,28.1164032],[113.0625995,28.1157186]]}},{"type":"Feature","properties":{"osm_id":468813569,"name":"京广场进沪昆下行联络线","gauge":"","electrified":""},"geometry":{"type":"LineString","coordinates":[[113.0624453,28.1151607],[113.0620584,28.113694]]}},{"type":"Feature","properties":{"osm_id":468813571,"name":"","gauge":"","electrified":""},"geometry":{"type":"LineString","coordinates":[[113.0595215,28.1434127],[113.0594271,28.1444727],[113.0593828,28.1448369],[113.0593279,28.1451787],[113.0592392,28.145634]]}},{"type":"Feature","properties":{"osm_id":468813573,"name":"沪昆上行进京广场联络线","gauge":"","electrified":""},"geometry":{"type":"LineString","coordinates":[[113.0598498,28.1368497],[113.0598753,28.137243],[113.0598763,28.1376686]]}},{"type":"Feature","properties":{"osm_id":468813582,"name":"京广场进沪昆上行联络线","gauge":"","electrified":""},"geometry":{"type":"LineString","coordinates":[[113.0585642,28.1553051],[113.058538,28.1556896]]}},{"type":"Feature","properties":{"osm_id":468813584,"name":"京广场进沪昆上行联络线","gauge":"","electrified":""},"geometry":{"type":"LineString","coordinates":[[113.058819,28.1523757],[113.0587974,28.1526413]]}},{"type":"Feature","properties":{"osm_id":468813587,"name":"整备所联络线","gauge":"","electrified":""},"geometry":{"type":"LineString","coordinates":[[113.0596203,28.1428121],[113.0595715,28.1434061]]}},{"type":"Feature","properties":{"osm_id":468813589,"name":"","gauge":"","electrified":""},"geometry":{"type":"LineString","coordinates":[[113.0593282,28.1458786],[113.0591625,28.1470589],[113.0590951,28.147427]]}},{"type":"Feature","properties":{"osm_id":468813601,"name":"","gauge":"","electrified":""},"geometry":{"type":"LineString","coordinates":[[113.0594647,28.1434085],[113.0594155,28.1438961],[113.05935,28.1442995],[113.0593018,28.1445703],[113.0592317,28.1449316],[113.0591517,28.1452466],[113.0588214,28.1465705],[113.0587356,28.1470101],[113.0586608,28.1473788]]}},{"type":"Feature","properties":{"osm_id":468824444,"name":"","gauge":"","electrified":""},"geometry":{"type":"LineString","coordinates":[[113.0596537,28.1447777],[113.0597,28.1434124]]}},{"type":"Feature","properties":{"osm_id":468824449,"name":"","gauge":"","electrified":""},"geometry":{"type":"LineString","coordinates":[[113.0585773,28.1567263],[113.0587018,28.1556926]]}},{"type":"Feature","properties":{"osm_id":468836999,"name":"","gauge":"","electrified":""},"geometry":{"type":"LineString","coordinates":[[113.0588115,28.1557107],[113.0588778,28.1553111]]}},{"type":"Feature","properties":{"osm_id":468837001,"name":"","gauge":"","electrified":""},"geometry":{"type":"LineString","coordinates":[[113.0587068,28.1564452],[113.058852,28.1557143]]}},{"type":"Feature","properties":{"osm_id":468837002,"name":"","gauge":"","electrified":""},"geometry":{"type":"LineString","coordinates":[[113.058852,28.1557143],[113.0589354,28.1553182]]}},{"type":"Feature","properties":{"osm_id":468837050,"name":"","gauge":"","electrified":""},"geometry":{"type":"LineString","coordinates":[[113.0599456,28.1554013],[113.0598228,28.1557835]]}},{"type":"Feature","properties":{"osm_id":468837116,"name":"","gauge":"","electrified":""},"geometry":{"type":"LineString","coordinates":[[113.0609884,28.1475554],[113.0609778,28.1470735],[113.0609321,28.1461624],[113.0608892,28.1454872],[113.0608373,28.1444859]]}},{"type":"Feature","properties":{"osm_id":468837127,"name":"","gauge":"","electrified":""},"geometry":{"type":"LineString","coordinates":[[113.0598213,28.1553811],[113.0599758,28.1547843],[113.0600747,28.1544216],[113.0602736,28.1537006],[113.0603728,28.1533347],[113.060451,28.1530389],[113.0605046,28.1527747]]}},{"type":"Feature","properties":{"osm_id":468837129,"name":"","gauge":"","electrified":""},"geometry":{"type":"LineString","coordinates":[[113.0606603,28.1427894],[113.0606704,28.1433419]]}},{"type":"Feature","properties":{"osm_id":468837130,"name":"","gauge":"","electrified":""},"geometry":{"type":"LineString","coordinates":[[113.0606312,28.1433415],[113.0606603,28.1427894]]}},{"type":"Feature","properties":{"osm_id":468837132,"name":"","gauge":"","electrified":""},"geometry":{"type":"LineString","coordinates":[[113.0608385,28.1433271],[113.060851,28.1427986]]}},{"type":"Feature","properties":{"osm_id":468908039,"name":"整备所联络线","gauge":"","electrified":""},"geometry":{"type":"LineString","coordinates":[[113.0603733,28.1376712],[113.0604572,28.1367649]]}},{"type":"Feature","properties":{"osm_id":616809578,"name":"","gauge":"","electrified":""},"geometry":{"type":"LineString","coordinates":[[113.0593745,28.1575407],[113.0590545,28.1588156]]}},{"type":"Feature","properties":{"osm_id":616809644,"name":"","gauge":"","electrified":""},"geometry":{"type":"LineString","coordinates":[[113.0583783,28.1575729],[113.0583071,28.1592274]]}},{"type":"Feature","properties":{"osm_id":912777183,"name":"沪昆上行进京广场联络线","gauge":"","electrified":""},"geometry":{"type":"LineString","coordinates":[[113.0595215,28.1434127],[113.0594582,28.1447665]]}},{"type":"Feature","properties":{"osm_id":912777184,"name":"","gauge":"","electrified":""},"geometry":{"type":"LineString","coordinates":[[113.0597521,28.1400176],[113.059515,28.1428332]]}},{"type":"Feature","properties":{"osm_id":963201533,"name":"整备所联络线","gauge":"","electrified":""},"geometry":{"type":"LineString","coordinates":[[113.0628008,28.1273246],[113.0634429,28.1266684],[113.063858,28.1261882],[113.0640727,28.1259369],[113.0642805,28.1256664],[113.0644225,28.1254398],[113.0645831,28.1251466]]}},{"type":"Feature","properties":{"osm_id":963201537,"name":"整备所联络线","gauge":"","electrified":""},"geometry":{"type":"LineString","coordinates":[[113.0612196,28.1295343],[113.0613942,28.1291087],[113.0615332,28.1288655],[113.061804,28.1284334],[113.062068,28.1281149],[113.0624256,28.1277289],[113.0628008,28.1273246]]}},{"type":"Feature","properties":{"osm_id":1096175450,"name":"","gauge":"","electrified":""},"geometry":{"type":"LineString","coordinates":[[113.0587483,28.1553139],[113.058788,28.1550349]]}},{"type":"Feature","properties":{"osm_id":1096175451,"name":"沪昆上行进京广场联络线","gauge":"","electrified":""},"geometry":{"type":"LineString","coordinates":[[113.0592118,28.1476874],[113.0590233,28.1499256]]}},{"type":"Feature","properties":{"osm_id":1096175452,"name":"京广场进沪昆下行联络线","gauge":"","electrified":""},"geometry":{"type":"LineString","coordinates":[[113.059407,28.1477034],[113.0592132,28.1499398]]}},{"type":"Feature","properties":{"osm_id":1096175456,"name":"","gauge":"","electrified":""},"geometry":{"type":"LineString","coordinates":[[113.0597869,28.1430857],[113.0598253,28.1427861]]}},{"type":"Feature","properties":{"osm_id":1096175458,"name":"沪昆上行进京广场联络线","gauge":"","electrified":""},"geometry":{"type":"LineString","coordinates":[[113.0596939,28.141349],[113.0596105,28.1422921],[113.0595847,28.1425921],[113.0595632,28.1428279]]}},{"type":"Feature","properties":{"osm_id":1096167270,"name":"","gauge":"","electrified":""},"geometry":{"type":"LineString","coordinates":[[113.1437312,29.3967457],[113.1445661,29.3972196]]}},{"type":"Feature","properties":{"osm_id":1096167271,"name":"","gauge":"","electrified":""},"geometry":{"type":"LineString","coordinates":[[113.1447378,29.3972996],[113.1455554,29.3976529]]}},{"type":"Feature","properties":{"osm_id":1096167274,"name":"","gauge":"","electrified":""},"geometry":{"type":"LineString","coordinates":[[113.1589133,29.4042772],[113.1595564,29.4045309]]}},{"type":"Feature","properties":{"osm_id":1096167275,"name":"","gauge":"","electrified":""},"geometry":{"type":"LineString","coordinates":[[113.1602732,29.404941],[113.1610305,29.4052543]]}},{"type":"Feature","properties":{"osm_id":1096167284,"name":"","gauge":"","electrified":""},"geometry":{"type":"LineString","coordinates":[[113.1569623,29.4033821],[113.1577231,29.4036856]]}},{"type":"Feature","properties":{"osm_id":1096167291,"name":"","gauge":"","electrified":""},"geometry":{"type":"LineString","coordinates":[[113.146209,29.3982857],[113.1467054,29.3985998]]}},{"type":"Feature","properties":{"osm_id":1096167292,"name":"","gauge":"","electrified":""},"geometry":{"type":"LineString","coordinates":[[113.1468047,29.3986476],[113.1474709,29.3990254],[113.1552665,29.4028559],[113.1558961,29.4031495]]}},{"type":"Feature","properties":{"osm_id":1096167302,"name":"","gauge":"","electrified":""},"geometry":{"type":"LineString","coordinates":[[113.1443126,29.3978208],[113.144735,29.3980544],[113.1451485,29.3982698],[113.1519982,29.4016452],[113.1526304,29.4019444]]}},{"type":"Feature","properties":{"osm_id":1096167306,"name":"","gauge":"","electrified":""},"geometry":{"type":"LineString","coordinates":[[113.1560827,29.4032195],[113.1568053,29.4034409]]}},{"type":"Feature","properties":{"osm_id":1096167307,"name":"","gauge":"","electrified":""},"geometry":{"type":"LineString","coordinates":[[113.1566711,29.4034406],[113.157506,29.4038341],[113.1575966,29.4038764],[113.1579611,29.4040534],[113.1590783,29.4046082],[113.1597581,29.4049743]]}},{"type":"Feature","properties":{"osm_id":1096167308,"name":"","gauge":"","electrified":""},"geometry":{"type":"LineString","coordinates":[[113.1575966,29.4038764],[113.1581139,29.4041814]]}},{"type":"Feature","properties":{"osm_id":1096167311,"name":"","gauge":"","electrified":""},"geometry":{"type":"LineString","coordinates":[[113.1537755,29.402355],[113.1544907,29.4027102]]}},{"type":"Feature","properties":{"osm_id":282691626,"name":"沪昆高速线","gauge":"","electrified":""},"geometry":{"type":"LineString","coordinates":[[113.0607641,28.1475407],[113.0607819,28.1445139],[113.0607691,28.1433373]]}},{"type":"Feature","properties":{"osm_id":395701488,"name":"","gauge":"","electrified":""},"geometry":{"type":"LineString","coordinates":[[113.0612597,28.1475621],[113.0612552,28.1472751],[113.0612443,28.146939],[113.0611926,28.1463498],[113.0611305,28.1458661],[113.0610766,28.1454981],[113.0610125,28.1450511],[113.060942,28.1443229],[113.0609205,28.143917],[113.0608729,28.1433279]]}},{"type":"Feature","properties":{"osm_id":468813403,"name":"","gauge":"","electrified":""},"geometry":{"type":"LineString","coordinates":[[113.0597335,28.1445836],[113.0598087,28.1434156]]}},{"type":"Feature","properties":{"osm_id":468813491,"name":"","gauge":"","electrified":""},"geometry":{"type":"LineString","coordinates":[[113.058902,28.1540552],[113.0591341,28.1528211],[113.0591717,28.1526482]]}},{"type":"Feature","properties":{"osm_id":468813516,"name":"沪昆下行进京广场联络线","gauge":"","electrified":""},"geometry":{"type":"LineString","coordinates":[[113.0589873,28.1526495],[113.0590079,28.1523824]]}},{"type":"Feature","properties":{"osm_id":468813520,"name":"京广场进沪昆下行联络线","gauge":"","electrified":""},"geometry":{"type":"LineString","coordinates":[[113.0598107,28.1427882],[113.0600301,28.1402407],[113.0600543,28.1399666],[113.0602127,28.138069]]}},{"type":"Feature","properties":{"osm_id":468813522,"name":"","gauge":"","electrified":""},"geometry":{"type":"LineString","coordinates":[[113.058813,28.1547734],[113.058902,28.1540552],[113.0590228,28.1531978],[113.059106,28.1526408]]}},{"type":"Feature","properties":{"osm_id":1334320290,"name":"平禹铁路","gauge":"","electrified":""},"geometry":{"type":"LineString","coordinates":[[113.4488555,33.7953395],[113.4488932,33.7954431]]}},{"type":"Feature","properties":{"osm_id":1334320291,"name":"范辛铁路","gauge":"","electrified":""},"geometry":{"type":"LineString","coordinates":[[113.4489758,33.795425],[113.4490514,33.7958783]]}},{"type":"Feature","properties":{"osm_id":1334320292,"name":"范辛铁路","gauge":"","electrified":""},"geometry":{"type":"LineString","coordinates":[[113.4489579,33.7953174],[113.4489758,33.795425]]}},{"type":"Feature","properties":{"osm_id":1334320293,"name":"平禹铁路","gauge":"","electrified":""},"geometry":{"type":"LineString","coordinates":[[113.4483237,33.794094],[113.4488555,33.7953395]]}},{"type":"Feature","properties":{"osm_id":1334320294,"name":"平禹铁路","gauge":"","electrified":""},"geometry":{"type":"LineString","coordinates":[[113.4482684,33.7939634],[113.4483237,33.794094]]}},{"type":"Feature","properties":{"osm_id":1334320295,"name":"范辛铁路","gauge":"","electrified":""},"geometry":{"type":"LineString","coordinates":[[113.4487366,33.7939836],[113.4489579,33.7953174]]}},{"type":"Feature","properties":{"osm_id":1334320296,"name":"范辛铁路","gauge":"","electrified":""},"geometry":{"type":"LineString","coordinates":[[113.448725,33.7938933],[113.4487366,33.7939836]]}},{"type":"Feature","properties":{"osm_id":751325525,"name":"京广线","gauge":"","electrified":""},"geometry":{"type":"LineString","coordinates":[[114.037265,33.0135853],[114.037162,33.019808],[114.037188,33.026906],[114.037186,33.033302],[114.0372,33.039704],[114.037204,33.045078],[114.037215,33.051478],[114.037226,33.05687],[114.037271,33.061582],[114.037322,33.068328],[114.0373221,33.0689981]]}},{"type":"Feature","properties":{"osm_id":751325526,"name":"京广线","gauge":"","electrified":""},"geometry":{"type":"LineString","coordinates":[[114.0374314,33.0689966],[114.0374439,33.0682553],[114.0373929,33.0615093],[114.0373479,33.0567973],[114.0373369,33.0514053],[114.0373259,33.0450053],[114.0373242,33.0426704],[114.0373219,33.0396313],[114.0373079,33.0332293],[114.0373099,33.0268333],[114.0372839,33.0197353],[114.0373229,33.0136083],[114.0373228,33.0135868]]}},{"type":"Feature","properties":{"osm_id":1030501064,"name":"","gauge":"","electrified":""},"geometry":{"type":"LineString","coordinates":[[116.2986688,40.0553069],[116.2988252,40.0549386],[116.298923,40.0547223],[116.2990539,40.0544411]]}},{"type":"Feature","properties":{"osm_id":741591334,"name":"","gauge":"","electrified":""},"geometry":{"type":"LineString","coordinates":[[116.2984785,40.0556465],[116.2983863,40.0558777],[116.2983355,40.0560295],[116.2979607,40.0571129],[116.2979072,40.0572572],[116.2978184,40.0574914],[116.297717,40.0576893],[116.2976265,40.0578553],[116.2967271,40.0595255],[116.2965438,40.0598659],[116.2964473,40.0600311],[116.2963967,40.0601153],[116.2963485,40.0601878],[116.2962816,40.0602794]]}},{"type":"Feature","properties":{"osm_id":1096155214,"name":"京广线","gauge":"","electrified":""},"geometry":{"type":"LineString","coordinates":[[114.0373214,33.0131856],[114.0373211,33.0131182]]}},{"type":"Feature","properties":{"osm_id":1096155216,"name":"京广线","gauge":"","electrified":""},"geometry":{"type":"LineString","coordinates":[[114.0373228,33.0135868],[114.0373226,33.0135194]]}},{"type":"Feature","properties":{"osm_id":1096155218,"name":"京广线","gauge":"","electrified":""},"geometry":{"type":"LineString","coordinates":[[114.03727,33.0131093],[114.0372703,33.0131768]]}},{"type":"Feature","properties":{"osm_id":1096155219,"name":"京广线","gauge":"","electrified":""},"geometry":{"type":"LineString","coordinates":[[114.0372703,33.0131768],[114.0372648,33.0135179]]}},{"type":"Feature","properties":{"osm_id":838926537,"name":"陇海线","gauge":"","electrified":""},"geometry":{"type":"LineString","coordinates":[[119.1226986,34.5958882],[119.1119959,34.5945055],[119.1069412,34.5938024],[119.1018861,34.5930082],[119.0815734,34.5898708],[119.0611075,34.5866394],[119.0424188,34.5837267],[119.0417747,34.5836226],[119.0415335,34.5835851],[119.041007,34.5835021],[119.0261237,34.5811735],[119.0255221,34.5810727],[119.0253224,34.5810387],[119.0195182,34.5801438],[119.0089248,34.5784723],[118.9996645,34.5770273],[118.9922865,34.5758709],[118.9912286,34.5757278]]}},{"type":"Feature","properties":{"osm_id":1321548560,"name":"陇海线","gauge":"","electrified":""},"geometry":{"type":"LineString","coordinates":[[118.9910422,34.5757354],[118.9912206,34.5757632]]}},{"type":"Feature","properties":{"osm_id":1321548561,"name":"陇海线","gauge":"","electrified":""},"geometry":{"type":"LineString","coordinates":[[118.9214243,34.5622377],[118.926648,34.5636229],[118.9391729,34.5670021],[118.9459728,34.5687668],[118.9646279,34.5716621],[118.971227,34.5726817],[118.9819864,34.5743035],[118.9910422,34.5757354]]}},{"type":"Feature","properties":{"osm_id":1321548562,"name":"陇海线","gauge":"","electrified":""},"geometry":{"type":"LineString","coordinates":[[118.9910544,34.5757007],[118.9819944,34.5742681],[118.9712356,34.5726464],[118.9646384,34.5716272],[118.9459821,34.5686927],[118.9400268,34.5671785],[118.9391915,34.5669697],[118.9214447,34.5621995]]}},{"type":"Feature","properties":{"osm_id":1321548563,"name":"陇海线","gauge":"","electrified":""},"geometry":{"type":"LineString","coordinates":[[118.9912286,34.5757278],[118.9910544,34.5757007]]}},{"type":"Feature","properties":{"osm_id":755455706,"name":"陇海线","gauge":"","electrified":""},"geometry":{"type":"LineString","coordinates":[[118.9912206,34.5757632],[118.9922783,34.5759062],[118.9996563,34.5770626],[119.0089166,34.5785076],[119.01951,34.5801791],[119.0244628,34.5809629],[119.0270145,34.5813571],[119.0272557,34.5813968],[119.0403976,34.5834505],[119.0406357,34.5834901],[119.0426654,34.583807],[119.0430061,34.5838634],[119.0610993,34.5866747],[119.0815652,34.5899061],[119.101878,34.5930435],[119.1069334,34.5938378],[119.1119889,34.594541],[119.1226916,34.5959299]]}},{"type":"Feature","properties":{"osm_id":787847977,"name":"","gauge":"","electrified":""},"geometry":{"type":"LineString","coordinates":[[118.926648,34.5636229],[118.9247924,34.5631764],[118.9242405,34.563092],[118.9235312,34.5630952],[118.9227725,34.5631857],[118.9219948,34.5632737],[118.9217771,34.5633162],[118.9214999,34.5633849]]}},{"type":"Feature","properties":{"osm_id":1321548600,"name":"陇海线","gauge":"","electrified":""},"geometry":{"type":"LineString","coordinates":[[118.9209902,34.5621206],[118.9214243,34.5622377]]}},{"type":"Feature","properties":{"osm_id":1321548601,"name":"陇海线","gauge":"","electrified":""},"geometry":{"type":"LineString","coordinates":[[118.8040218,34.5299562],[118.8280671,34.5370304],[118.8384715,34.5398602],[118.8756454,34.5498682],[118.9209902,34.5621206]]}},{"type":"Feature","properties":{"osm_id":1321548602,"name":"陇海线","gauge":"","electrified":""},"geometry":{"type":"LineString","coordinates":[[118.9210175,34.5620842],[118.8756587,34.5498339],[118.8384852,34.539826],[118.8280793,34.5369925],[118.8040414,34.5299178]]}},{"type":"Feature","properties":{"osm_id":1321548603,"name":"陇海线","gauge":"","electrified":""},"geometry":{"type":"LineString","coordinates":[[118.9214447,34.5621995],[118.9210175,34.5620842]]}},{"type":"Feature","properties":{"osm_id":1321548607,"name":"","gauge":"","electrified":""},"geometry":{"type":"LineString","coordinates":[[118.9214165,34.5634083],[118.9188451,34.5642201],[118.9137194,34.5659797],[118.9090687,34.567574],[118.9078939,34.5677861],[118.9060861,34.567764],[118.9043802,34.5676094],[118.9002979,34.5672847]]}},{"type":"Feature","properties":{"osm_id":1321548608,"name":"","gauge":"","electrified":""},"geometry":{"type":"LineString","coordinates":[[118.9214999,34.5633849],[118.9214165,34.5634083]]}},{"type":"Feature","properties":{"osm_id":1033328886,"name":"唐包线","gauge":"","electrified":""},"geometry":{"type":"LineString","coordinates":[[117.3728409,40.988523],[117.362705,40.9941113],[117.3617157,40.9947207],[117.3612732,40.9950123],[117.3609191,40.9952586],[117.3604849,40.995577],[117.360093,40.9959222],[117.3597524,40.9962583],[117.3594122,40.9965846],[117.3590711,40.9969537],[117.3585735,40.9975478],[117.3582023,40.9979977],[117.3564677,41.0001681]]}},{"type":"Feature","properties":{"osm_id":1033336269,"name":"唐包线","gauge":"","electrified":""},"geometry":{"type":"LineString","coordinates":[[117.3421615,41.02284],[117.3525484,41.0054275],[117.3527424,41.0051003],[117.3529047,41.0048301],[117.3530656,41.0045943],[117.3532762,41.0043038],[117.3537451,41.0036613]]}},{"type":"Feature","properties":{"osm_id":1033336274,"name":"","gauge":"","electrified":""},"geometry":{"type":"LineString","coordinates":[[117.3751631,40.9873937],[117.3634414,40.9938042],[117.3627815,40.9941849],[117.3623005,40.9944839],[117.3618337,40.9947815],[117.3614034,40.9950761],[117.3609909,40.9953773],[117.3604724,40.9957789],[117.3598244,40.9963928],[117.3591891,40.9970728],[117.3586451,40.9976986],[117.3579623,40.9985486],[117.3570808,40.9996512],[117.3566728,41.0001378],[117.3563995,41.0004993]]}},{"type":"Feature","properties":{"osm_id":1033336275,"name":"","gauge":"","electrified":""},"geometry":{"type":"LineString","coordinates":[[117.3728409,40.988523],[117.3723777,40.9887504],[117.3719695,40.9889534],[117.3713437,40.9892851],[117.3626644,40.9940788],[117.362169,40.9943725],[117.3616862,40.9946778],[117.3612195,40.9949839],[117.3608698,40.9952131],[117.3604441,40.9955407],[117.3600434,40.9958939],[117.3597014,40.9962289],[117.3593782,40.996541],[117.3590208,40.9969288],[117.3585293,40.9975205],[117.3581554,40.9979663],[117.3568987,40.9995483],[117.3566631,40.9998842],[117.3565916,40.9999942],[117.3564677,41.0001681]]}},{"type":"Feature","properties":{"osm_id":1033336280,"name":"","gauge":"","electrified":""},"geometry":{"type":"LineString","coordinates":[[117.375855,40.9870029],[117.3752817,40.9873775],[117.3748422,40.9876796],[117.3745729,40.9878494],[117.3741821,40.9880881],[117.3655661,40.9928449],[117.3653662,40.992955]]}},{"type":"Feature","properties":{"osm_id":1033336289,"name":"","gauge":"","electrified":""},"geometry":{"type":"LineString","coordinates":[[117.3587158,40.9981302],[117.3591173,40.9977696],[117.3594386,40.9975271],[117.3597217,40.9973615],[117.3600166,40.9971982]]}},{"type":"Feature","properties":{"osm_id":1033336291,"name":"","gauge":"","electrified":""},"geometry":{"type":"LineString","coordinates":[[117.3605935,40.996899],[117.3608956,40.9967654],[117.361087,40.9966765],[117.3614658,40.9964519],[117.3624592,40.9958218]]}},{"type":"Feature","properties":{"osm_id":1095773281,"name":"唐包线","gauge":"","electrified":""},"geometry":{"type":"LineString","coordinates":[[117.3308972,41.0359368],[117.3306209,41.036214],[117.3303674,41.0364598],[117.3300254,41.0367663],[117.3244759,41.0414639]]}},{"type":"Feature","properties":{"osm_id":937845225,"name":"前岗联络线","gauge":"","electrified":""},"geometry":{"type":"LineString","coordinates":[[112.2781106,32.0063238],[112.2799118,32.0077836],[112.2805327,32.0082729],[112.2838374,32.0108455],[112.2845997,32.011442]]}},{"type":"Feature","properties":{"osm_id":787847976,"name":"","gauge":"","electrified":""},"geometry":{"type":"LineString","coordinates":[[118.9261125,34.5629889],[118.9266416,34.5631857],[118.927038,34.5634028],[118.9273645,34.5635182],[118.9284775,34.5639354],[118.9290579,34.5640916],[118.9395613,34.5669529],[118.9398268,34.5670716],[118.9400268,34.5671785]]}},{"type":"Feature","properties":{"osm_id":407172153,"name":"","gauge":"","electrified":""},"geometry":{"type":"LineString","coordinates":[[121.2916228,31.2461297],[121.2915504,31.2462834],[121.2914565,31.2464726],[121.2913693,31.2466228],[121.2912821,31.246758],[121.291136,31.2469495],[121.2909603,31.247188],[121.290864,31.2473105]]}},{"type":"Feature","properties":{"osm_id":683327809,"name":"","gauge":"","electrified":""},"geometry":{"type":"LineString","coordinates":[[121.3149481,31.2768609],[121.3145106,31.2769442],[121.3144025,31.2769647],[121.3140913,31.2770426],[121.3136927,31.2771632],[121.3135465,31.2772055],[121.3132102,31.277309],[121.3129731,31.2773726],[121.3125266,31.2774957]]}},{"type":"Feature","properties":{"osm_id":683327812,"name":"","gauge":"","electrified":""},"geometry":{"type":"LineString","coordinates":[[121.3148881,31.276663],[121.3145502,31.2767272],[121.3143536,31.2767767],[121.3142042,31.2768284],[121.3141593,31.2768439],[121.3137708,31.2770334],[121.3134918,31.2771894]]}},{"type":"Feature","properties":{"osm_id":684109464,"name":"","gauge":"","electrified":""},"geometry":{"type":"LineString","coordinates":[[121.3213097,31.2755408],[121.3210694,31.2756298],[121.3208846,31.2756889],[121.3204832,31.2757769],[121.319926,31.2759343]]}},{"type":"Feature","properties":{"osm_id":684109480,"name":"","gauge":"","electrified":""},"geometry":{"type":"LineString","coordinates":[[121.2879845,31.2806347],[121.2880794,31.2806406],[121.2931054,31.2809935]]}},{"type":"Feature","properties":{"osm_id":684109487,"name":"","gauge":"","electrified":""},"geometry":{"type":"LineString","coordinates":[[121.2862894,31.2803807],[121.2864905,31.2804231],[121.2867065,31.2804598],[121.2868821,31.2804827],[121.2870659,31.2805011],[121.2872818,31.2805137],[121.2877841,31.2805498],[121.2879891,31.2805628]]}},{"type":"Feature","properties":{"osm_id":684109488,"name":"","gauge":"","electrified":""},"geometry":{"type":"LineString","coordinates":[[121.285944,31.2802701],[121.2861023,31.280324],[121.2862894,31.2803807],[121.2866334,31.2804822],[121.2868265,31.2805269],[121.2870196,31.2805567],[121.2872033,31.2805796],[121.28743,31.2805968],[121.287777,31.2806216],[121.2879845,31.2806347]]}},{"type":"Feature","properties":{"osm_id":684109491,"name":"","gauge":"","electrified":""},"geometry":{"type":"LineString","coordinates":[[121.2907153,31.2472354],[121.2878699,31.2508584]]}},{"type":"Feature","properties":{"osm_id":684109506,"name":"","gauge":"","electrified":""},"geometry":{"type":"LineString","coordinates":[[121.2927272,31.2468515],[121.2925408,31.2470051],[121.2923316,31.2471955],[121.2922109,31.2473181],[121.2920915,31.2474603],[121.2918425,31.2477767],[121.291782,31.2478448]]}},{"type":"Feature","properties":{"osm_id":684109509,"name":"","gauge":"","electrified":""},"geometry":{"type":"LineString","coordinates":[[121.2923864,31.2468129],[121.2922122,31.2469816],[121.2920472,31.2471192],[121.2918944,31.2472522],[121.291779,31.2473623],[121.2916731,31.2474792],[121.2915574,31.2476086],[121.2914998,31.247683]]}},{"type":"Feature","properties":{"osm_id":684109512,"name":"","gauge":"","electrified":""},"geometry":{"type":"LineString","coordinates":[[121.2880151,31.2509364],[121.2879213,31.2510558],[121.2874962,31.2515993],[121.2872722,31.2518618],[121.2870483,31.2521668],[121.2869571,31.2523273],[121.2868632,31.2525062]]}},{"type":"Feature","properties":{"osm_id":684109513,"name":"","gauge":"","electrified":""},"geometry":{"type":"LineString","coordinates":[[121.2872722,31.2518618],[121.2874586,31.2515729],[121.2876705,31.251268],[121.2878583,31.251018],[121.2879489,31.2509027]]}},{"type":"Feature","properties":{"osm_id":684109516,"name":"","gauge":"","electrified":""},"geometry":{"type":"LineString","coordinates":[[121.287721,31.2507648],[121.2876263,31.2508856],[121.2874211,31.2511659],[121.2873245,31.2513287],[121.2872561,31.2514743],[121.287173,31.2517002],[121.2870536,31.2520235],[121.2869396,31.2523147],[121.2868632,31.2525062],[121.2867747,31.2526862],[121.2866902,31.2528404]]}},{"type":"Feature","properties":{"osm_id":1096148262,"name":"","gauge":"","electrified":""},"geometry":{"type":"LineString","coordinates":[[117.3643998,40.9935491],[117.3658311,40.9927658],[117.3732627,40.9886583],[117.3748648,40.9877526],[117.3755679,40.9872963],[117.3759701,40.9870396]]}},{"type":"Feature","properties":{"osm_id":1096148263,"name":"","gauge":"","electrified":""},"geometry":{"type":"LineString","coordinates":[[117.3653662,40.992955],[117.3651814,40.9930568],[117.3645921,40.9933811]]}},{"type":"Feature","properties":{"osm_id":1096148271,"name":"","gauge":"","electrified":""},"geometry":{"type":"LineString","coordinates":[[117.3555698,41.0013826],[117.3557559,41.0011309],[117.3559758,41.00081],[117.3562024,41.0005001]]}},{"type":"Feature","properties":{"osm_id":1096148286,"name":"唐包线","gauge":"","electrified":""},"geometry":{"type":"LineString","coordinates":[[117.3244759,41.0414639],[117.3178185,41.0470647]]}},{"type":"Feature","properties":{"osm_id":1096148287,"name":"唐包线","gauge":"","electrified":""},"geometry":{"type":"LineString","coordinates":[[117.340824,41.0250016],[117.3403439,41.0258231],[117.3399523,41.0264565],[117.3396143,41.0269543],[117.339271,41.0274075],[117.3389612,41.0277458],[117.3313035,41.0355241],[117.3308972,41.0359368]]}},{"type":"Feature","properties":{"osm_id":208551663,"name":"港鐵東鐵綫 MTR East Rail Line","gauge":"","electrified":""},"geometry":{"type":"LineString","coordinates":[[114.1162778,22.5161994],[114.1162594,22.5160064],[114.1162048,22.5151738],[114.1161981,22.5150384],[114.1161922,22.5147425],[114.1161929,22.5145859],[114.1161989,22.5144257],[114.116211,22.5142061],[114.1162273,22.5140189],[114.1162401,22.5138926],[114.1162591,22.5137441],[114.1162852,22.5135658],[114.1163401,22.513277],[114.1164195,22.5129282],[114.11651,22.5126063],[114.1166101,22.5123029],[114.1167433,22.5119527],[114.1168685,22.5116649],[114.1170075,22.5113815],[114.1170929,22.5112205],[114.1171937,22.5110415],[114.117354,22.5107764],[114.117513,22.5105346],[114.1176827,22.5102972],[114.1178949,22.5100248],[114.1181214,22.5097603],[114.1182904,22.5095757],[114.1184541,22.5094083],[114.1185407,22.5093239],[114.1186458,22.5092251],[114.1189512,22.5089597],[114.1191963,22.5087465]]}},{"type":"Feature","properties":{"osm_id":1096148259,"name":"","gauge":"","electrified":""},"geometry":{"type":"LineString","coordinates":[[117.3575332,40.9994343],[117.3579213,40.9990071],[117.3587158,40.9981302]]}},{"type":"Feature","properties":{"osm_id":1096148261,"name":"","gauge":"","electrified":""},"geometry":{"type":"LineString","coordinates":[[117.3648795,40.9933631],[117.3640141,40.9938406]]}},{"type":"Feature","properties":{"osm_id":1264009500,"name":"京港高速线","gauge":"","electrified":""},"geometry":{"type":"LineString","coordinates":[[114.9551898,24.4088574],[114.9560474,24.4061592]]}},{"type":"Feature","properties":{"osm_id":907910457,"name":"京港高速线","gauge":"","electrified":""},"geometry":{"type":"LineString","coordinates":[[114.9560474,24.4061592],[114.9616349,24.3936595],[114.9631208,24.3912264],[114.9646604,24.3888373],[114.9664736,24.3861795],[114.9856567,24.3580047],[115.0077152,24.3310652],[115.0229501,24.3075227],[115.0292791,24.2978014],[115.0312165,24.2947006],[115.0332713,24.292024],[115.0350952,24.2898139],[115.0366616,24.2881613],[115.0380456,24.2867139],[115.039206,24.2855076],[115.0410555,24.283879]]}},{"type":"Feature","properties":{"osm_id":684091500,"name":"","gauge":"","electrified":""},"geometry":{"type":"LineString","coordinates":[[125.8187477,41.7857616],[125.820155,41.7856714],[125.8208421,41.7856927],[125.8216866,41.7858315],[125.8228603,41.7860183],[125.8273548,41.786792],[125.828457,41.7869628],[125.8291727,41.7870322],[125.8300744,41.7870268],[125.8315774,41.7870535],[125.8353562,41.7870429],[125.8375462,41.7870429],[125.8381688,41.7870909],[125.8388774,41.7871603],[125.8394428,41.7872563],[125.8401441,41.7874484],[125.8440303,41.7887291],[125.8444454,41.7888465],[125.8454975,41.7890653]]}},{"type":"Feature","properties":{"osm_id":684091501,"name":"","gauge":"","electrified":""},"geometry":{"type":"LineString","coordinates":[[125.8338461,41.7865146],[125.834619,41.7860876]]}},{"type":"Feature","properties":{"osm_id":684091503,"name":"","gauge":"","electrified":""},"geometry":{"type":"LineString","coordinates":[[125.8323288,41.7843052],[125.835349,41.7843853],[125.8364938,41.7845079]]}},{"type":"Feature","properties":{"osm_id":684091505,"name":"","gauge":"","electrified":""},"geometry":{"type":"LineString","coordinates":[[125.8386467,41.7845474],[125.8379327,41.7845561],[125.8364938,41.7845079],[125.8323503,41.7843693]]}},{"type":"Feature","properties":{"osm_id":684091506,"name":"","gauge":"","electrified":""},"geometry":{"type":"LineString","coordinates":[[125.8315774,41.7870535],[125.8322072,41.7870215],[125.8327081,41.7869468],[125.8331304,41.7868454],[125.8334954,41.7866907],[125.8338461,41.7865146]]}},{"type":"Feature","properties":{"osm_id":1359745296,"name":"","gauge":"","electrified":""},"geometry":{"type":"LineString","coordinates":[[121.7533283,39.20028],[121.7535243,39.201075]]}},{"type":"Feature","properties":{"osm_id":423529039,"name":"","gauge":"","electrified":""},"geometry":{"type":"LineString","coordinates":[[121.7535118,39.2021905],[121.7535033,39.2016623],[121.7534357,39.2011254],[121.7533559,39.200629],[121.7532986,39.20032],[121.7525175,39.1961031]]}},{"type":"Feature","properties":{"osm_id":1321551683,"name":"京广高速线","gauge":"","electrified":""},"geometry":{"type":"LineString","coordinates":[[112.8119038,26.2917664],[112.812184,26.2906986]]}},{"type":"Feature","properties":{"osm_id":1321551678,"name":"京广高速线","gauge":"","electrified":""},"geometry":{"type":"LineString","coordinates":[[112.8098981,26.2995855],[112.8102334,26.2983081]]}},{"type":"Feature","properties":{"osm_id":1321551679,"name":"京广高速线","gauge":"","electrified":""},"geometry":{"type":"LineString","coordinates":[[112.8098565,26.2995677],[112.8101879,26.298305]]}},{"type":"Feature","properties":{"osm_id":1321551680,"name":"京广高速线","gauge":"","electrified":""},"geometry":{"type":"LineString","coordinates":[[112.8113193,26.2941702],[112.8119472,26.2917776]]}},{"type":"Feature","properties":{"osm_id":1321551681,"name":"京广高速线","gauge":"","electrified":""},"geometry":{"type":"LineString","coordinates":[[112.8112767,26.2941559],[112.8119038,26.2917664]]}},{"type":"Feature","properties":{"osm_id":1321551682,"name":"京广高速线","gauge":"","electrified":""},"geometry":{"type":"LineString","coordinates":[[112.8119472,26.2917776],[112.8122304,26.2906982]]}},{"type":"Feature","properties":{"osm_id":423529025,"name":"","gauge":"","electrified":""},"geometry":{"type":"LineString","coordinates":[[121.7525992,39.1961009],[121.7533146,39.2001061],[121.7533283,39.20028],[121.7533559,39.200629]]}},{"type":"Feature","properties":{"osm_id":744151967,"name":"","gauge":"","electrified":""},"geometry":{"type":"LineString","coordinates":[[121.7011786,39.0633133],[121.7016634,39.0634786],[121.7026082,39.0637881],[121.7056337,39.0646211],[121.7071641,39.0650347]]}},{"type":"Feature","properties":{"osm_id":1359745297,"name":"","gauge":"","electrified":""},"geometry":{"type":"LineString","coordinates":[[121.7532986,39.20032],[121.7531611,39.1999738],[121.7530066,39.1994871],[121.7529882,39.1994303],[121.7528887,39.1991232],[121.7527952,39.1987924],[121.7526503,39.1980481],[121.7523511,39.1963842]]}},{"type":"Feature","properties":{"osm_id":1359745298,"name":"","gauge":"","electrified":""},"geometry":{"type":"LineString","coordinates":[[121.7530873,39.2003823],[121.753098,39.200083],[121.7530819,39.199898],[121.7530256,39.1996091],[121.7529882,39.1994303]]}},{"type":"Feature","properties":{"osm_id":1096086343,"name":"","gauge":"","electrified":""},"geometry":{"type":"LineString","coordinates":[[118.1880275,39.728198],[118.1818119,39.7352937],[118.1815648,39.7355391],[118.1811952,39.7358037]]}},{"type":"Feature","properties":{"osm_id":1096086345,"name":"","gauge":"","electrified":""},"geometry":{"type":"LineString","coordinates":[[118.1898469,39.7256223],[118.189637,39.7259142],[118.1894718,39.7261437]]}},{"type":"Feature","properties":{"osm_id":1096086347,"name":"","gauge":"","electrified":""},"geometry":{"type":"LineString","coordinates":[[118.1866586,39.7282],[118.1862059,39.7284232]]}},{"type":"Feature","properties":{"osm_id":1096086348,"name":"","gauge":"","electrified":""},"geometry":{"type":"LineString","coordinates":[[118.1858709,39.7287645],[118.1855392,39.7291212],[118.1833295,39.731647]]}},{"type":"Feature","properties":{"osm_id":1096086349,"name":"","gauge":"","electrified":""},"geometry":{"type":"LineString","coordinates":[[118.1863414,39.7283956],[118.1859409,39.728624]]}},{"type":"Feature","properties":{"osm_id":1096086353,"name":"唐遵线","gauge":"","electrified":""},"geometry":{"type":"LineString","coordinates":[[118.1805358,39.7362919],[118.1882686,39.7274375]]}},{"type":"Feature","properties":{"osm_id":1096086354,"name":"唐遵线","gauge":"","electrified":""},"geometry":{"type":"LineString","coordinates":[[118.1882686,39.7274375],[118.1885432,39.7271277],[118.1886675,39.7269829],[118.1887798,39.7268633],[118.1892477,39.7263278],[118.189416,39.7261189],[118.189637,39.7259142],[118.1899035,39.7256671]]}},{"type":"Feature","properties":{"osm_id":1096086355,"name":"","gauge":"","electrified":""},"geometry":{"type":"LineString","coordinates":[[118.1809183,39.7357535],[118.1800655,39.7367558]]}},{"type":"Feature","properties":{"osm_id":1096086357,"name":"","gauge":"","electrified":""},"geometry":{"type":"LineString","coordinates":[[118.1802937,39.7364096],[118.1805998,39.7360342],[118.1875008,39.7281484],[118.1878529,39.7277684]]}},{"type":"Feature","properties":{"osm_id":1096086358,"name":"","gauge":"","electrified":""},"geometry":{"type":"LineString","coordinates":[[118.1810906,39.7351626],[118.1865486,39.7289158],[118.1868008,39.7286662],[118.1874882,39.7280337]]}},{"type":"Feature","properties":{"osm_id":1096086361,"name":"","gauge":"","electrified":""},"geometry":{"type":"LineString","coordinates":[[118.1885432,39.7271277],[118.188039,39.7275957],[118.1878529,39.7277684],[118.187527,39.7280692],[118.1870736,39.7284794]]}},{"type":"Feature","properties":{"osm_id":1096086371,"name":"","gauge":"","electrified":""},"geometry":{"type":"LineString","coordinates":[[118.1799814,39.7362775],[118.180095,39.7361159],[118.1801215,39.7360782]]}},{"type":"Feature","properties":{"osm_id":1096086373,"name":"","gauge":"","electrified":""},"geometry":{"type":"LineString","coordinates":[[118.1799849,39.7369071],[118.1802484,39.7366642],[118.1805083,39.7364178]]}},{"type":"Feature","properties":{"osm_id":1096086375,"name":"贾联线","gauge":"","electrified":""},"geometry":{"type":"LineString","coordinates":[[118.180043,39.7369407],[118.1802484,39.7366642],[118.1804609,39.7363734]]}},{"type":"Feature","properties":{"osm_id":1096086376,"name":"","gauge":"","electrified":""},"geometry":{"type":"LineString","coordinates":[[118.1796969,39.7372429],[118.1794379,39.7375032],[118.179194,39.7377482]]}},{"type":"Feature","properties":{"osm_id":1096086380,"name":"","gauge":"","electrified":""},"geometry":{"type":"LineString","coordinates":[[118.1780033,39.7389927],[118.1758709,39.7415332],[118.1741392,39.7435521],[118.1722651,39.7455709]]}},{"type":"Feature","properties":{"osm_id":1096086394,"name":"","gauge":"","electrified":""},"geometry":{"type":"LineString","coordinates":[[118.1607342,39.7601839],[118.1611508,39.7595446],[118.1612541,39.7593896]]}},{"type":"Feature","properties":{"osm_id":1096086395,"name":"","gauge":"","electrified":""},"geometry":{"type":"LineString","coordinates":[[118.1685027,39.7500338],[118.1678992,39.7508298]]}},{"type":"Feature","properties":{"osm_id":1096086396,"name":"唐遵线","gauge":"","electrified":""},"geometry":{"type":"LineString","coordinates":[[118.160532,39.760408],[118.1610605,39.7594628],[118.1622264,39.7573439],[118.1625321,39.7568923],[118.1629077,39.7564242],[118.1658974,39.7530121],[118.1666896,39.7521282]]}},{"type":"Feature","properties":{"osm_id":1096086397,"name":"","gauge":"","electrified":""},"geometry":{"type":"LineString","coordinates":[[118.166886,39.7505967],[118.1668986,39.7470057]]}},{"type":"Feature","properties":{"osm_id":686297763,"name":"邯济线","gauge":"","electrified":""},"geometry":{"type":"LineString","coordinates":[[116.966133,36.7655216],[116.9606742,36.7682919],[116.9595373,36.7688737],[116.9583624,36.7694302],[116.9577724,36.7696666],[116.9566458,36.7701049],[116.9559618,36.770324],[116.9550258,36.7706119],[116.9540495,36.7708396],[116.9523022,36.7711625],[116.9506592,36.7713983],[116.9492188,36.7715809],[116.9477919,36.7717378]]}},{"type":"Feature","properties":{"osm_id":144734655,"name":"贾联线","gauge":"","electrified":""},"geometry":{"type":"LineString","coordinates":[[118.1910856,39.7596434],[118.1878136,39.7561637],[118.185758,39.7539985],[118.1854403,39.7536531],[118.1848803,39.7530548],[118.1844753,39.7525228],[118.1823778,39.7495409],[118.1820881,39.749013],[118.181887,39.7485634],[118.1817663,39.7481139],[118.1816483,39.7474973],[118.1815705,39.7470539],[118.1814685,39.7467177],[118.1812996,39.7463547],[118.1810635,39.7459897],[118.1807234,39.7456145],[118.1804366,39.7453517],[118.1801704,39.7451173],[118.1797929,39.7448115],[118.179421,39.7445034],[118.1789821,39.7441274],[118.1786281,39.7437789],[118.1783679,39.7434819],[118.1781909,39.7432344],[118.1779441,39.7428426],[118.1778562,39.7426545],[118.1777805,39.7424816],[118.1776893,39.7422032],[118.1776035,39.741834],[118.1775337,39.741438],[118.1775311,39.7410111],[118.177582,39.7406522],[118.1776464,39.7402686],[118.1777993,39.7398829],[118.1780165,39.7394189],[118.1782606,39.7390043],[118.1786138,39.7385781],[118.178773,39.7383942]]}},{"type":"Feature","properties":{"osm_id":91605861,"name":"唐遵铁路","gauge":"","electrified":""},"geometry":{"type":"LineString","coordinates":[[118.1899035,39.7256671],[118.1902357,39.7253994],[118.1903301,39.7253363],[118.1906283,39.7251262],[118.190985,39.7248209],[118.1913471,39.7244001],[118.1918085,39.7238947],[118.1919801,39.7237461],[118.192251,39.7235295],[118.1924148,39.7231362],[118.194019,39.7214019],[118.1964907,39.7186941],[118.1984135,39.7165649],[118.1990218,39.7158913],[118.1991879,39.7157073],[118.1999786,39.7148673],[118.2007471,39.7140323],[118.2017535,39.7129424],[118.2025408,39.7121159],[118.2036693,39.7109392],[118.2054827,39.7089304],[118.2058755,39.7084975],[118.2063652,39.7079822],[118.2066812,39.7077369],[118.2071781,39.7074477],[118.2075976,39.707228],[118.2079219,39.7070949],[118.2082445,39.7069948],[118.2085085,39.706939],[118.208819,39.7068811],[118.2094957,39.7068079],[118.2102185,39.7067957],[118.2116685,39.706894],[118.2121051,39.7069222],[118.212455,39.7069448],[118.2129951,39.7069386],[118.213591,39.7068504],[118.2141455,39.7066917],[118.2146096,39.7064874],[118.215086,39.706193],[118.2158298,39.705646],[118.2162663,39.7053283],[118.2181025,39.7036381],[118.2208949,39.7010378],[118.2216691,39.7002497],[118.2221668,39.6996681],[118.2228621,39.6987508]]}},{"type":"Feature","properties":{"osm_id":780527428,"name":"","gauge":"","electrified":""},"geometry":{"type":"LineString","coordinates":[[118.1801215,39.7360782],[118.1804104,39.7356939],[118.1862348,39.7290045]]}},{"type":"Feature","properties":{"osm_id":780527399,"name":"","gauge":"","electrified":""},"geometry":{"type":"LineString","coordinates":[[118.200292,39.7140868],[118.1981138,39.7164999],[118.1960195,39.7187974],[118.1939075,39.7211083],[118.1916665,39.723599],[118.1912919,39.7240207],[118.1903947,39.7250024],[118.1899344,39.7255298],[118.1898469,39.7256223],[118.189416,39.7261189]]}},{"type":"Feature","properties":{"osm_id":780527429,"name":"","gauge":"","electrified":""},"geometry":{"type":"LineString","coordinates":[[118.1801215,39.7360782],[118.1803085,39.7357619],[118.1804493,39.7355608],[118.1858379,39.729382],[118.1859881,39.7292376],[118.1862348,39.7290045]]}},{"type":"Feature","properties":{"osm_id":780527443,"name":"","gauge":"","electrified":""},"geometry":{"type":"LineString","coordinates":[[118.1859409,39.728624],[118.185508,39.7289281],[118.1852344,39.7291468],[118.1841967,39.7303006]]}},{"type":"Feature","properties":{"osm_id":780527446,"name":"","gauge":"","electrified":""},"geometry":{"type":"LineString","coordinates":[[118.1862059,39.7284232],[118.1848696,39.7291468],[118.1846014,39.7293118],[118.1843546,39.7295387],[118.1831717,39.7308218]]}},{"type":"Feature","properties":{"osm_id":780527450,"name":"","gauge":"","electrified":""},"geometry":{"type":"LineString","coordinates":[[118.1671062,39.7518395],[118.166829,39.7522754],[118.1666252,39.7525166],[118.1660766,39.7531185],[118.1652787,39.7540426],[118.1634468,39.7561067],[118.1631276,39.7565005],[118.1627306,39.7569645],[118.1624517,39.7573418],[118.1615894,39.7589223],[118.1612541,39.7593896]]}},{"type":"Feature","properties":{"osm_id":1093996946,"name":"唐包线","gauge":"","electrified":""},"geometry":{"type":"LineString","coordinates":[[116.6465994,41.1751986],[116.6470199,41.1754924]]}},{"type":"Feature","properties":{"osm_id":394252206,"name":"","gauge":"","electrified":""},"geometry":{"type":"LineString","coordinates":[[118.362759,39.6539109],[118.3627543,39.6544876],[118.3627628,39.655023],[118.3628665,39.6556186],[118.3630388,39.6561509],[118.3632418,39.6565643],[118.3634626,39.6569205],[118.3637497,39.6572825],[118.3641058,39.6576763],[118.3643883,39.6579076],[118.3645434,39.6580346],[118.3650805,39.6583974],[118.3655634,39.6586792],[118.3661468,39.6589311],[118.3666735,39.6591203],[118.3681558,39.6595808]]}},{"type":"Feature","properties":{"osm_id":1095954841,"name":"","gauge":"","electrified":""},"geometry":{"type":"LineString","coordinates":[[122.3192249,48.3039041],[122.31894,48.3036543]]}},{"type":"Feature","properties":{"osm_id":475881929,"name":"","gauge":"","electrified":""},"geometry":{"type":"LineString","coordinates":[[104.0331591,30.615503],[104.0332115,30.6154884],[104.0335044,30.6154067],[104.0340894,30.6153297],[104.0343031,30.6153075],[104.0348363,30.6152522],[104.034911,30.6152444],[104.0352881,30.6151888],[104.0362571,30.6150395],[104.036532,30.6149526],[104.0368619,30.6148139],[104.0372221,30.6146281],[104.0378254,30.6143199],[104.0393108,30.613561],[104.0395285,30.6134396],[104.0397168,30.6133319],[104.0399366,30.6131915],[104.0401282,30.6130624],[104.0403168,30.6129235],[104.0405836,30.6127019]]}},{"type":"Feature","properties":{"osm_id":721287292,"name":"南广铁路","gauge":"","electrified":""},"geometry":{"type":"LineString","coordinates":[[110.5945158,23.4103246],[110.5876922,23.4107401],[110.5797493,23.4109054],[110.5655908,23.4114884],[110.5599607,23.4121582],[110.5387602,23.4150856]]}},{"type":"Feature","properties":{"osm_id":1362314327,"name":"","gauge":"","electrified":""},"geometry":{"type":"LineString","coordinates":[[104.0348363,30.6152522],[104.0343759,30.6153827],[104.0329479,30.6161167],[104.0313871,30.616898]]}},{"type":"Feature","properties":{"osm_id":1341165987,"name":"南广铁路","gauge":"","electrified":""},"geometry":{"type":"LineString","coordinates":[[110.6627941,23.4026665],[110.6593448,23.4026345]]}},{"type":"Feature","properties":{"osm_id":1341165988,"name":"南广铁路","gauge":"","electrified":""},"geometry":{"type":"LineString","coordinates":[[110.6593379,23.4026882],[110.6627969,23.4027271]]}},{"type":"Feature","properties":{"osm_id":1341165993,"name":"南广铁路","gauge":"","electrified":""},"geometry":{"type":"LineString","coordinates":[[110.6503174,23.4017346],[110.6456138,23.4012207]]}},{"type":"Feature","properties":{"osm_id":1341165994,"name":"南广铁路","gauge":"","electrified":""},"geometry":{"type":"LineString","coordinates":[[110.6455957,23.4012978],[110.6502946,23.4018157]]}},{"type":"Feature","properties":{"osm_id":721287293,"name":"南广铁路","gauge":"","electrified":""},"geometry":{"type":"LineString","coordinates":[[110.5387829,23.4151439],[110.5599699,23.4122183],[110.5655965,23.4115489],[110.5797515,23.410966],[110.5876954,23.4108007],[110.5945309,23.4103849]]}},{"type":"Feature","properties":{"osm_id":1341165989,"name":"南广铁路","gauge":"","electrified":""},"geometry":{"type":"LineString","coordinates":[[110.6566969,23.4025213],[110.6593379,23.4026882]]}},{"type":"Feature","properties":{"osm_id":1341165990,"name":"南广铁路","gauge":"","electrified":""},"geometry":{"type":"LineString","coordinates":[[110.6593448,23.4026345],[110.6566609,23.4024276]]}},{"type":"Feature","properties":{"osm_id":1341165991,"name":"南广铁路","gauge":"","electrified":""},"geometry":{"type":"LineString","coordinates":[[110.6566609,23.4024276],[110.6503174,23.4017346]]}},{"type":"Feature","properties":{"osm_id":1341165992,"name":"南广铁路","gauge":"","electrified":""},"geometry":{"type":"LineString","coordinates":[[110.6502946,23.4018157],[110.6566969,23.4025213]]}},{"type":"Feature","properties":{"osm_id":1341166018,"name":"南广铁路","gauge":"","electrified":""},"geometry":{"type":"LineString","coordinates":[[110.5945309,23.4103849],[110.5957111,23.4102582]]}},{"type":"Feature","properties":{"osm_id":1341166019,"name":"南广铁路","gauge":"","electrified":""},"geometry":{"type":"LineString","coordinates":[[110.5957014,23.4102087],[110.5945158,23.4103246]]}},{"type":"Feature","properties":{"osm_id":1341165995,"name":"南广铁路","gauge":"","electrified":""},"geometry":{"type":"LineString","coordinates":[[110.6336015,23.4006957],[110.6349454,23.4006221],[110.6395176,23.4007438]]}},{"type":"Feature","properties":{"osm_id":1341165996,"name":"南广铁路","gauge":"","electrified":""},"geometry":{"type":"LineString","coordinates":[[110.6395242,23.4006641],[110.6349295,23.4005415],[110.6336022,23.4006198]]}},{"type":"Feature","properties":{"osm_id":1341165997,"name":"南广铁路","gauge":"","electrified":""},"geometry":{"type":"LineString","coordinates":[[110.6183964,23.4033183],[110.6163303,23.4040614]]}},{"type":"Feature","properties":{"osm_id":1341165998,"name":"南广铁路","gauge":"","electrified":""},"geometry":{"type":"LineString","coordinates":[[110.6163588,23.4041406],[110.6184476,23.4033797]]}},{"type":"Feature","properties":{"osm_id":1341166000,"name":"南广铁路","gauge":"","electrified":""},"geometry":{"type":"LineString","coordinates":[[110.6235029,23.4019565],[110.6232579,23.4020134],[110.6183964,23.4033183]]}},{"type":"Feature","properties":{"osm_id":1341166001,"name":"南广铁路","gauge":"","electrified":""},"geometry":{"type":"LineString","coordinates":[[110.6236899,23.4019163],[110.6235029,23.4019565]]}},{"type":"Feature","properties":{"osm_id":1341166002,"name":"南广铁路","gauge":"","electrified":""},"geometry":{"type":"LineString","coordinates":[[110.6184476,23.4033797],[110.6232892,23.4020726],[110.6235244,23.4020166]]}},{"type":"Feature","properties":{"osm_id":1341166003,"name":"南广铁路","gauge":"","electrified":""},"geometry":{"type":"LineString","coordinates":[[110.6235244,23.4020166],[110.6237175,23.4019735]]}},{"type":"Feature","properties":{"osm_id":1341166004,"name":"南广铁路","gauge":"","electrified":""},"geometry":{"type":"LineString","coordinates":[[110.6456138,23.4012207],[110.6405283,23.4007231]]}},{"type":"Feature","properties":{"osm_id":1341166005,"name":"南广铁路","gauge":"","electrified":""},"geometry":{"type":"LineString","coordinates":[[110.6405165,23.400798],[110.6455957,23.4012978]]}},{"type":"Feature","properties":{"osm_id":1341166006,"name":"南广铁路","gauge":"","electrified":""},"geometry":{"type":"LineString","coordinates":[[110.6405283,23.4007231],[110.6395242,23.4006641]]}},{"type":"Feature","properties":{"osm_id":1341166007,"name":"南广铁路","gauge":"","electrified":""},"geometry":{"type":"LineString","coordinates":[[110.6395176,23.4007438],[110.6405165,23.400798]]}},{"type":"Feature","properties":{"osm_id":1341166008,"name":"南广铁路","gauge":"","electrified":""},"geometry":{"type":"LineString","coordinates":[[110.6265789,23.4013594],[110.6236899,23.4019163]]}},{"type":"Feature","properties":{"osm_id":1341166009,"name":"南广铁路","gauge":"","electrified":""},"geometry":{"type":"LineString","coordinates":[[110.6237175,23.4019735],[110.6266073,23.4014338]]}},{"type":"Feature","properties":{"osm_id":1341166010,"name":"南广铁路","gauge":"","electrified":""},"geometry":{"type":"LineString","coordinates":[[110.6286662,23.4010637],[110.6265789,23.4013594]]}},{"type":"Feature","properties":{"osm_id":1341166011,"name":"南广铁路","gauge":"","electrified":""},"geometry":{"type":"LineString","coordinates":[[110.6266073,23.4014338],[110.6286591,23.4011234]]}},{"type":"Feature","properties":{"osm_id":1341166012,"name":"南广铁路","gauge":"","electrified":""},"geometry":{"type":"LineString","coordinates":[[110.6294422,23.4009834],[110.6286662,23.4010637]]}},{"type":"Feature","properties":{"osm_id":1341166013,"name":"南广铁路","gauge":"","electrified":""},"geometry":{"type":"LineString","coordinates":[[110.6286591,23.4011234],[110.6294552,23.401041]]}},{"type":"Feature","properties":{"osm_id":1341166014,"name":"南广铁路","gauge":"","electrified":""},"geometry":{"type":"LineString","coordinates":[[110.6294552,23.401041],[110.6321221,23.4007768],[110.6336015,23.4006957]]}},{"type":"Feature","properties":{"osm_id":1341166015,"name":"南广铁路","gauge":"","electrified":""},"geometry":{"type":"LineString","coordinates":[[110.6336022,23.4006198],[110.6320926,23.4007088],[110.6294422,23.4009834]]}},{"type":"Feature","properties":{"osm_id":1341166016,"name":"南广铁路","gauge":"","electrified":""},"geometry":{"type":"LineString","coordinates":[[110.6163303,23.4040614],[110.6113244,23.4059695],[110.6072746,23.4075015],[110.6032547,23.4087167],[110.5981392,23.4098308],[110.5957014,23.4102087]]}},{"type":"Feature","properties":{"osm_id":1341166017,"name":"南广铁路","gauge":"","electrified":""},"geometry":{"type":"LineString","coordinates":[[110.5957111,23.4102582],[110.5981437,23.4098867],[110.603272,23.4087901],[110.6073328,23.4075345],[110.6113558,23.4060262],[110.6163588,23.4041406]]}},{"type":"Feature","properties":{"osm_id":631440832,"name":"杭深线","gauge":"","electrified":""},"geometry":{"type":"LineString","coordinates":[[117.6118491,24.2791297],[117.6112619,24.277308],[117.6106944,24.275342],[117.6099719,24.2724913]]}},{"type":"Feature","properties":{"osm_id":778814513,"name":"","gauge":"","electrified":""},"geometry":{"type":"LineString","coordinates":[[118.4254398,39.6465276],[118.4258255,39.6463673],[118.4266562,39.6460945],[118.4281732,39.6455962],[118.428469,39.6455084],[118.4287617,39.6454349],[118.4291869,39.6453353],[118.4293711,39.6452953],[118.4297152,39.6452206],[118.4302514,39.6451042],[118.4312204,39.644894],[118.4400368,39.6429334],[118.4412019,39.6426946]]}},{"type":"Feature","properties":{"osm_id":778814515,"name":"","gauge":"","electrified":""},"geometry":{"type":"LineString","coordinates":[[118.4263889,39.6462217],[118.4266876,39.646157],[118.4268855,39.646132],[118.4270461,39.6461161],[118.4272177,39.646108],[118.4273512,39.646112],[118.4275123,39.6461292],[118.4276779,39.6461582],[118.4278967,39.6462073],[118.4281008,39.6462727],[118.4282796,39.6463349],[118.4283988,39.646384],[118.4285414,39.64645],[118.4286546,39.6465249],[118.4289806,39.6468096],[118.4291207,39.6469678],[118.4292118,39.6471062],[118.4293238,39.6472734],[118.4294032,39.647437],[118.429506,39.6476564],[118.4299263,39.6485319],[118.4301551,39.6489005]]}},{"type":"Feature","properties":{"osm_id":778814516,"name":"","gauge":"","electrified":""},"geometry":{"type":"LineString","coordinates":[[118.4269534,39.6461047],[118.4272383,39.6460598],[118.4274928,39.6460346],[118.4278081,39.6460292],[118.4281069,39.646049],[118.4283428,39.646076],[118.4285482,39.6461173],[118.4287677,39.6461856],[118.4289779,39.6462701],[118.4291834,39.646378],[118.4293795,39.6465111],[118.4295383,39.6466459],[118.429662,39.6467736],[118.4297648,39.646912],[118.4298769,39.6470828],[118.4299633,39.6472482],[118.4307245,39.6488987]]}},{"type":"Feature","properties":{"osm_id":1360085524,"name":"","gauge":"","electrified":""},"geometry":{"type":"LineString","coordinates":[[124.295328,43.1679878],[124.2958685,43.1679689],[124.2993605,43.167561],[124.2999601,43.1674903]]}},{"type":"Feature","properties":{"osm_id":217967149,"name":"","gauge":"","electrified":""},"geometry":{"type":"LineString","coordinates":[[124.0399142,43.2059143],[124.0454928,43.2063922],[124.0465328,43.2063988],[124.0470202,43.2064149],[124.0486367,43.2065189],[124.0519315,43.2067523],[124.0552105,43.207058],[124.0560107,43.2071326],[124.057322,43.2072548]]}},{"type":"Feature","properties":{"osm_id":804741799,"name":"","gauge":"","electrified":""},"geometry":{"type":"LineString","coordinates":[[124.2593595,43.1793926],[124.2603474,43.1790222],[124.2620932,43.1783599],[124.2625085,43.1782464],[124.2628115,43.1781721],[124.263128,43.1781349],[124.2637868,43.1781479],[124.2647803,43.1782993],[124.2655206,43.1787061],[124.2657041,43.1788528],[124.2659807,43.1791748],[124.2661965,43.1793946],[124.26658,43.1798484],[124.2670011,43.1804234],[124.2680298,43.1817103]]}},{"type":"Feature","properties":{"osm_id":217967148,"name":"","gauge":"","electrified":""},"geometry":{"type":"LineString","coordinates":[[124.0552105,43.207058],[124.0546243,43.2069285],[124.0543431,43.2068439],[124.0540517,43.2067597],[124.0537729,43.2066801],[124.0533995,43.2065234],[124.0528453,43.2063868],[124.0523305,43.2063089],[124.0514473,43.2063089],[124.0474934,43.2063119],[124.0465328,43.2063988]]}},{"type":"Feature","properties":{"osm_id":908352399,"name":"","gauge":"","electrified":""},"geometry":{"type":"LineString","coordinates":[[123.9149982,42.3630649],[123.9159322,42.3636394],[123.9176327,42.3652229],[123.9177765,42.365489]]}},{"type":"Feature","properties":{"osm_id":217967034,"name":"","gauge":"","electrified":""},"geometry":{"type":"LineString","coordinates":[[124.0529031,43.2058032],[124.0526573,43.2054324],[124.0525249,43.2052691],[124.0521148,43.2047888],[124.0517622,43.2044846],[124.0514084,43.2042442],[124.0505991,43.2038913],[124.0501538,43.203802],[124.0495526,43.2037317],[124.0484318,43.2037236],[124.0466059,43.2037885]]}},{"type":"Feature","properties":{"osm_id":96657301,"name":"平齐线","gauge":"","electrified":""},"geometry":{"type":"LineString","coordinates":[[124.2703059,43.175159],[124.2655313,43.1769399],[124.2639998,43.177534],[124.2635675,43.1777017],[124.2634472,43.1777452],[124.2627859,43.1779841],[124.2591993,43.1793477],[124.2554256,43.180796],[124.2511275,43.1824379],[124.2476219,43.1837533],[124.2468805,43.1840314],[124.2466292,43.1841257],[124.2464785,43.1841824],[124.2456554,43.1844918],[124.2451575,43.184679],[124.2292961,43.1906921],[124.2271847,43.1913671],[124.225143,43.1918592],[124.2230798,43.1922252],[124.1933985,43.1962669],[124.1226108,43.2058513],[124.1134225,43.2070419],[124.1053989,43.2081112],[124.0965161,43.2092727],[124.0924307,43.2097755],[124.0892734,43.2099739],[124.0877042,43.2099932],[124.0858515,43.2099519],[124.084494,43.2098858],[124.0808376,43.2095798],[124.0795529,43.209465],[124.0766904,43.2091576]]}},{"type":"Feature","properties":{"osm_id":1035768971,"name":"","gauge":"","electrified":""},"geometry":{"type":"LineString","coordinates":[[109.1568434,18.3787213],[109.1499322,18.3781655],[109.1495174,18.3781311],[109.1491061,18.378107],[109.1474145,18.37809],[109.147048,18.3780815],[109.1465741,18.3780753],[109.1459924,18.378062]]}},{"type":"Feature","properties":{"osm_id":1035768972,"name":"","gauge":"","electrified":""},"geometry":{"type":"LineString","coordinates":[[109.147048,18.3780815],[109.1467547,18.378051],[109.1464561,18.3780162],[109.1461271,18.3780043]]}},{"type":"Feature","properties":{"osm_id":1035768973,"name":"","gauge":"","electrified":""},"geometry":{"type":"LineString","coordinates":[[109.1483381,18.3781638],[109.1479143,18.378146],[109.1477498,18.3781282],[109.1475665,18.3780993],[109.1474145,18.37809]]}},{"type":"Feature","properties":{"osm_id":95210079,"name":"昌八支线","gauge":"","electrified":""},"geometry":{"type":"LineString","coordinates":[[108.6276933,19.1017718],[108.6279812,19.1016366],[108.6282739,19.1015526],[108.6285823,19.1015098],[108.6289698,19.101542],[108.6293134,19.1016202],[108.6296222,19.101733],[108.6299631,19.101888],[108.6313575,19.1025463],[108.6332607,19.1034448],[108.6336369,19.1036329],[108.6345067,19.1040721],[108.6349738,19.1042962],[108.6353353,19.104474],[108.6405397,19.1069977],[108.6412892,19.1073569],[108.6414303,19.1074203],[108.6414878,19.107452],[108.6416724,19.1075459],[108.6421573,19.1077769],[108.6426525,19.1080208],[108.6432458,19.1082737],[108.6434121,19.1083359],[108.6439526,19.1085382],[108.6447516,19.108789],[108.6460397,19.1090884],[108.6467839,19.1092908],[108.6474402,19.1095144],[108.6483052,19.1098844],[108.657496,19.1140632],[108.6576589,19.1141437],[108.6661397,19.1179567],[108.6661837,19.1179748],[108.6662352,19.1179959],[108.676155,19.1224742],[108.6857428,19.1268146],[108.686805,19.1272688],[108.6878458,19.127608],[108.6892416,19.1280683],[108.6893261,19.1280967],[108.6894617,19.1281423],[108.6895613,19.1281778],[108.7017238,19.1321538],[108.7048475,19.1332273],[108.7054325,19.1334569],[108.7059054,19.1337175],[108.7063001,19.1339996],[108.7067911,19.1343487]]}},{"type":"Feature","properties":{"osm_id":159051618,"name":"海南西环线","gauge":"","electrified":""},"geometry":{"type":"LineString","coordinates":[[109.1778672,18.327683],[109.1773041,18.3287789],[109.1768669,18.3297638],[109.1765203,18.3307863],[109.1762395,18.331952],[109.1760666,18.3331669],[109.1759943,18.3342391],[109.176009,18.3355086],[109.176119,18.3365485],[109.1763952,18.3379535],[109.1791359,18.3499021],[109.1795364,18.3514695],[109.1800038,18.3527912],[109.1804306,18.3536644],[109.1809864,18.3546912],[109.1826,18.357263],[109.1833617,18.3584824],[109.1837664,18.359283],[109.1838108,18.3593872],[109.1842192,18.3603448],[109.184627,18.3615972],[109.1849269,18.3629755],[109.1850773,18.3643444],[109.1851184,18.3657386],[109.1850043,18.3670363],[109.1848276,18.3680225],[109.1845371,18.3691977],[109.1841431,18.3703124],[109.1837456,18.3712365],[109.1833242,18.3720407],[109.1831526,18.3723236]]}},{"type":"Feature","properties":{"osm_id":1363091637,"name":"","gauge":"","electrified":""},"geometry":{"type":"LineString","coordinates":[[109.166494,18.3795932],[109.1693162,18.3797891],[109.169954,18.3798388],[109.1706781,18.3798564],[109.172653,18.379909],[109.1746341,18.3799763],[109.1747899,18.3799763]]}},{"type":"Feature","properties":{"osm_id":1363091638,"name":"","gauge":"","electrified":""},"geometry":{"type":"LineString","coordinates":[[109.1842897,18.3610144],[109.1840742,18.3602427],[109.1838108,18.3593872]]}},{"type":"Feature","properties":{"osm_id":1363091639,"name":"","gauge":"","electrified":""},"geometry":{"type":"LineString","coordinates":[[109.1844228,18.3698624],[109.1846694,18.3691991],[109.1849564,18.3681949],[109.185058,18.3676702],[109.1851353,18.3670374],[109.18518,18.3663583],[109.18518,18.3657564],[109.1851475,18.3650388],[109.1850011,18.3641706],[109.1846759,18.3626813],[109.1842897,18.3610144]]}},{"type":"Feature","properties":{"osm_id":1363091640,"name":"","gauge":"","electrified":""},"geometry":{"type":"LineString","coordinates":[[109.1836597,18.3719105],[109.1836955,18.3718185],[109.1844228,18.3698624]]}},{"type":"Feature","properties":{"osm_id":1363091641,"name":"","gauge":"","electrified":""},"geometry":{"type":"LineString","coordinates":[[109.1832891,18.3728646],[109.1836597,18.3719105]]}},{"type":"Feature","properties":{"osm_id":1363091642,"name":"","gauge":"","electrified":""},"geometry":{"type":"LineString","coordinates":[[109.1802663,18.3781839],[109.1808086,18.3776576],[109.1812984,18.3771489],[109.1816035,18.3767366],[109.1818993,18.3762512],[109.1821365,18.3757717],[109.1824446,18.3750758],[109.1830208,18.3735553],[109.1832891,18.3728646]]}},{"type":"Feature","properties":{"osm_id":1363091643,"name":"","gauge":"","electrified":""},"geometry":{"type":"LineString","coordinates":[[109.1747899,18.3799763],[109.175466,18.3799763],[109.1759343,18.3799558],[109.1762948,18.3799207],[109.176683,18.3798593],[109.177025,18.3797862],[109.1773639,18.3797131],[109.1778076,18.3795669],[109.1782451,18.3794061],[109.1785871,18.3792511],[109.1790216,18.3790406],[109.1794221,18.3788009],[109.1798011,18.3785319],[109.1802663,18.3781839]]}},{"type":"Feature","properties":{"osm_id":1363091648,"name":"","gauge":"","electrified":""},"geometry":{"type":"LineString","coordinates":[[108.6302413,19.1023454],[108.6304506,19.1023626],[108.6307352,19.1024376],[108.6310556,19.1025485],[108.6311592,19.1025842],[108.631341,19.1026469],[108.631837,19.1028275]]}},{"type":"Feature","properties":{"osm_id":1363091649,"name":"","gauge":"","electrified":""},"geometry":{"type":"LineString","coordinates":[[108.6303958,19.102912],[108.6305462,19.102766],[108.6306885,19.1026892],[108.6308511,19.1026181],[108.6309893,19.1025989]]}},{"type":"Feature","properties":{"osm_id":217967035,"name":"平齐线","gauge":"","electrified":""},"geometry":{"type":"LineString","coordinates":[[124.0756493,43.2090775],[124.0662981,43.20826],[124.0627861,43.2079919],[124.0609894,43.2078469],[124.0601116,43.2077537],[124.0597824,43.2077306],[124.0560649,43.2074158],[124.0553247,43.2073596],[124.0493955,43.2068683],[124.048456,43.206779],[124.0445921,43.2064354],[124.0437351,43.2063634],[124.0419192,43.2062179],[124.0400436,43.2060411],[124.0322946,43.2053806],[124.0319968,43.2052932],[124.024409,43.2045784]]}},{"type":"Feature","properties":{"osm_id":217967137,"name":"","gauge":"","electrified":""},"geometry":{"type":"LineString","coordinates":[[124.0540517,43.2067597],[124.0536238,43.2065333],[124.0533232,43.2063128],[124.0532253,43.2061987],[124.0529031,43.2058032],[124.0528073,43.2055404],[124.0527263,43.2053068],[124.0524533,43.2032867]]}},{"type":"Feature","properties":{"osm_id":217967082,"name":"","gauge":"","electrified":""},"geometry":{"type":"LineString","coordinates":[[124.0486367,43.2065189],[124.0524823,43.2064695],[124.0528771,43.2064927],[124.0531257,43.2065321],[124.0533036,43.2065608],[124.0537729,43.2066801]]}},{"type":"Feature","properties":{"osm_id":1040675442,"name":"金台铁路头门港支线","gauge":"","electrified":""},"geometry":{"type":"LineString","coordinates":[[121.6685022,28.753554],[121.6673897,28.7534956],[121.6664864,28.7534814],[121.665719,28.753554],[121.6655828,28.7535714],[121.6651792,28.7536231],[121.6636405,28.7538105],[121.6622331,28.7539803],[121.6617424,28.7540395],[121.6515818,28.7559928],[121.6510296,28.756099],[121.6502913,28.7562479]]}},{"type":"Feature","properties":{"osm_id":1353871889,"name":"","gauge":"","electrified":""},"geometry":{"type":"LineString","coordinates":[[121.6584386,28.7557052],[121.6618549,28.7550569],[121.6621704,28.75495],[121.6625303,28.7547976],[121.6628753,28.7545901],[121.6633782,28.7543049],[121.6635853,28.7541914],[121.663812,28.7540672],[121.6640228,28.7539584],[121.6641601,28.753905],[121.6645627,28.7537733],[121.664841,28.7537144],[121.6652034,28.7536407],[121.6655828,28.7535714]]}},{"type":"Feature","properties":{"osm_id":1353871890,"name":"","gauge":"","electrified":""},"geometry":{"type":"LineString","coordinates":[[121.6635853,28.7541914],[121.6633426,28.7543553],[121.6631442,28.7545122],[121.6629459,28.7547004],[121.662832,28.7548458],[121.6627101,28.7550012],[121.6625702,28.7551366],[121.6624011,28.7552834],[121.6621702,28.7554445],[121.6619165,28.7555857],[121.6616872,28.7556726],[121.661466,28.7557454],[121.6612172,28.7558052],[121.6597358,28.7560875]]}},{"type":"Feature","properties":{"osm_id":1344743186,"name":"","gauge":"","electrified":""},"geometry":{"type":"LineString","coordinates":[[114.1316454,39.3948504],[114.1310895,39.3945222]]}},{"type":"Feature","properties":{"osm_id":1344743188,"name":"","gauge":"","electrified":""},"geometry":{"type":"LineString","coordinates":[[114.1198049,39.3888975],[114.1201289,39.3891221],[114.1206848,39.3894127],[114.1214217,39.3898041],[114.1215512,39.3898651]]}},{"type":"Feature","properties":{"osm_id":1344743189,"name":"","gauge":"","electrified":""},"geometry":{"type":"LineString","coordinates":[[114.1215512,39.3898651],[114.1222191,39.3901784],[114.1233456,39.3907318],[114.1241774,39.3911709],[114.1251572,39.3916424],[114.1258659,39.3919881],[114.1273226,39.3927377],[114.1283233,39.3932406],[114.1295434,39.3938339],[114.1301781,39.3941511],[114.130554,39.3943463]]}},{"type":"Feature","properties":{"osm_id":1344743190,"name":"","gauge":"","electrified":""},"geometry":{"type":"LineString","coordinates":[[114.130554,39.3943463],[114.1309841,39.3945835]]}},{"type":"Feature","properties":{"osm_id":1344743191,"name":"","gauge":"","electrified":""},"geometry":{"type":"LineString","coordinates":[[114.1301781,39.3941511],[114.1309616,39.3945125]]}},{"type":"Feature","properties":{"osm_id":302721825,"name":"京原线","gauge":"","electrified":""},"geometry":{"type":"LineString","coordinates":[[114.1386998,39.3988615],[114.1385125,39.3986759],[114.136845,39.397636],[114.135789,39.39699],[114.1329181,39.3954793],[114.1316454,39.3948504],[114.1309616,39.3945125],[114.1305146,39.394279],[114.1277641,39.3929025],[114.1271368,39.3925978],[114.1263828,39.3922115],[114.1258484,39.3919252],[114.1251352,39.3915831],[114.1244608,39.3912634],[114.1239331,39.3910036],[114.1230661,39.3905444],[114.1224385,39.390236],[114.1219728,39.3900133],[114.1213773,39.3897238],[114.1207353,39.3893931],[114.1201055,39.3890576],[114.1198049,39.3888975],[114.1174316,39.3876297],[114.1153604,39.3863463],[114.1125838,39.3846257],[114.1113765,39.3838876],[114.1093166,39.3825417],[114.107983,39.381605],[114.1075589,39.3814017],[114.107358,39.381266],[114.106908,39.380939],[114.105923,39.38033],[114.105768,39.380283],[114.104318,39.379326],[114.101906,39.37798],[114.10081,39.37724],[114.099498,39.376201],[114.095436,39.372133],[114.094316,39.371151],[114.09305,39.370399],[114.092043,39.369985],[114.091479,39.36981],[114.090233,39.369534],[114.086108,39.368786],[114.081526,39.368028],[114.079556,39.367808],[114.0784041,39.3674973],[114.0773055,39.367369],[114.07189,39.367686],[114.070383,39.367741],[114.068076,39.367751],[114.067423,39.367798],[114.065476,39.368361],[114.063613,39.369126],[114.061469,39.369858],[114.059899,39.370195],[114.057738,39.370419],[114.052141,39.370478],[114.0472985,39.3704926],[114.0451603,39.3705248],[114.0444204,39.3705568],[114.04354,39.370569],[114.042225,39.370568],[114.0396254,39.3706232],[114.0380005,39.3705875],[114.0364106,39.3704744],[114.03413,39.370333],[114.0329635,39.3702448],[114.0322126,39.3701911],[114.0310501,39.3701081],[114.0306972,39.370086],[114.0294578,39.3700671],[114.028441,39.3699487],[114.0271501,39.36976],[114.0264419,39.3695859],[114.0222867,39.3684235],[114.0207031,39.3681261]]}},{"type":"Feature","properties":{"osm_id":302721838,"name":"","gauge":"","electrified":""},"geometry":{"type":"LineString","coordinates":[[114.0208495,39.3699964],[114.0215421,39.3695938],[114.0220141,39.3693823],[114.0226466,39.3692085],[114.0230646,39.3691327],[114.0238112,39.3691583],[114.0245461,39.3692828],[114.025383,39.369486],[114.0267348,39.3698799],[114.0275878,39.3700666],[114.0282208,39.3701412],[114.0291059,39.3701578],[114.0300116,39.3701478],[114.0304779,39.3701599],[114.0310364,39.3701989]]}},{"type":"Feature","properties":{"osm_id":1344743176,"name":"","gauge":"","electrified":""},"geometry":{"type":"LineString","coordinates":[[114.0300116,39.3701478],[114.0305937,39.3701366],[114.0312604,39.3701769],[114.0315277,39.3701931],[114.0319922,39.3702244],[114.0327317,39.3702646],[114.0339235,39.3703642],[114.0350237,39.3704437],[114.0356495,39.3704697],[114.0364434,39.3705188],[114.0371551,39.3705794],[114.0383712,39.3706531],[114.0391744,39.3706603],[114.0403755,39.3706487],[114.0413693,39.3706271],[114.0423201,39.370617],[114.0431576,39.3706097],[114.0434801,39.3706068],[114.0440555,39.3706054],[114.0447597,39.3705823],[114.0451603,39.3705248]]}},{"type":"Feature","properties":{"osm_id":1344743177,"name":"","gauge":"","electrified":""},"geometry":{"type":"LineString","coordinates":[[114.0315277,39.3701931],[114.0321772,39.3702765],[114.0332857,39.3703596],[114.0344938,39.3704704],[114.0360237,39.3705384],[114.0371181,39.3706313],[114.03853,39.3707076],[114.0395407,39.3707076],[114.0405856,39.3706893],[114.0416478,39.3706728],[114.0425325,39.3706579],[114.0431576,39.3706097]]}},{"type":"Feature","properties":{"osm_id":1344743178,"name":"","gauge":"","electrified":""},"geometry":{"type":"LineString","coordinates":[[114.0447597,39.3705823],[114.0443369,39.3706378]]}},{"type":"Feature","properties":{"osm_id":1344743179,"name":"","gauge":"","electrified":""},"geometry":{"type":"LineString","coordinates":[[114.0443369,39.3706378],[114.0438157,39.3706562],[114.0433246,39.3706587],[114.042692,39.3707379],[114.0422042,39.3707907],[114.0411488,39.3708158]]}},{"type":"Feature","properties":{"osm_id":1344743180,"name":"","gauge":"","electrified":""},"geometry":{"type":"LineString","coordinates":[[114.0306972,39.370086],[114.0312604,39.3701769]]}},{"type":"Feature","properties":{"osm_id":1344743181,"name":"","gauge":"","electrified":""},"geometry":{"type":"LineString","coordinates":[[114.0322126,39.3701911],[114.0330643,39.370196],[114.0342671,39.3702656],[114.034961,39.3703218],[114.0357423,39.3703637],[114.0367344,39.3704447],[114.0377549,39.3705057],[114.0387951,39.3705495],[114.0396035,39.3705485],[114.0416925,39.3705133],[114.0425354,39.370498],[114.0431369,39.3705362],[114.04354,39.370569]]}},{"type":"Feature","properties":{"osm_id":1344743182,"name":"","gauge":"","electrified":""},"geometry":{"type":"LineString","coordinates":[[114.133603,39.3948394],[114.1344099,39.3945298],[114.134904,39.3943394],[114.1357095,39.3940035],[114.136583,39.3936742]]}},{"type":"Feature","properties":{"osm_id":1344743183,"name":"","gauge":"","electrified":""},"geometry":{"type":"LineString","coordinates":[[114.134904,39.3943394],[114.135483,39.3941425],[114.1361314,39.3939062],[114.1366184,39.3937202]]}},{"type":"Feature","properties":{"osm_id":1344743184,"name":"","gauge":"","electrified":""},"geometry":{"type":"LineString","coordinates":[[114.133603,39.3948394],[114.1332359,39.394928],[114.1326505,39.3949699],[114.1322426,39.3949118],[114.1317928,39.3948137],[114.1313627,39.3946375]]}},{"type":"Feature","properties":{"osm_id":1344743185,"name":"","gauge":"","electrified":""},"geometry":{"type":"LineString","coordinates":[[114.1201055,39.3890576],[114.120725,39.3893219],[114.1212715,39.3896162],[114.1218703,39.3899073],[114.12269,39.3903154],[114.1232761,39.3906141],[114.1238834,39.3909324],[114.124478,39.3912311],[114.1251674,39.3915539],[114.1259064,39.3919193],[114.1265336,39.3922519],[114.127349,39.3926654],[114.1282324,39.3930943],[114.1289742,39.3934619],[114.1295306,39.3937442],[114.1300968,39.3940133],[114.1306914,39.3943185],[114.1310895,39.3945222],[114.1311105,39.394533],[114.1313627,39.3946375]]}},{"type":"Feature","properties":{"osm_id":1344743187,"name":"","gauge":"","electrified":""},"geometry":{"type":"LineString","coordinates":[[114.1306914,39.3943185],[114.1301497,39.3939739],[114.1296445,39.393733],[114.1288939,39.3933739],[114.1283862,39.3931272],[114.127468,39.392672],[114.1268321,39.3923567],[114.1261395,39.3919929],[114.1252644,39.3915528],[114.1245225,39.3911995],[114.1226271,39.3902308],[114.1219985,39.3899213],[114.1214378,39.3896489],[114.1211334,39.389505],[114.1208327,39.3893641],[114.120725,39.3893219]]}},{"type":"Feature","properties":{"osm_id":742514794,"name":"","gauge":"","electrified":""},"geometry":{"type":"LineString","coordinates":[[124.2634036,43.1776464],[124.2636607,43.1775562],[124.2640121,43.1773822],[124.2642749,43.1771885],[124.2645378,43.1769597],[124.2648302,43.1766487],[124.2676344,43.1736819],[124.2680289,43.1733721],[124.2691323,43.1725587],[124.2704793,43.1716404],[124.2715718,43.1712475],[124.2801065,43.1693552],[124.2832852,43.1686415],[124.2837869,43.1685162],[124.2844194,43.1684425],[124.2854054,43.1684261],[124.2881861,43.16873],[124.2904696,43.168564],[124.2940936,43.1681336],[124.295081,43.1680185],[124.295328,43.1679878],[124.2993549,43.1675221],[124.2999495,43.1674502]]}},{"type":"Feature","properties":{"osm_id":1094066784,"name":"平齐线","gauge":"","electrified":""},"geometry":{"type":"LineString","coordinates":[[124.0243953,43.2045257],[124.031983,43.2052405],[124.0419313,43.2061568],[124.0454574,43.2064442],[124.0461914,43.2065054],[124.0469172,43.2065807],[124.0477432,43.2066515],[124.0483737,43.2067052],[124.0493988,43.2068081],[124.0552183,43.2073113],[124.056064,43.2073748],[124.0596492,43.2076602],[124.0602731,43.2077211],[124.0627778,43.2079084],[124.0662844,43.2082073],[124.0756353,43.2090247]]}},{"type":"Feature","properties":{"osm_id":1094066786,"name":"平齐线","gauge":"","electrified":""},"geometry":{"type":"LineString","coordinates":[[124.0766767,43.2091049],[124.0795146,43.20941],[124.0808237,43.2095271],[124.0844796,43.209833],[124.0858363,43.2098991],[124.0876882,43.2099404],[124.0892563,43.2099211],[124.0924122,43.2097228],[124.0964968,43.2092201],[124.1053794,43.2080586],[124.1134031,43.2069893],[124.1225913,43.2057987],[124.1933824,43.1962138],[124.2230597,43.1921726],[124.2251217,43.1918069],[124.2271618,43.1913151],[124.2292718,43.1906406],[124.2451712,43.184621],[124.2466222,43.1840716],[124.2480367,43.1835367],[124.2487906,43.1832516],[124.2511089,43.182375],[124.2554323,43.1807386],[124.2591776,43.1793005],[124.2621334,43.1781734],[124.2627096,43.1779606],[124.2633935,43.1777082],[124.2638623,43.1775329],[124.2639511,43.1774982],[124.2654568,43.1769086],[124.2702819,43.1751074]]}},{"type":"Feature","properties":{"osm_id":1360085480,"name":"","gauge":"","electrified":""},"geometry":{"type":"LineString","coordinates":[[124.2451712,43.184621],[124.2456554,43.1844918]]}},{"type":"Feature","properties":{"osm_id":1360085481,"name":"","gauge":"","electrified":""},"geometry":{"type":"LineString","coordinates":[[124.2428495,43.1856141],[124.2465071,43.1842262],[124.2469189,43.18407],[124.2553432,43.1808733],[124.259798,43.1791755],[124.2616196,43.1784812],[124.2622107,43.1782582],[124.2627859,43.1779841]]}},{"type":"Feature","properties":{"osm_id":1360085482,"name":"","gauge":"","electrified":""},"geometry":{"type":"LineString","coordinates":[[124.2476219,43.1837533],[124.2480367,43.1835367]]}},{"type":"Feature","properties":{"osm_id":1360085483,"name":"","gauge":"","electrified":""},"geometry":{"type":"LineString","coordinates":[[124.2465071,43.1842262],[124.2467037,43.1841237],[124.2468805,43.1840314]]}},{"type":"Feature","properties":{"osm_id":1360085484,"name":"","gauge":"","electrified":""},"geometry":{"type":"LineString","coordinates":[[124.2464785,43.1841824],[124.2467037,43.1841237],[124.2469189,43.18407]]}},{"type":"Feature","properties":{"osm_id":1360085485,"name":"","gauge":"","electrified":""},"geometry":{"type":"LineString","coordinates":[[124.2487906,43.1832516],[124.2494225,43.1829414],[124.2496274,43.1828408],[124.2505126,43.1824673],[124.2540155,43.1811315],[124.2568721,43.1800479],[124.2609168,43.178493],[124.2618345,43.1782449],[124.2621408,43.1781247],[124.2626774,43.1779214],[124.2634036,43.1776464]]}},{"type":"Feature","properties":{"osm_id":1360085486,"name":"","gauge":"","electrified":""},"geometry":{"type":"LineString","coordinates":[[124.2494225,43.1829414],[124.2550643,43.1808224],[124.2591278,43.1792558],[124.2618345,43.1782449]]}},{"type":"Feature","properties":{"osm_id":1360085487,"name":"","gauge":"","electrified":""},"geometry":{"type":"LineString","coordinates":[[124.259798,43.1791755],[124.2603474,43.1790222]]}},{"type":"Feature","properties":{"osm_id":1360085488,"name":"","gauge":"","electrified":""},"geometry":{"type":"LineString","coordinates":[[124.2634472,43.1777452],[124.2636999,43.1776213],[124.2639511,43.1774982]]}},{"type":"Feature","properties":{"osm_id":1360085489,"name":"","gauge":"","electrified":""},"geometry":{"type":"LineString","coordinates":[[124.2633935,43.1777082],[124.2636999,43.1776213],[124.2639998,43.177534]]}},{"type":"Feature","properties":{"osm_id":1360085490,"name":"","gauge":"","electrified":""},"geometry":{"type":"LineString","coordinates":[[124.2623196,43.1779983],[124.2628856,43.177789],[124.2634036,43.1776464]]}},{"type":"Feature","properties":{"osm_id":1360085491,"name":"","gauge":"","electrified":""},"geometry":{"type":"LineString","coordinates":[[124.2621408,43.1781247],[124.2623949,43.1780514],[124.2627096,43.1779606]]}},{"type":"Feature","properties":{"osm_id":1360085492,"name":"","gauge":"","electrified":""},"geometry":{"type":"LineString","coordinates":[[124.2621334,43.1781734],[124.2623949,43.1780514],[124.2626774,43.1779214]]}},{"type":"Feature","properties":{"osm_id":1360085538,"name":"","gauge":"","electrified":""},"geometry":{"type":"LineString","coordinates":[[124.0461914,43.2065054],[124.0466192,43.2065106],[124.0470264,43.2065177],[124.048635,43.2065553],[124.0492799,43.2066156],[124.0565173,43.2072351],[124.0579873,43.207361]]}},{"type":"Feature","properties":{"osm_id":1360085539,"name":"","gauge":"","electrified":""},"geometry":{"type":"LineString","coordinates":[[124.0462118,43.2064438],[124.0466192,43.2065106],[124.0469172,43.2065807]]}},{"type":"Feature","properties":{"osm_id":1360085540,"name":"","gauge":"","electrified":""},"geometry":{"type":"LineString","coordinates":[[124.0445921,43.2064354],[124.0454574,43.2064442]]}},{"type":"Feature","properties":{"osm_id":1360085541,"name":"","gauge":"","electrified":""},"geometry":{"type":"LineString","coordinates":[[124.0477432,43.2066515],[124.048456,43.206779]]}},{"type":"Feature","properties":{"osm_id":1360085542,"name":"","gauge":"","electrified":""},"geometry":{"type":"LineString","coordinates":[[124.0483737,43.2067052],[124.0489448,43.2067182],[124.0524715,43.2070203],[124.0559264,43.2073273],[124.059446,43.2075984]]}},{"type":"Feature","properties":{"osm_id":1360085543,"name":"","gauge":"","electrified":""},"geometry":{"type":"LineString","coordinates":[[124.0493955,43.2068683],[124.0502081,43.2069958],[124.0594286,43.2077629],[124.0600354,43.2078014],[124.0609894,43.2078469]]}},{"type":"Feature","properties":{"osm_id":1360085544,"name":"","gauge":"","electrified":""},"geometry":{"type":"LineString","coordinates":[[124.0502081,43.2069958],[124.048572,43.2068707],[124.0475849,43.2068355]]}},{"type":"Feature","properties":{"osm_id":1360085545,"name":"","gauge":"","electrified":""},"geometry":{"type":"LineString","coordinates":[[124.0579598,43.2073581],[124.0579873,43.207361],[124.058788,43.2074446],[124.059446,43.2075984],[124.0596492,43.2076602],[124.0601116,43.2077537]]}},{"type":"Feature","properties":{"osm_id":1360085546,"name":"","gauge":"","electrified":""},"geometry":{"type":"LineString","coordinates":[[124.0560107,43.2071326],[124.0565173,43.2072351]]}},{"type":"Feature","properties":{"osm_id":1360085537,"name":"","gauge":"","electrified":""},"geometry":{"type":"LineString","coordinates":[[124.0454928,43.2063922],[124.0462118,43.2064438],[124.0470264,43.2065177]]}},{"type":"Feature","properties":{"osm_id":592133135,"name":"石长线","gauge":"","electrified":""},"geometry":{"type":"LineString","coordinates":[[112.2228357,28.5531204],[112.2230834,28.5529138],[112.2238129,28.5522589],[112.2251648,28.5509301],[112.2259963,28.5501573],[112.2268331,28.5493751],[112.2276645,28.5487908]]}},{"type":"Feature","properties":{"osm_id":592133228,"name":"石长线","gauge":"","electrified":""},"geometry":{"type":"LineString","coordinates":[[112.3200828,28.5433481],[112.3209477,28.5432398]]}},{"type":"Feature","properties":{"osm_id":609426917,"name":"石长线","gauge":"","electrified":""},"geometry":{"type":"LineString","coordinates":[[112.8874132,28.3073238],[112.8877714,28.3071242],[112.8882323,28.3068803],[112.8885823,28.3067221],[112.8889482,28.3065771],[112.8895359,28.3063667]]}},{"type":"Feature","properties":{"osm_id":616201739,"name":"石长线","gauge":"","electrified":""},"geometry":{"type":"LineString","coordinates":[[111.6782597,29.0785304],[111.6771251,29.0790602],[111.6761782,29.0796791],[111.6753951,29.0803213],[111.6747216,29.0810379]]}},{"type":"Feature","properties":{"osm_id":773862156,"name":"石长线","gauge":"","electrified":""},"geometry":{"type":"LineString","coordinates":[[111.7015752,29.0730502],[111.7027576,29.0727716],[111.7073922,29.071668],[111.708444,29.0713211],[111.709137,29.0710271],[111.7098525,29.070608],[111.7104548,29.0701765],[111.7111349,29.0696009],[111.7117178,29.0689918],[111.7122525,29.0682627],[111.7125974,29.0676989],[111.7128962,29.0670045],[111.714853,29.0613512]]}},{"type":"Feature","properties":{"osm_id":1070242022,"name":"","gauge":"","electrified":""},"geometry":{"type":"LineString","coordinates":[[126.447431,41.9466559],[126.4476801,41.9467791],[126.4479349,41.9469067],[126.4481938,41.9470303],[126.4485192,41.9471795],[126.4487296,41.9472703],[126.4489389,41.9473728],[126.449115,41.9474629],[126.4492693,41.9475465],[126.4494939,41.9476831],[126.4502046,41.9481547]]}},{"type":"Feature","properties":{"osm_id":1070242029,"name":"","gauge":"","electrified":""},"geometry":{"type":"LineString","coordinates":[[126.4563803,41.9527282],[126.4567044,41.9529142],[126.4569686,41.9530728],[126.4566157,41.9528338],[126.4562779,41.952605],[126.4557589,41.952222],[126.4553378,41.9519288],[126.454914,41.9516375],[126.4546766,41.951473],[126.4540517,41.9510491]]}},{"type":"Feature","properties":{"osm_id":1070242034,"name":"","gauge":"","electrified":""},"geometry":{"type":"LineString","coordinates":[[126.4564862,41.9526084],[126.4562885,41.9524598],[126.456029,41.9522815],[126.4556974,41.9520543],[126.4555456,41.9519457],[126.4550016,41.9515667]]}},{"type":"Feature","properties":{"osm_id":1070293536,"name":"","gauge":"","electrified":""},"geometry":{"type":"LineString","coordinates":[[126.4553277,41.9513162],[126.4548685,41.9510091],[126.45408,41.9504682],[126.4537661,41.9502642],[126.4522529,41.9492242],[126.4520143,41.9490619],[126.4504452,41.9479916],[126.4501114,41.9477675],[126.4498377,41.9475914],[126.4496795,41.9474861],[126.4494422,41.9473248],[126.4493302,41.9472495],[126.4492419,41.94719],[126.4490811,41.9471046],[126.4489674,41.9470474],[126.4488528,41.9469898],[126.4485364,41.9468551],[126.4483761,41.9468009],[126.4483284,41.9467848]]}},{"type":"Feature","properties":{"osm_id":1070293537,"name":"","gauge":"","electrified":""},"geometry":{"type":"LineString","coordinates":[[126.4560335,41.9518103],[126.4558194,41.9516497],[126.4556765,41.9515092],[126.4553652,41.9512796],[126.4549428,41.9509892],[126.4545467,41.9507267],[126.4539888,41.9503517],[126.4523022,41.9492106],[126.4519289,41.9489522],[126.4505255,41.9479997],[126.450232,41.9478012],[126.4499743,41.9476227],[126.4497025,41.9474472],[126.449506,41.9473362],[126.4493302,41.9472495]]}},{"type":"Feature","properties":{"osm_id":1070293538,"name":"","gauge":"","electrified":""},"geometry":{"type":"LineString","coordinates":[[126.4560249,41.9515991],[126.4559084,41.9514878],[126.4558063,41.9513815],[126.4557093,41.9513008],[126.4554427,41.9510911],[126.455014,41.950797],[126.4542523,41.9502741],[126.4534076,41.9496934],[126.4525847,41.9491383],[126.4518396,41.9486316],[126.4513279,41.9482757],[126.4509745,41.948065],[126.4506198,41.9478686],[126.4501848,41.947638],[126.4497727,41.9474159],[126.4495284,41.947284],[126.4494792,41.9472574],[126.4492572,41.9471635],[126.4489674,41.9470474]]}},{"type":"Feature","properties":{"osm_id":822623148,"name":"石长线","gauge":"","electrified":""},"geometry":{"type":"LineString","coordinates":[[111.7252759,29.0152195],[111.7251956,29.0148958]]}},{"type":"Feature","properties":{"osm_id":822623149,"name":"石长线","gauge":"","electrified":""},"geometry":{"type":"LineString","coordinates":[[111.7251956,29.0148958],[111.724863,29.0138544],[111.7129916,28.9923853],[111.7125356,28.9913295],[111.7122996,28.9902972],[111.7122298,28.9893916],[111.7122728,28.9884062],[111.7124981,28.9874865]]}},{"type":"Feature","properties":{"osm_id":1070293547,"name":"","gauge":"","electrified":""},"geometry":{"type":"LineString","coordinates":[[126.4565954,41.9520708],[126.4565309,41.9519564],[126.456392,41.9517097],[126.4563468,41.9516432],[126.4562449,41.9514931],[126.4561174,41.9513114],[126.4559884,41.9511579],[126.4558185,41.950992],[126.4556516,41.9508702],[126.4550432,41.9504515],[126.4523293,41.9485982]]}},{"type":"Feature","properties":{"osm_id":1070293549,"name":"","gauge":"","electrified":""},"geometry":{"type":"LineString","coordinates":[[126.4556468,41.9518712],[126.4564004,41.9523871],[126.4566067,41.9525507],[126.4567661,41.9526907],[126.4569314,41.9528735],[126.4569563,41.9529035],[126.4570886,41.9530628]]}},{"type":"Feature","properties":{"osm_id":1070293550,"name":"","gauge":"","electrified":""},"geometry":{"type":"LineString","coordinates":[[126.4503968,41.9478494],[126.4505273,41.9479146],[126.4506664,41.9479849],[126.4508118,41.948076],[126.4512635,41.9483825],[126.4517393,41.9487039],[126.4527908,41.9494216],[126.4542322,41.950409],[126.4549514,41.950892],[126.4552503,41.9510838],[126.4554824,41.9512373],[126.4556296,41.9513625],[126.4558314,41.9515442],[126.4560344,41.951734]]}},{"type":"Feature","properties":{"osm_id":1070293551,"name":"","gauge":"","electrified":""},"geometry":{"type":"LineString","coordinates":[[126.455165,41.9514055],[126.4557623,41.9518323],[126.4562909,41.9521785],[126.456444,41.9522778],[126.4566162,41.952422],[126.4568063,41.9526023],[126.4569476,41.9527626]]}},{"type":"Feature","properties":{"osm_id":1070293553,"name":"","gauge":"","electrified":""},"geometry":{"type":"LineString","coordinates":[[126.4487181,41.9472184],[126.4489663,41.9472977],[126.4491581,41.9473715],[126.4492666,41.947417],[126.4494222,41.947491],[126.4495115,41.9475423],[126.4496531,41.9476277],[126.4497957,41.947731],[126.4501613,41.9479804],[126.4508244,41.948433],[126.4519497,41.9491942],[126.455165,41.9514055]]}},{"type":"Feature","properties":{"osm_id":1070293564,"name":"","gauge":"","electrified":""},"geometry":{"type":"LineString","coordinates":[[126.4498145,41.947336],[126.4494862,41.9471971],[126.4492373,41.9470926],[126.4489509,41.9469825],[126.4486709,41.9468899],[126.4483761,41.9468009]]}},{"type":"Feature","properties":{"osm_id":1070293565,"name":"","gauge":"","electrified":""},"geometry":{"type":"LineString","coordinates":[[126.4489509,41.9469825],[126.4494347,41.9471356],[126.4495111,41.9471597],[126.4499691,41.9473125],[126.4505229,41.9474919],[126.4506486,41.9475412],[126.4507091,41.9475649],[126.4509516,41.9476693],[126.4511953,41.9477879],[126.4513713,41.9478895],[126.4515908,41.9480299],[126.4517975,41.9481685],[126.4528269,41.9488718],[126.4538178,41.9495485],[126.4549603,41.9503237],[126.4557463,41.9508642],[126.4558859,41.9509714],[126.4560103,41.9511012],[126.4560922,41.9512073],[126.4562136,41.9513644],[126.4563048,41.9515471],[126.4563468,41.9516432]]}},{"type":"Feature","properties":{"osm_id":1070293566,"name":"","gauge":"","electrified":""},"geometry":{"type":"LineString","coordinates":[[126.4520197,41.948386],[126.4514705,41.9480136],[126.4512262,41.9478613],[126.4510866,41.9477834],[126.4508029,41.9476593],[126.4506186,41.9475773],[126.4503825,41.9474795],[126.4499691,41.9473125]]}},{"type":"Feature","properties":{"osm_id":1070293567,"name":"","gauge":"","electrified":""},"geometry":{"type":"LineString","coordinates":[[126.4506547,41.9476391],[126.4503088,41.9474913],[126.4498839,41.9473164],[126.4494347,41.9471356]]}},{"type":"Feature","properties":{"osm_id":1070293568,"name":"","gauge":"","electrified":""},"geometry":{"type":"LineString","coordinates":[[126.4534013,41.9495112],[126.4521897,41.9486907],[126.4518801,41.9484763],[126.4516272,41.9482977],[126.4513627,41.9481219],[126.4511809,41.9480076],[126.4509362,41.9478748],[126.450632,41.9477273],[126.4503295,41.9475883],[126.4500551,41.9474727],[126.4497294,41.9473277],[126.4494862,41.9471971]]}},{"type":"Feature","properties":{"osm_id":1070293569,"name":"","gauge":"","electrified":""},"geometry":{"type":"LineString","coordinates":[[126.4544772,41.9501254],[126.4535264,41.9494795],[126.4528512,41.949018],[126.4522807,41.9486309],[126.4519788,41.9484221],[126.4515828,41.9481502],[126.4513096,41.9479685],[126.4510593,41.9478184],[126.450812,41.9477033],[126.4506547,41.9476391]]}},{"type":"Feature","properties":{"osm_id":1070293570,"name":"","gauge":"","electrified":""},"geometry":{"type":"LineString","coordinates":[[126.4523293,41.9485982],[126.4520197,41.948386]]}},{"type":"Feature","properties":{"osm_id":1070293571,"name":"","gauge":"","electrified":""},"geometry":{"type":"LineString","coordinates":[[126.4529676,41.9489067],[126.4524013,41.9485172],[126.4516859,41.9480486],[126.4514341,41.9478782],[126.4512565,41.9477688],[126.4511321,41.9477067],[126.450988,41.9476525],[126.4506486,41.9475412]]}},{"type":"Feature","properties":{"osm_id":1071948733,"name":"","gauge":"","electrified":""},"geometry":{"type":"LineString","coordinates":[[126.4421822,41.9432522],[126.441996,41.943137]]}},{"type":"Feature","properties":{"osm_id":1072702937,"name":"","gauge":"","electrified":""},"geometry":{"type":"LineString","coordinates":[[126.4420418,41.9430998],[126.4422231,41.9432181]]}},{"type":"Feature","properties":{"osm_id":948861364,"name":"石长线","gauge":"","electrified":""},"geometry":{"type":"LineString","coordinates":[[111.7267354,28.9077303],[111.7269942,28.9072146]]}},{"type":"Feature","properties":{"osm_id":998584603,"name":"石长线","gauge":"","electrified":""},"geometry":{"type":"LineString","coordinates":[[112.8560995,28.3114428],[112.8598125,28.3115459]]}},{"type":"Feature","properties":{"osm_id":1011729131,"name":"石长线","gauge":"","electrified":""},"geometry":{"type":"LineString","coordinates":[[112.9467928,28.3229121],[112.9464151,28.3226047]]}},{"type":"Feature","properties":{"osm_id":1128356652,"name":"石长线","gauge":"","electrified":""},"geometry":{"type":"LineString","coordinates":[[112.5131203,28.3184418],[112.5126356,28.3185863]]}},{"type":"Feature","properties":{"osm_id":29881395,"name":"石长线","gauge":"","electrified":""},"geometry":{"type":"LineString","coordinates":[[111.7213767,28.9179241],[111.7215787,28.9175558]]}},{"type":"Feature","properties":{"osm_id":38799043,"name":"石长线","gauge":"","electrified":""},"geometry":{"type":"LineString","coordinates":[[112.9690121,28.3104625],[112.968704,28.3108978],[112.9684398,28.3113529],[112.9682212,28.3117354],[112.9677129,28.3125796],[112.9668438,28.3140436],[112.9664939,28.3145568],[112.9645021,28.3175709],[112.9637576,28.3186945],[112.9627253,28.3199835],[112.9613666,28.3216979],[112.9593211,28.3242762],[112.9588048,28.3249256],[112.9581954,28.3254243],[112.9574212,28.3257963],[112.9567144,28.3260846],[112.9559689,28.3262855],[112.9551344,28.3263359],[112.9543408,28.3263071],[112.9533835,28.3260766],[112.9523772,28.3257309],[112.9514211,28.3253513],[112.9497501,28.3246501],[112.947953,28.3237458],[112.946915,28.3230115],[112.9467928,28.3229121]]}},{"type":"Feature","properties":{"osm_id":96237814,"name":"石长线","gauge":"","electrified":""},"geometry":{"type":"LineString","coordinates":[[112.8598125,28.3115459],[112.8605707,28.3115589],[112.8615497,28.3116091],[112.8626794,28.311676],[112.8654658,28.3119814],[112.8678153,28.3122359],[112.869658,28.3124291],[112.8731934,28.3128098],[112.8740887,28.3129144],[112.8748627,28.3129563],[112.8755865,28.3129855],[112.8761472,28.3129521],[112.8768291,28.3129153],[112.8776594,28.3127667],[112.878483,28.3125869],[112.8798592,28.3123389],[112.8806767,28.3121386],[112.8813881,28.3118871],[112.8820301,28.3116122],[112.8826285,28.3112899],[112.8833654,28.3107652],[112.8837835,28.3103641],[112.8842695,28.3099597],[112.8854736,28.30881],[112.8861295,28.3082299],[112.8869048,28.3076577]]}},{"type":"Feature","properties":{"osm_id":96237817,"name":"石长线","gauge":"","electrified":""},"geometry":{"type":"LineString","coordinates":[[112.7242807,28.3080874],[112.7249038,28.308151],[112.7255313,28.3082252]]}},{"type":"Feature","properties":{"osm_id":96237818,"name":"石长线","gauge":"","electrified":""},"geometry":{"type":"LineString","coordinates":[[112.8439535,28.3149181],[112.8444053,28.3147591]]}},{"type":"Feature","properties":{"osm_id":485201165,"name":"石长线","gauge":"","electrified":""},"geometry":{"type":"LineString","coordinates":[[112.2708745,28.5361733],[112.2717534,28.5361118],[112.2742264,28.5360788],[112.2755353,28.5361448],[112.2777991,28.5362626],[112.2807227,28.5364417],[112.2844296,28.5366962],[112.2857492,28.5367575]]}},{"type":"Feature","properties":{"osm_id":485201166,"name":"石长线","gauge":"","electrified":""},"geometry":{"type":"LineString","coordinates":[[112.265533,28.5369305],[112.266891,28.5366239],[112.2682641,28.536464],[112.2700545,28.5362307],[112.2708745,28.5361733]]}},{"type":"Feature","properties":{"osm_id":485201184,"name":"石长线","gauge":"","electrified":""},"geometry":{"type":"LineString","coordinates":[[112.1573028,28.5681433],[112.1583042,28.5677536],[112.1595104,28.5671739],[112.161225,28.5663077],[112.1622438,28.5658129],[112.1645254,28.5646271]]}},{"type":"Feature","properties":{"osm_id":485201185,"name":"石长线","gauge":"","electrified":""},"geometry":{"type":"LineString","coordinates":[[112.1746659,28.5633384],[112.1751915,28.5634431],[112.1763502,28.56386],[112.1789895,28.5647552],[112.1799374,28.5650653]]}},{"type":"Feature","properties":{"osm_id":485214115,"name":"石长线","gauge":"","electrified":""},"geometry":{"type":"LineString","coordinates":[[112.3200631,28.5432329],[112.3210849,28.5430634]]}},{"type":"Feature","properties":{"osm_id":485214117,"name":"石长线","gauge":"","electrified":""},"geometry":{"type":"LineString","coordinates":[[112.3200631,28.5432329],[112.319422,28.5432612],[112.3189234,28.5432439],[112.3182955,28.5431622],[112.317743,28.5430633],[112.3170078,28.5428684],[112.3159888,28.5424789],[112.3151848,28.5420638],[112.3136579,28.5412443],[112.3120022,28.5404615]]}},{"type":"Feature","properties":{"osm_id":487147591,"name":"石长线","gauge":"","electrified":""},"geometry":{"type":"LineString","coordinates":[[111.7157167,29.0588285],[111.7154807,29.0593724],[111.7147993,29.0613137]]}},{"type":"Feature","properties":{"osm_id":494144236,"name":"石长线","gauge":"","electrified":""},"geometry":{"type":"LineString","coordinates":[[111.4070861,29.599133],[111.4067646,29.6005289],[111.4071056,29.6019213],[111.4080535,29.6030821],[111.4094528,29.6038212],[111.4110744,29.6040176],[111.4126287,29.6036589]]}},{"type":"Feature","properties":{"osm_id":494144237,"name":"石长线","gauge":"","electrified":""},"geometry":{"type":"LineString","coordinates":[[111.4214487,29.6023561],[111.4208651,29.6023374],[111.4186659,29.602252],[111.4175112,29.6022059],[111.4162132,29.6021519],[111.4154617,29.602067],[111.4149061,29.6019193],[111.4140736,29.6015206],[111.413291,29.6008808],[111.4127885,29.6002591],[111.4123758,29.5993028],[111.4123028,29.5983233],[111.4124329,29.5975128],[111.4128635,29.5962211]]}},{"type":"Feature","properties":{"osm_id":494898771,"name":"石长线","gauge":"","electrified":""},"geometry":{"type":"LineString","coordinates":[[111.4735558,29.555623],[111.474419,29.554714]]}},{"type":"Feature","properties":{"osm_id":494898862,"name":"石长线","gauge":"","electrified":""},"geometry":{"type":"LineString","coordinates":[[111.4143477,29.5895689],[111.4144833,29.5906015],[111.4144059,29.5913266],[111.4141808,29.5922228]]}},{"type":"Feature","properties":{"osm_id":494898863,"name":"石长线","gauge":"","electrified":""},"geometry":{"type":"LineString","coordinates":[[111.4120493,29.5834361],[111.4137671,29.5878833],[111.4139919,29.5885901],[111.4143477,29.5895689]]}},{"type":"Feature","properties":{"osm_id":494898864,"name":"石长线","gauge":"","electrified":""},"geometry":{"type":"LineString","coordinates":[[111.4112375,29.5812615],[111.4120493,29.5834361]]}},{"type":"Feature","properties":{"osm_id":494898865,"name":"石长线","gauge":"","electrified":""},"geometry":{"type":"LineString","coordinates":[[111.4314221,29.5634809],[111.430169,29.5640359],[111.4279709,29.5649936],[111.4278519,29.5650491],[111.4273623,29.565264],[111.4270021,29.5654221],[111.426337,29.5657139],[111.4156731,29.5703935],[111.4150128,29.5706832],[111.4144383,29.5709353],[111.4141661,29.5710574],[111.412488,29.5718352],[111.4119001,29.5721006],[111.4112189,29.5725029],[111.4107904,29.5728924],[111.410289,29.5734617],[111.4100028,29.5739359],[111.4097007,29.5746035],[111.4095811,29.5751362],[111.4094954,29.5758094],[111.4095788,29.5766846],[111.4097977,29.5775418],[111.4112375,29.5812615]]}},{"type":"Feature","properties":{"osm_id":494898867,"name":"石长线","gauge":"","electrified":""},"geometry":{"type":"LineString","coordinates":[[111.4130852,29.5955343],[111.4135174,29.5942609],[111.4137429,29.5935965],[111.4139208,29.5931185]]}},{"type":"Feature","properties":{"osm_id":494898868,"name":"石长线","gauge":"","electrified":""},"geometry":{"type":"LineString","coordinates":[[111.4139208,29.5931185],[111.4142483,29.592232]]}},{"type":"Feature","properties":{"osm_id":494898869,"name":"石长线","gauge":"","electrified":""},"geometry":{"type":"LineString","coordinates":[[111.4142483,29.592232],[111.4144586,29.5913207],[111.4145287,29.5906037],[111.4143976,29.58957]]}},{"type":"Feature","properties":{"osm_id":495179846,"name":"石长线","gauge":"","electrified":""},"geometry":{"type":"LineString","coordinates":[[111.609895,29.4327789],[111.6104984,29.4324243],[111.611061,29.431969],[111.611397,29.431627],[111.611816,29.431061],[111.612144,29.430445],[111.612358,29.429792],[111.61245,29.429119],[111.612442,29.428446],[111.6123606,29.4276927]]}},{"type":"Feature","properties":{"osm_id":495179847,"name":"石长线","gauge":"","electrified":""},"geometry":{"type":"LineString","coordinates":[[111.4804172,29.533771],[111.4832471,29.5271457],[111.4838221,29.5257981],[111.4839899,29.524702],[111.484257,29.5233377],[111.4842897,29.5221947],[111.4841241,29.5161757],[111.4840526,29.5118107],[111.4842506,29.5104737],[111.4845406,29.5094127],[111.4848386,29.5086287],[111.4851966,29.5078647],[111.4902016,29.4990677],[111.4906596,29.4983147],[111.4913766,29.4973567],[111.4926656,29.4960697],[111.5005696,29.4888097],[111.5016456,29.4877097],[111.5020276,29.4872387],[111.5028816,29.4859947],[111.5056586,29.4812507],[111.5061246,29.4805647],[111.5068566,29.4797367],[111.5074596,29.4791757],[111.5129228,29.4745445],[111.5136109,29.4737806],[111.5140968,29.4732113],[111.5145138,29.4726666],[111.5150834,29.4716773],[111.5161188,29.4694759],[111.5170186,29.4672497],[111.5209556,29.4578057],[111.5213826,29.4569937],[111.5216426,29.4566077],[111.5219326,29.4562477],[111.5224736,29.4557667],[111.5233286,29.4552447],[111.5240156,29.4549197],[111.5321866,29.4511757],[111.5346196,29.4501857],[111.5363446,29.4495507],[111.5466056,29.4460227],[111.5576536,29.4421527],[111.5588816,29.4417637],[111.5601326,29.4414557],[111.5614066,29.4412427],[111.5629476,29.4411087],[111.5761626,29.4408607],[111.5787866,29.4408857],[111.5869375,29.4412829],[111.5886149,29.4411252],[111.5893911,29.4409519],[111.5912201,29.4403847],[111.5933334,29.4397312],[111.5934503,29.4396933],[111.5939033,29.439558],[111.5958997,29.4389619]]}},{"type":"Feature","properties":{"osm_id":495179848,"name":"石长线","gauge":"","electrified":""},"geometry":{"type":"LineString","coordinates":[[111.4583524,29.5665175],[111.4600271,29.5664492],[111.4629883,29.56511],[111.4659226,29.5629124],[111.4678752,29.5610599],[111.4691358,29.5599821]]}},{"type":"Feature","properties":{"osm_id":495179849,"name":"石长线","gauge":"","electrified":""},"geometry":{"type":"LineString","coordinates":[[111.4314221,29.5634809],[111.4338745,29.5625104],[111.4356321,29.5619819]]}},{"type":"Feature","properties":{"osm_id":495179850,"name":"石长线","gauge":"","electrified":""},"geometry":{"type":"LineString","coordinates":[[111.4112979,29.581245],[111.4098571,29.5775153],[111.4096468,29.5766743],[111.4095671,29.575821],[111.4096404,29.575124],[111.4097865,29.5746123],[111.410055,29.573952],[111.410345,29.573493],[111.4108357,29.5729237],[111.4112723,29.57253],[111.4119137,29.57216],[111.4138409,29.5712444],[111.4153474,29.5705852],[111.4263205,29.5657832],[111.427123,29.5654251],[111.4284487,29.5648335],[111.4297549,29.564261],[111.4312324,29.5638078],[111.433472,29.563248],[111.4345564,29.5630734]]}},{"type":"Feature","properties":{"osm_id":495246966,"name":"石长线","gauge":"","electrified":""},"geometry":{"type":"LineString","coordinates":[[111.5958997,29.4389619],[111.598531,29.4381166],[111.6059981,29.4345537],[111.6075764,29.433824],[111.6080811,29.4335978],[111.609895,29.4327789]]}},{"type":"Feature","properties":{"osm_id":503315797,"name":"石长线","gauge":"","electrified":""},"geometry":{"type":"LineString","coordinates":[[111.4362233,29.5618383],[111.4384893,29.5616057],[111.4404211,29.5615861],[111.4421428,29.561646]]}},{"type":"Feature","properties":{"osm_id":503315801,"name":"石长线","gauge":"","electrified":""},"geometry":{"type":"LineString","coordinates":[[111.4364353,29.5629858],[111.437546,29.563038],[111.438568,29.563145],[111.440178,29.563219],[111.4425424,29.5632464]]}},{"type":"Feature","properties":{"osm_id":503315806,"name":"石长线","gauge":"","electrified":""},"geometry":{"type":"LineString","coordinates":[[111.443457,29.5619],[111.4454738,29.5624569],[111.4482526,29.5633288],[111.4510626,29.5643942]]}},{"type":"Feature","properties":{"osm_id":503315809,"name":"石长线","gauge":"","electrified":""},"geometry":{"type":"LineString","coordinates":[[111.4421428,29.561646],[111.4428,29.5617796],[111.443457,29.5619]]}},{"type":"Feature","properties":{"osm_id":503315812,"name":"石长线","gauge":"","electrified":""},"geometry":{"type":"LineString","coordinates":[[111.4425424,29.5632464],[111.4429683,29.5632323],[111.4433903,29.5632222]]}},{"type":"Feature","properties":{"osm_id":503315815,"name":"石长线","gauge":"","electrified":""},"geometry":{"type":"LineString","coordinates":[[111.4433903,29.5632222],[111.4447797,29.5633106]]}},{"type":"Feature","properties":{"osm_id":503315820,"name":"石长线","gauge":"","electrified":""},"geometry":{"type":"LineString","coordinates":[[111.4447797,29.5633106],[111.4471853,29.5637786]]}},{"type":"Feature","properties":{"osm_id":503315825,"name":"石长线","gauge":"","electrified":""},"geometry":{"type":"LineString","coordinates":[[111.4471853,29.5637786],[111.45086,29.5645751]]}},{"type":"Feature","properties":{"osm_id":503315828,"name":"石长线","gauge":"","electrified":""},"geometry":{"type":"LineString","coordinates":[[111.45086,29.5645751],[111.4518733,29.5648629],[111.4528643,29.5652052],[111.4556784,29.566082],[111.4565247,29.5663472],[111.4574139,29.5665613],[111.458361,29.5665667]]}},{"type":"Feature","properties":{"osm_id":503315830,"name":"石长线","gauge":"","electrified":""},"geometry":{"type":"LineString","coordinates":[[111.4510626,29.5643942],[111.4518193,29.564674],[111.4529541,29.5650643],[111.4557043,29.5660366],[111.4565318,29.5662878],[111.4574213,29.5665023],[111.4583524,29.5665175]]}},{"type":"Feature","properties":{"osm_id":503315833,"name":"石长线","gauge":"","electrified":""},"geometry":{"type":"LineString","coordinates":[[111.458361,29.5665667],[111.4600506,29.5665106],[111.4630296,29.5651626],[111.4659809,29.5629574],[111.4679482,29.5610938],[111.4692094,29.5600203]]}},{"type":"Feature","properties":{"osm_id":503315841,"name":"石长线","gauge":"","electrified":""},"geometry":{"type":"LineString","coordinates":[[111.4692094,29.5600203],[111.4707791,29.5584099],[111.4735558,29.555623]]}},{"type":"Feature","properties":{"osm_id":503478264,"name":"石长线","gauge":"","electrified":""},"geometry":{"type":"LineString","coordinates":[[111.5676707,29.27404],[111.5672813,29.2732606]]}},{"type":"Feature","properties":{"osm_id":503478265,"name":"石长线","gauge":"","electrified":""},"geometry":{"type":"LineString","coordinates":[[111.6018485,29.3663408],[111.6008753,29.3631489],[111.6000146,29.3596988],[111.5997075,29.358084],[111.5995791,29.3570588],[111.5995171,29.3559973],[111.5992681,29.3479025],[111.5991743,29.3470234],[111.5989952,29.3463289],[111.5985444,29.3450296],[111.5947738,29.337253],[111.594361,29.3361943],[111.5941292,29.3351249],[111.5939911,29.3339889],[111.5936244,29.3304426],[111.5933482,29.3282709],[111.5930629,29.3270606],[111.5927344,29.3258739],[111.5909588,29.3204588],[111.5905772,29.3194953],[111.5899237,29.3178552],[111.5877733,29.3135616],[111.5874061,29.3128338],[111.5869653,29.3115871],[111.5865452,29.3100516],[111.5863254,29.3087292],[111.5853932,29.3005615],[111.5851121,29.2995103],[111.5847634,29.2984987],[111.5843069,29.2975218],[111.5836346,29.2963409],[111.5765825,29.2845416],[111.5757797,29.2834954],[111.5750497,29.2825717],[111.5684819,29.2751661],[111.5679309,29.2744526],[111.5676707,29.27404]]}},{"type":"Feature","properties":{"osm_id":503478266,"name":"石长线","gauge":"","electrified":""},"geometry":{"type":"LineString","coordinates":[[111.5670839,29.2732858],[111.5664688,29.2715867],[111.5638772,29.2632608],[111.5618338,29.2566064],[111.5615965,29.2553524],[111.5615681,29.254276],[111.5616265,29.2535091],[111.5620577,29.249585],[111.5621363,29.247599],[111.5620929,29.246452],[111.5612754,29.2355154],[111.5611154,29.2323637],[111.5611374,29.231504],[111.5612267,29.230368],[111.562225,29.223135],[111.5624528,29.2209526],[111.5629113,29.2175838],[111.5630481,29.2157099],[111.5633777,29.2134779],[111.5636578,29.2122234],[111.5637853,29.2117627],[111.5641632,29.2103172],[111.5643088,29.2097621],[111.5645614,29.2087996],[111.565428,29.2054483],[111.5675201,29.1972882],[111.567586,29.1970311],[111.5676388,29.1968271],[111.5677767,29.196294],[111.5678766,29.195908],[111.5680412,29.1952719],[111.5681563,29.1948272],[111.5682665,29.1944066],[111.5688724,29.1920944],[111.5693069,29.1903542],[111.5698519,29.1884887],[111.5703263,29.1875354],[111.5707667,29.1868138],[111.572464,29.1844961],[111.5743883,29.1818845],[111.5765342,29.1789203],[111.5786827,29.1760183],[111.5805762,29.1734495],[111.581421,29.171959],[111.581863,29.170925],[111.582077,29.17012],[111.582214,29.169302],[111.5822484,29.1654474]]}},{"type":"Feature","properties":{"osm_id":503819464,"name":"石长线","gauge":"","electrified":""},"geometry":{"type":"LineString","coordinates":[[111.4126287,29.6036589],[111.4129874,29.6035224],[111.4137361,29.6031548],[111.414323,29.6028752],[111.4150101,29.602588],[111.4156438,29.6024416],[111.4162555,29.6023446],[111.4169039,29.6023327],[111.4177211,29.6023649],[111.4182717,29.6023818],[111.4194498,29.602424],[111.4199608,29.6024378],[111.4203603,29.6024476],[111.4209598,29.6024848],[111.4212353,29.6024997],[111.4214881,29.602503],[111.4219135,29.6025366],[111.4226457,29.6026106],[111.4295437,29.6028987],[111.4300359,29.6028918],[111.4310307,29.6028492],[111.4316251,29.6028367],[111.4320844,29.6027814]]}},{"type":"Feature","properties":{"osm_id":512202456,"name":"石长线","gauge":"","electrified":""},"geometry":{"type":"LineString","coordinates":[[111.4800578,29.5346275],[111.4804172,29.533771]]}},{"type":"Feature","properties":{"osm_id":512202457,"name":"石长线","gauge":"","electrified":""},"geometry":{"type":"LineString","coordinates":[[111.4801651,29.5346555],[111.4805299,29.5337874]]}},{"type":"Feature","properties":{"osm_id":512202458,"name":"石长线","gauge":"","electrified":""},"geometry":{"type":"LineString","coordinates":[[111.474419,29.554714],[111.475349,29.553829],[111.475967,29.553022],[111.476349,29.552362],[111.47673,29.551437],[111.476974,29.55047],[111.477074,29.549736],[111.477074,29.548986],[111.4770583,29.5486846]]}},{"type":"Feature","properties":{"osm_id":512202459,"name":"石长线","gauge":"","electrified":""},"geometry":{"type":"LineString","coordinates":[[111.4762943,29.5464787],[111.4766698,29.544184],[111.4767882,29.5433364],[111.47698,29.542547],[111.4772566,29.5414907],[111.4777339,29.540179],[111.4800578,29.5346275]]}},{"type":"Feature","properties":{"osm_id":512202464,"name":"石长线","gauge":"","electrified":""},"geometry":{"type":"LineString","coordinates":[[111.4753795,29.5514497],[111.4758442,29.5498897],[111.4759891,29.549205],[111.4762943,29.5464787]]}},{"type":"Feature","properties":{"osm_id":512202465,"name":"石长线","gauge":"","electrified":""},"geometry":{"type":"LineString","coordinates":[[111.4737713,29.5549215],[111.4743499,29.5539594],[111.4747158,29.5532084],[111.4749422,29.552679],[111.4751516,29.5521507],[111.4753795,29.5514497]]}},{"type":"Feature","properties":{"osm_id":512586919,"name":"石长线","gauge":"","electrified":""},"geometry":{"type":"LineString","coordinates":[[111.9933245,28.7066563],[111.9932592,28.7069547]]}},{"type":"Feature","properties":{"osm_id":512586920,"name":"石长线","gauge":"","electrified":""},"geometry":{"type":"LineString","coordinates":[[111.9932592,28.7069547],[111.9928104,28.7090034],[111.9925204,28.7105438],[111.9920076,28.7126188],[111.9916112,28.7145627],[111.9913874,28.7153937],[111.9909871,28.7164998],[111.9905216,28.7175492],[111.9902099,28.7181307],[111.9895347,28.7191755],[111.9885876,28.7204302],[111.987201,28.7221144],[111.9858284,28.7239331],[111.9841237,28.7262638],[111.9823825,28.7288773],[111.9796125,28.7325878],[111.9785755,28.7339836]]}},{"type":"Feature","properties":{"osm_id":512586921,"name":"石长线","gauge":"","electrified":""},"geometry":{"type":"LineString","coordinates":[[111.9565576,28.762604],[111.9555545,28.7632858],[111.9544172,28.7640383],[111.9528454,28.7650681],[111.9515848,28.7659333]]}},{"type":"Feature","properties":{"osm_id":512586922,"name":"石长线","gauge":"","electrified":""},"geometry":{"type":"LineString","coordinates":[[111.9515848,28.7659333],[111.9486856,28.7679028]]}},{"type":"Feature","properties":{"osm_id":512586923,"name":"石长线","gauge":"","electrified":""},"geometry":{"type":"LineString","coordinates":[[111.8688101,28.8046966],[111.8674996,28.8053573]]}},{"type":"Feature","properties":{"osm_id":512586925,"name":"石长线","gauge":"","electrified":""},"geometry":{"type":"LineString","coordinates":[[111.7260559,29.0315011],[111.7261159,29.0331707]]}},{"type":"Feature","properties":{"osm_id":512586927,"name":"石长线","gauge":"","electrified":""},"geometry":{"type":"LineString","coordinates":[[111.6655447,29.1035744],[111.6656297,29.1034025]]}},{"type":"Feature","properties":{"osm_id":512586928,"name":"石长线","gauge":"","electrified":""},"geometry":{"type":"LineString","coordinates":[[111.6656297,29.1034025],[111.6661279,29.1024011]]}},{"type":"Feature","properties":{"osm_id":512586929,"name":"石长线","gauge":"","electrified":""},"geometry":{"type":"LineString","coordinates":[[111.6643163,29.1059409],[111.6655447,29.1035744]]}},{"type":"Feature","properties":{"osm_id":512586930,"name":"石长线","gauge":"","electrified":""},"geometry":{"type":"LineString","coordinates":[[111.6967455,29.0741796],[111.6982364,29.0738299],[111.6990581,29.0736366],[111.6993391,29.0735772],[111.7015752,29.0730502]]}},{"type":"Feature","properties":{"osm_id":526414434,"name":"石长线","gauge":"","electrified":""},"geometry":{"type":"LineString","coordinates":[[111.4691358,29.5599821],[111.4707345,29.5583629],[111.4724243,29.556641],[111.4730573,29.5559223],[111.4733677,29.5554703]]}},{"type":"Feature","properties":{"osm_id":546228026,"name":"石长线","gauge":"","electrified":""},"geometry":{"type":"LineString","coordinates":[[111.4114577,29.5961805],[111.4090889,29.5971461],[111.4079225,29.5980043],[111.4072158,29.5989115]]}},{"type":"Feature","properties":{"osm_id":557816503,"name":"石长线","gauge":"","electrified":""},"geometry":{"type":"LineString","coordinates":[[112.7941122,28.3163648],[112.7942998,28.3163775],[112.7962285,28.3164651],[112.7972036,28.316513],[112.7978097,28.3165428],[112.8030333,28.3167992],[112.808383,28.3170661],[112.8098206,28.3171357],[112.8104748,28.3171679],[112.8117639,28.3172337],[112.8124734,28.3172609],[112.8136441,28.3173057],[112.8155619,28.3173943],[112.8174959,28.3174197]]}},{"type":"Feature","properties":{"osm_id":557816504,"name":"石长线","gauge":"","electrified":""},"geometry":{"type":"LineString","coordinates":[[112.7932549,28.3163317],[112.7941122,28.3163648]]}},{"type":"Feature","properties":{"osm_id":577687699,"name":"石长线","gauge":"","electrified":""},"geometry":{"type":"LineString","coordinates":[[111.4356321,29.5619819],[111.4362233,29.5618383]]}},{"type":"Feature","properties":{"osm_id":577687700,"name":"石长线","gauge":"","electrified":""},"geometry":{"type":"LineString","coordinates":[[111.4345564,29.5630734],[111.4364353,29.5629858]]}},{"type":"Feature","properties":{"osm_id":579884823,"name":"石长线","gauge":"","electrified":""},"geometry":{"type":"LineString","coordinates":[[112.3606573,28.5368005],[112.3610716,28.5366076]]}},{"type":"Feature","properties":{"osm_id":579884825,"name":"石长线","gauge":"","electrified":""},"geometry":{"type":"LineString","coordinates":[[112.3610716,28.5366076],[112.3631738,28.5353987],[112.3678636,28.5324807],[112.3682827,28.5322137]]}},{"type":"Feature","properties":{"osm_id":579884827,"name":"石长线","gauge":"","electrified":""},"geometry":{"type":"LineString","coordinates":[[112.3729643,28.5292381],[112.3742312,28.5283993],[112.3756523,28.5272287],[112.3764467,28.5263915],[112.3770817,28.5256379],[112.3778951,28.5245062],[112.3786099,28.5233139],[112.3786666,28.5232221]]}},{"type":"Feature","properties":{"osm_id":579884829,"name":"石长线","gauge":"","electrified":""},"geometry":{"type":"LineString","coordinates":[[112.3725309,28.5295069],[112.3729643,28.5292381]]}},{"type":"Feature","properties":{"osm_id":579884831,"name":"石长线","gauge":"","electrified":""},"geometry":{"type":"LineString","coordinates":[[112.3786666,28.5232221],[112.3788671,28.5228517]]}},{"type":"Feature","properties":{"osm_id":579884834,"name":"石长线","gauge":"","electrified":""},"geometry":{"type":"LineString","coordinates":[[112.3791987,28.5222462],[112.3802106,28.5204808],[112.3807424,28.5195531],[112.3815197,28.518197],[112.3816909,28.5178905],[112.3823503,28.5167102],[112.3832059,28.5152207],[112.3849104,28.512244],[112.3865305,28.5093982],[112.389833,28.5036201],[112.3903525,28.5027476],[112.3911146,28.5018395],[112.3919168,28.5009907],[112.3985313,28.4953086],[112.3991637,28.4947079],[112.3996886,28.4941254],[112.400101,28.493452],[112.400566,28.492506],[112.401009,28.491276],[112.4021628,28.4878053],[112.405975,28.476015],[112.406395,28.474974],[112.406807,28.474222],[112.407669,28.473043],[112.4087542,28.4719967]]}},{"type":"Feature","properties":{"osm_id":592133131,"name":"石长线","gauge":"","electrified":""},"geometry":{"type":"LineString","coordinates":[[112.1887993,28.5671995],[112.1900761,28.5671053]]}},{"type":"Feature","properties":{"osm_id":592133132,"name":"石长线","gauge":"","electrified":""},"geometry":{"type":"LineString","coordinates":[[112.1829039,28.5661301],[112.1840358,28.5665447],[112.1855915,28.5669357],[112.1869755,28.56711],[112.1887993,28.5671995]]}},{"type":"Feature","properties":{"osm_id":592133134,"name":"石长线","gauge":"","electrified":""},"geometry":{"type":"LineString","coordinates":[[112.2276645,28.5487908],[112.2290647,28.5480604],[112.2311595,28.5472287]]}},{"type":"Feature","properties":{"osm_id":592133136,"name":"石长线","gauge":"","electrified":""},"geometry":{"type":"LineString","coordinates":[[112.2186468,28.5551434],[112.2191727,28.55498],[112.2199291,28.5547161],[112.2206077,28.5544428],[112.2212461,28.5541437],[112.2219354,28.553762],[112.2225523,28.5533567],[112.2228357,28.5531204]]}},{"type":"Feature","properties":{"osm_id":592133137,"name":"石长线","gauge":"","electrified":""},"geometry":{"type":"LineString","coordinates":[[112.2071259,28.5597182],[112.2093344,28.5587094],[112.2105521,28.5580733],[112.2117564,28.5575408],[112.2146451,28.5565066],[112.2167131,28.5557857],[112.2186468,28.5551434]]}},{"type":"Feature","properties":{"osm_id":592133171,"name":"石长线","gauge":"","electrified":""},"geometry":{"type":"LineString","coordinates":[[112.3966759,28.4948038],[112.3956326,28.4957303]]}},{"type":"Feature","properties":{"osm_id":592133172,"name":"石长线","gauge":"","electrified":""},"geometry":{"type":"LineString","coordinates":[[112.3956326,28.4957303],[112.3938677,28.4974911],[112.3927465,28.4988182],[112.3917997,28.5000204],[112.3913893,28.500704],[112.3902494,28.5026863],[112.3889109,28.5050104],[112.3877563,28.5070481],[112.3848233,28.5121803],[112.3831174,28.5151641],[112.3822752,28.5166395],[112.3817468,28.5175657]]}},{"type":"Feature","properties":{"osm_id":592133220,"name":"石长线","gauge":"","electrified":""},"geometry":{"type":"LineString","coordinates":[[112.3609543,28.536562],[112.3605788,28.5367364]]}},{"type":"Feature","properties":{"osm_id":592133221,"name":"石长线","gauge":"","electrified":""},"geometry":{"type":"LineString","coordinates":[[112.3605788,28.5367364],[112.3587388,28.5375658],[112.3578858,28.5378768],[112.3570329,28.5381266],[112.3556462,28.538473],[112.3544258,28.5387133],[112.3527226,28.5389372],[112.3510113,28.539128],[112.3471087,28.5395781],[112.3465294,28.5396346],[112.3451105,28.5398066],[112.3446223,28.5398561],[112.3439893,28.5399409],[112.3393508,28.5404862],[112.3341376,28.5411008],[112.3312783,28.541423],[112.3307553,28.5414819],[112.3302078,28.5415388],[112.3295704,28.5416156],[112.3282257,28.5417787],[112.3250714,28.5421879],[112.3230466,28.5425941],[112.3210849,28.5430634]]}},{"type":"Feature","properties":{"osm_id":592133222,"name":"石长线","gauge":"","electrified":""},"geometry":{"type":"LineString","coordinates":[[112.3729031,28.5291772],[112.3724778,28.5294318]]}},{"type":"Feature","properties":{"osm_id":592133223,"name":"石长线","gauge":"","electrified":""},"geometry":{"type":"LineString","coordinates":[[112.3682372,28.5321526],[112.3678427,28.5324057],[112.363228,28.5352718],[112.3620485,28.5359835],[112.3609543,28.536562]]}},{"type":"Feature","properties":{"osm_id":592133224,"name":"石长线","gauge":"","electrified":""},"geometry":{"type":"LineString","coordinates":[[112.3787855,28.522766],[112.378592,28.5231406]]}},{"type":"Feature","properties":{"osm_id":592133226,"name":"石长线","gauge":"","electrified":""},"geometry":{"type":"LineString","coordinates":[[112.378592,28.5231406],[112.3777512,28.5245308],[112.3770022,28.525606],[112.376377,28.5263585],[112.3755889,28.5271496],[112.3741078,28.5283757],[112.3729031,28.5291772]]}},{"type":"Feature","properties":{"osm_id":592133227,"name":"石长线","gauge":"","electrified":""},"geometry":{"type":"LineString","coordinates":[[112.3209477,28.5432398],[112.3215687,28.5431219],[112.3241705,28.5424433],[112.3252648,28.5422077],[112.3286551,28.5417694],[112.3291433,28.5417129],[112.3303825,28.5415691],[112.3318282,28.5414018],[112.3323807,28.5413429],[112.3341431,28.5411477],[112.3393552,28.5405309],[112.3429703,28.5400948],[112.3435119,28.5400352],[112.3476398,28.5395569],[112.3510247,28.5391704],[112.3527306,28.5389843],[112.3544362,28.5387587],[112.3556665,28.5385113],[112.3570477,28.5381697],[112.3579046,28.5379287],[112.3587817,28.5376176],[112.3606573,28.5368005]]}},{"type":"Feature","properties":{"osm_id":592149705,"name":"石长线","gauge":"","electrified":""},"geometry":{"type":"LineString","coordinates":[[112.5835672,28.2934294],[112.5845808,28.2934982]]}},{"type":"Feature","properties":{"osm_id":592149706,"name":"石长线","gauge":"","electrified":""},"geometry":{"type":"LineString","coordinates":[[112.5854538,28.2936387],[112.5862116,28.2938855],[112.5872523,28.2942445],[112.5885504,28.2950286],[112.5895804,28.295808],[112.5919461,28.2982028],[112.5941596,28.2999642]]}},{"type":"Feature","properties":{"osm_id":592149717,"name":"石长线","gauge":"","electrified":""},"geometry":{"type":"LineString","coordinates":[[112.5628842,28.2933113],[112.5625945,28.2933868],[112.5618167,28.2936513],[112.5614754,28.2938043]]}},{"type":"Feature","properties":{"osm_id":592149721,"name":"石长线","gauge":"","electrified":""},"geometry":{"type":"LineString","coordinates":[[112.434082,28.4254014],[112.4328589,28.4292038]]}},{"type":"Feature","properties":{"osm_id":592149722,"name":"石长线","gauge":"","electrified":""},"geometry":{"type":"LineString","coordinates":[[112.437585,28.4168054],[112.4366194,28.4183812],[112.4359113,28.4198768],[112.4353266,28.421462],[112.434082,28.4254014]]}},{"type":"Feature","properties":{"osm_id":592149723,"name":"石长线","gauge":"","electrified":""},"geometry":{"type":"LineString","coordinates":[[112.441383,28.4127478],[112.4390173,28.4149512]]}},{"type":"Feature","properties":{"osm_id":601364862,"name":"石长线","gauge":"","electrified":""},"geometry":{"type":"LineString","coordinates":[[111.8443984,28.8183003],[111.8428354,28.819336],[111.837097,28.8229251],[111.8357796,28.8238336],[111.8332543,28.825407],[111.8308818,28.8269768],[111.8256293,28.830278],[111.8240549,28.8313757],[111.8233284,28.8319621],[111.8218582,28.8332872],[111.8213887,28.8336826],[111.8209593,28.8340425]]}},{"type":"Feature","properties":{"osm_id":601364864,"name":"石长线","gauge":"","electrified":""},"geometry":{"type":"LineString","coordinates":[[111.8209593,28.8340425],[111.8208291,28.8341516]]}},{"type":"Feature","properties":{"osm_id":601364867,"name":"石长线","gauge":"","electrified":""},"geometry":{"type":"LineString","coordinates":[[111.8463081,28.8170689],[111.8443984,28.8183003]]}},{"type":"Feature","properties":{"osm_id":601364870,"name":"石长线","gauge":"","electrified":""},"geometry":{"type":"LineString","coordinates":[[111.8109743,28.8426527],[111.8107913,28.8428218]]}},{"type":"Feature","properties":{"osm_id":601364872,"name":"石长线","gauge":"","electrified":""},"geometry":{"type":"LineString","coordinates":[[111.8005407,28.849304],[111.7998767,28.8496701],[111.7965925,28.8516445],[111.7959017,28.8521426],[111.7946697,28.8532403],[111.7934666,28.8544551],[111.7890281,28.8592867],[111.7879418,28.8604429],[111.7868972,28.8614144],[111.7854166,28.8625513],[111.7836571,28.863599],[111.7815274,28.8644164],[111.780197,28.8647923],[111.7791295,28.8650694],[111.7779225,28.8653842],[111.77634,28.865807],[111.7756212,28.866009],[111.7747682,28.8662533],[111.7741406,28.8664882],[111.7734647,28.8667842],[111.7723918,28.8672962],[111.7697843,28.8689312]]}},{"type":"Feature","properties":{"osm_id":601364876,"name":"石长线","gauge":"","electrified":""},"geometry":{"type":"LineString","coordinates":[[111.8208291,28.8341516],[111.8204391,28.8344785],[111.8176649,28.8369292],[111.81596,28.8383815],[111.8109743,28.8426527]]}},{"type":"Feature","properties":{"osm_id":601679935,"name":"石长线","gauge":"","electrified":""},"geometry":{"type":"LineString","coordinates":[[111.8477528,28.8161489],[111.8463081,28.8170689]]}},{"type":"Feature","properties":{"osm_id":601679937,"name":"石长线","gauge":"","electrified":""},"geometry":{"type":"LineString","coordinates":[[111.8480335,28.8159764],[111.8477528,28.8161489]]}},{"type":"Feature","properties":{"osm_id":601679939,"name":"石长线","gauge":"","electrified":""},"geometry":{"type":"LineString","coordinates":[[111.9486856,28.7679028],[111.9483212,28.7681399]]}},{"type":"Feature","properties":{"osm_id":601679941,"name":"石长线","gauge":"","electrified":""},"geometry":{"type":"LineString","coordinates":[[111.8505207,28.8145168],[111.8501889,28.8146911]]}},{"type":"Feature","properties":{"osm_id":601679944,"name":"石长线","gauge":"","electrified":""},"geometry":{"type":"LineString","coordinates":[[111.8501889,28.8146911],[111.8491942,28.8152688],[111.8480335,28.8159764]]}},{"type":"Feature","properties":{"osm_id":601679945,"name":"石长线","gauge":"","electrified":""},"geometry":{"type":"LineString","coordinates":[[111.9483212,28.7681399],[111.9462158,28.7695099],[111.9455683,28.769948],[111.9453043,28.7701266],[111.944254,28.7708522],[111.9430213,28.77169],[111.9424494,28.7720939]]}},{"type":"Feature","properties":{"osm_id":601733888,"name":"石长线","gauge":"","electrified":""},"geometry":{"type":"LineString","coordinates":[[111.9934805,28.7060604],[111.9933245,28.7066563]]}},{"type":"Feature","properties":{"osm_id":601733889,"name":"石长线","gauge":"","electrified":""},"geometry":{"type":"LineString","coordinates":[[111.9937277,28.7049958],[111.9934805,28.7060604]]}},{"type":"Feature","properties":{"osm_id":603819567,"name":"石长线","gauge":"","electrified":""},"geometry":{"type":"LineString","coordinates":[[111.6167081,29.4007531],[111.6158851,29.3986221],[111.6136433,29.3927127],[111.6122707,29.3894539],[111.6109182,29.3874535],[111.6090406,29.3852033],[111.6071644,29.3827951],[111.6058414,29.3803756],[111.6049777,29.3779908],[111.6034605,29.3730938],[111.6022223,29.3679386],[111.6018485,29.3663408]]}},{"type":"Feature","properties":{"osm_id":603819569,"name":"石长线","gauge":"","electrified":""},"geometry":{"type":"LineString","coordinates":[[111.6166256,29.4294926],[111.617392,29.4288949],[111.6187393,29.4276124]]}},{"type":"Feature","properties":{"osm_id":603819571,"name":"石长线","gauge":"","electrified":""},"geometry":{"type":"LineString","coordinates":[[111.6204064,29.4117316],[111.6203687,29.4114661],[111.6190191,29.4067631],[111.6175207,29.4028571],[111.6167081,29.4007531]]}},{"type":"Feature","properties":{"osm_id":603819574,"name":"石长线","gauge":"","electrified":""},"geometry":{"type":"LineString","coordinates":[[111.6187393,29.4276124],[111.6202285,29.4255775],[111.6210006,29.4237046],[111.6213552,29.4218216],[111.6213895,29.4203272],[111.621012,29.4165562],[111.6208633,29.4149472],[111.6204064,29.4117316]]}},{"type":"Feature","properties":{"osm_id":607344260,"name":"石长线","gauge":"","electrified":""},"geometry":{"type":"LineString","coordinates":[[112.9663466,28.3150862],[112.9661212,28.3155791],[112.9651215,28.3172871],[112.9636896,28.3194509],[112.9630949,28.3205383],[112.9616954,28.3230814],[112.9606072,28.3252354],[112.9602982,28.325734],[112.959912,28.3261647],[112.9594914,28.3265198],[112.9590194,28.3268069],[112.9585044,28.3270411],[112.9581616,28.3271599],[112.9581288,28.3271713],[112.9574906,28.3273225]]}},{"type":"Feature","properties":{"osm_id":607344285,"name":"石长线","gauge":"","electrified":""},"geometry":{"type":"LineString","coordinates":[[112.9387933,28.3163435],[112.9413199,28.3183081],[112.9423392,28.3190731],[112.9436641,28.3201309],[112.9444018,28.3208322],[112.9459473,28.3223189],[112.9463555,28.3226547]]}},{"type":"Feature","properties":{"osm_id":607567181,"name":"石长线","gauge":"","electrified":""},"geometry":{"type":"LineString","coordinates":[[112.7941217,28.3163258],[112.793254,28.3162892]]}},{"type":"Feature","properties":{"osm_id":607567182,"name":"石长线","gauge":"","electrified":""},"geometry":{"type":"LineString","coordinates":[[112.793254,28.3162892],[112.792782,28.3162658],[112.7896611,28.3161109],[112.7886486,28.3160578],[112.7876589,28.3159445],[112.7868086,28.3158288],[112.785902,28.3156469],[112.7844697,28.3153282],[112.7820182,28.3147898],[112.7775496,28.3138335],[112.7732715,28.3129055],[112.7723354,28.3127071],[112.7714905,28.3125725],[112.7639776,28.3115855],[112.7631569,28.3114461],[112.761392,28.3110683],[112.7596486,28.3106834],[112.7569662,28.3100832]]}},{"type":"Feature","properties":{"osm_id":607640342,"name":"石长线","gauge":"","electrified":""},"geometry":{"type":"LineString","coordinates":[[111.7157167,29.0588285],[111.7159581,29.0581626]]}},{"type":"Feature","properties":{"osm_id":607640345,"name":"石长线","gauge":"","electrified":""},"geometry":{"type":"LineString","coordinates":[[111.6657312,29.1023678],[111.666153,29.101498],[111.6681704,29.0974691],[111.6701304,29.0936562],[111.6708799,29.0921981],[111.67169,29.0905805],[111.6722043,29.0895415],[111.672501,29.0888722]]}},{"type":"Feature","properties":{"osm_id":607640351,"name":"石长线","gauge":"","electrified":""},"geometry":{"type":"LineString","coordinates":[[112.6896431,28.2926588],[112.6892808,28.2924897]]}},{"type":"Feature","properties":{"osm_id":607640352,"name":"石长线","gauge":"","electrified":""},"geometry":{"type":"LineString","coordinates":[[112.6892379,28.2925429],[112.6896027,28.2927117]]}},{"type":"Feature","properties":{"osm_id":607640353,"name":"石长线","gauge":"","electrified":""},"geometry":{"type":"LineString","coordinates":[[112.6892808,28.2924897],[112.6876396,28.2917754],[112.685314,28.2909228],[112.6839116,28.2904765],[112.6837367,28.2904208],[112.6821463,28.2900065],[112.6794722,28.2894466],[112.6775269,28.2891287]]}},{"type":"Feature","properties":{"osm_id":607640354,"name":"石长线","gauge":"","electrified":""},"geometry":{"type":"LineString","coordinates":[[112.6896027,28.2927117],[112.6913273,28.2936116],[112.6923788,28.2942256],[112.6935697,28.2949294],[112.694865,28.2956915]]}},{"type":"Feature","properties":{"osm_id":607640355,"name":"石长线","gauge":"","electrified":""},"geometry":{"type":"LineString","coordinates":[[112.6764738,28.2890449],[112.6775059,28.2891737]]}},{"type":"Feature","properties":{"osm_id":607640356,"name":"石长线","gauge":"","electrified":""},"geometry":{"type":"LineString","coordinates":[[112.6764974,28.2889753],[112.6775269,28.2891287]]}},{"type":"Feature","properties":{"osm_id":38799544,"name":"石长线","gauge":"","electrified":""},"geometry":{"type":"LineString","coordinates":[[112.9195896,28.3026904],[112.9204883,28.3030109],[112.9213514,28.3033736],[112.9222978,28.3039081],[112.9230988,28.3044151],[112.9252694,28.3061001],[112.9259076,28.3065755],[112.9263283,28.306888],[112.9387933,28.3163435]]}},{"type":"Feature","properties":{"osm_id":96237821,"name":"石长线","gauge":"","electrified":""},"geometry":{"type":"LineString","coordinates":[[112.7227852,28.3077851],[112.7234847,28.3079339],[112.7242807,28.3080874]]}},{"type":"Feature","properties":{"osm_id":96237823,"name":"石长线","gauge":"","electrified":""},"geometry":{"type":"LineString","coordinates":[[112.7255313,28.3082252],[112.726124,28.3082556],[112.7288583,28.3083482],[112.7307567,28.3084478]]}},{"type":"Feature","properties":{"osm_id":148223785,"name":"石长线","gauge":"","electrified":""},"geometry":{"type":"LineString","coordinates":[[112.3087638,28.5393476],[112.3068792,28.5387661],[112.30261,28.5375827],[112.3003804,28.5374393],[112.2980112,28.5373247]]}},{"type":"Feature","properties":{"osm_id":234005885,"name":"石长线","gauge":"","electrified":""},"geometry":{"type":"LineString","coordinates":[[112.2801359,28.5362414],[112.2767491,28.5360477],[112.274992,28.5359296],[112.2734899,28.5359202],[112.2712277,28.5359836]]}},{"type":"Feature","properties":{"osm_id":234005887,"name":"石长线","gauge":"","electrified":""},"geometry":{"type":"LineString","coordinates":[[112.2712277,28.5359836],[112.2679161,28.5360949],[112.2665651,28.5361705],[112.2652331,28.5363217],[112.2649988,28.5363652]]}},{"type":"Feature","properties":{"osm_id":239237752,"name":"石长线","gauge":"","electrified":""},"geometry":{"type":"LineString","coordinates":[[111.7269196,28.9071837],[111.7279091,28.9051147],[111.7286859,28.9036554],[111.7295998,28.9024309],[111.7305082,28.9013903],[111.7318149,28.9002505],[111.7359749,28.8968746],[111.7376658,28.8955061]]}},{"type":"Feature","properties":{"osm_id":253935093,"name":"石长线","gauge":"","electrified":""},"geometry":{"type":"LineString","coordinates":[[111.725899,29.0332695],[111.726035,29.0368113],[111.7259344,29.038527],[111.7257835,29.0398174],[111.7253306,29.0415037],[111.7247771,29.0427207],[111.7231,29.0456826],[111.7228997,29.0460316]]}},{"type":"Feature","properties":{"osm_id":378210629,"name":"石长线","gauge":"","electrified":""},"geometry":{"type":"LineString","coordinates":[[111.6640305,29.105678],[111.6648171,29.1040896]]}},{"type":"Feature","properties":{"osm_id":378210630,"name":"石长线","gauge":"","electrified":""},"geometry":{"type":"LineString","coordinates":[[112.2069023,28.5597549],[112.2070555,28.5596813]]}},{"type":"Feature","properties":{"osm_id":378210632,"name":"石长线","gauge":"","electrified":""},"geometry":{"type":"LineString","coordinates":[[112.2640586,28.5365485],[112.2622809,28.5370774]]}},{"type":"Feature","properties":{"osm_id":406437685,"name":"石长线","gauge":"","electrified":""},"geometry":{"type":"LineString","coordinates":[[112.598661,28.3032623],[112.6014682,28.3053337]]}},{"type":"Feature","properties":{"osm_id":442404806,"name":"石长线","gauge":"","electrified":""},"geometry":{"type":"LineString","coordinates":[[112.5941596,28.2999642],[112.594711,28.300386],[112.598661,28.3032623]]}},{"type":"Feature","properties":{"osm_id":494144228,"name":"石长线","gauge":"","electrified":""},"geometry":{"type":"LineString","coordinates":[[111.412121,29.5834131],[111.4112979,29.581245]]}},{"type":"Feature","properties":{"osm_id":494898861,"name":"石长线","gauge":"","electrified":""},"geometry":{"type":"LineString","coordinates":[[111.4141808,29.5922228],[111.4138555,29.5931018]]}},{"type":"Feature","properties":{"osm_id":503478263,"name":"石长线","gauge":"","electrified":""},"geometry":{"type":"LineString","coordinates":[[111.5675261,29.2740898],[111.5670839,29.2732858]]}},{"type":"Feature","properties":{"osm_id":512586924,"name":"石长线","gauge":"","electrified":""},"geometry":{"type":"LineString","coordinates":[[111.9424494,28.7720939],[111.9395499,28.7739851],[111.9381914,28.7748531],[111.9371204,28.7756096],[111.9361159,28.7762422],[111.9348449,28.7770746],[111.934316,28.777421],[111.9333286,28.7780141],[111.9270991,28.7821614],[111.926579,28.7824722],[111.9246476,28.7834574],[111.9235981,28.7839075],[111.9218758,28.7845333],[111.920783,28.7849804],[111.9197888,28.7854362],[111.9191374,28.7858109],[111.9183169,28.7863799],[111.9168864,28.7876091],[111.9151258,28.7890333],[111.9142733,28.789855],[111.9133013,28.7905761],[111.9105381,28.7922806],[111.9082114,28.7933952],[111.9071637,28.7939814],[111.9058124,28.7946919]]}},{"type":"Feature","properties":{"osm_id":512586926,"name":"石长线","gauge":"","electrified":""},"geometry":{"type":"LineString","coordinates":[[111.7260559,29.0315011],[111.7260215,29.0305444],[111.725528,29.0164533],[111.7252759,29.0152195]]}},{"type":"Feature","properties":{"osm_id":526414433,"name":"石长线","gauge":"","electrified":""},"geometry":{"type":"LineString","coordinates":[[111.4733677,29.5554703],[111.4737713,29.5549215]]}},{"type":"Feature","properties":{"osm_id":607640341,"name":"石长线","gauge":"","electrified":""},"geometry":{"type":"LineString","coordinates":[[111.7157865,29.0588472],[111.7160708,29.0582001]]}},{"type":"Feature","properties":{"osm_id":717748233,"name":"石长线","gauge":"","electrified":""},"geometry":{"type":"LineString","coordinates":[[111.7376658,28.8955061],[111.7380016,28.8952343]]}},{"type":"Feature","properties":{"osm_id":1070242007,"name":"","gauge":"","electrified":""},"geometry":{"type":"LineString","coordinates":[[126.4423466,41.9430882],[126.4427484,41.9433823],[126.4432279,41.9437073],[126.443765,41.9440753],[126.4441352,41.9443247],[126.4445404,41.9446091],[126.4448909,41.944854],[126.4452393,41.9450843],[126.4460064,41.945606]]}},{"type":"Feature","properties":{"osm_id":1070242014,"name":"","gauge":"","electrified":""},"geometry":{"type":"LineString","coordinates":[[126.4557289,41.9523492],[126.4560196,41.9525069],[126.456253,41.9526409]]}},{"type":"Feature","properties":{"osm_id":1070293513,"name":"","gauge":"","electrified":""},"geometry":{"type":"LineString","coordinates":[[126.4551026,41.9515576],[126.4546229,41.9512254],[126.4532763,41.9502895],[126.4502046,41.9481547]]}},{"type":"Feature","properties":{"osm_id":1070293515,"name":"","gauge":"","electrified":""},"geometry":{"type":"LineString","coordinates":[[126.4516397,41.9490571],[126.4551755,41.9515006],[126.4556083,41.9517872],[126.456148,41.9521506],[126.4564988,41.9523935],[126.4567004,41.9525605],[126.4568889,41.9527664],[126.457093,41.952996],[126.457123,41.9530303],[126.4572181,41.9531393],[126.4573397,41.9532784]]}},{"type":"Feature","properties":{"osm_id":1070293516,"name":"","gauge":"","electrified":""},"geometry":{"type":"LineString","coordinates":[[126.4569476,41.9527626],[126.4569884,41.9528241],[126.4570382,41.9528992],[126.457123,41.9530303]]}},{"type":"Feature","properties":{"osm_id":1070293519,"name":"","gauge":"","electrified":""},"geometry":{"type":"LineString","coordinates":[[126.4571727,41.9532172],[126.4571297,41.9531762],[126.4569739,41.9530279],[126.4565475,41.9526639],[126.4564862,41.9526084]]}},{"type":"Feature","properties":{"osm_id":1070293535,"name":"","gauge":"","electrified":""},"geometry":{"type":"LineString","coordinates":[[126.4483284,41.9467848],[126.4480184,41.9466777],[126.4476261,41.9465417],[126.4473789,41.9464397],[126.4471029,41.9463162],[126.4469098,41.9462169],[126.4467095,41.9460921],[126.4464317,41.9458975],[126.4462115,41.9457445],[126.4460064,41.945606]]}},{"type":"Feature","properties":{"osm_id":807408047,"name":"石长线","gauge":"","electrified":""},"geometry":{"type":"LineString","coordinates":[[111.624069,29.140041],[111.624504,29.139643]]}},{"type":"Feature","properties":{"osm_id":1070293539,"name":"","gauge":"","electrified":""},"geometry":{"type":"LineString","coordinates":[[126.4497931,41.9473941],[126.4495284,41.947284]]}},{"type":"Feature","properties":{"osm_id":1070293540,"name":"","gauge":"","electrified":""},"geometry":{"type":"LineString","coordinates":[[126.4501286,41.9476778],[126.4499347,41.9475687],[126.4497025,41.9474472]]}},{"type":"Feature","properties":{"osm_id":1070293542,"name":"","gauge":"","electrified":""},"geometry":{"type":"LineString","coordinates":[[126.4500592,41.9475103],[126.4507209,41.9478745],[126.4510479,41.9480489],[126.4512375,41.948164],[126.4513994,41.9482649],[126.4520905,41.948744],[126.4534483,41.9496639],[126.4546067,41.950457],[126.4552337,41.9508844],[126.4554277,41.9510146],[126.4555955,41.9511488],[126.455729,41.9512648],[126.4558715,41.9514057],[126.4560522,41.9515856],[126.4561909,41.9517274]]}},{"type":"Feature","properties":{"osm_id":1070293544,"name":"","gauge":"","electrified":""},"geometry":{"type":"LineString","coordinates":[[126.4534013,41.9495112],[126.453714,41.9497203],[126.4543739,41.9501735],[126.4550519,41.9506299],[126.4554006,41.9508749],[126.4556538,41.951068],[126.4558287,41.9512268],[126.4559596,41.9513588],[126.4560416,41.9514423],[126.4561129,41.9515382],[126.4561988,41.9516708]]}},{"type":"Feature","properties":{"osm_id":1070293545,"name":"","gauge":"","electrified":""},"geometry":{"type":"LineString","coordinates":[[126.4560749,41.951422],[126.4560324,41.9513565],[126.4559444,41.9512505],[126.4558382,41.9511466],[126.4557366,41.9510575],[126.4555146,41.9508913],[126.455111,41.9506115],[126.4537773,41.9497099],[126.4528472,41.9490757],[126.4523313,41.9487236],[126.451776,41.9483444],[126.4513223,41.9480386],[126.451119,41.9479224],[126.4508762,41.9477903],[126.4506107,41.9476718],[126.4503239,41.9475466],[126.4498145,41.947336]]}},{"type":"Feature","properties":{"osm_id":1070293546,"name":"","gauge":"","electrified":""},"geometry":{"type":"LineString","coordinates":[[126.4563348,41.9517224],[126.4562449,41.9515619],[126.4561432,41.9514344],[126.4560431,41.9512945],[126.4559187,41.9511545],[126.4557669,41.9510203],[126.4551979,41.950614],[126.4544772,41.9501254]]}},{"type":"Feature","properties":{"osm_id":1071948735,"name":"","gauge":"","electrified":""},"geometry":{"type":"LineString","coordinates":[[126.442195,41.9429753],[126.4423466,41.9430882]]}},{"type":"Feature","properties":{"osm_id":1072702935,"name":"","gauge":"","electrified":""},"geometry":{"type":"LineString","coordinates":[[126.4422973,41.9431316],[126.4421408,41.9430193]]}},{"type":"Feature","properties":{"osm_id":96237820,"name":"石长线","gauge":"","electrified":""},"geometry":{"type":"LineString","coordinates":[[112.8945476,28.3051179],[112.9046456,28.3028113],[112.9047268,28.3027932],[112.9074291,28.3021575],[112.9082738,28.3019754],[112.908774,28.3018736],[112.9094821,28.3017558],[112.9101461,28.3016856],[112.910555,28.3016602],[112.9111683,28.3016543],[112.911597,28.3016708],[112.9120647,28.301709],[112.912863,28.3017971],[112.9135651,28.3018805],[112.9179636,28.3023608],[112.9187853,28.3025004],[112.9195896,28.3026904]]}},{"type":"Feature","properties":{"osm_id":96237824,"name":"石长线","gauge":"","electrified":""},"geometry":{"type":"LineString","coordinates":[[112.7221756,28.3076352],[112.7227852,28.3077851]]}},{"type":"Feature","properties":{"osm_id":96237826,"name":"石长线","gauge":"","electrified":""},"geometry":{"type":"LineString","coordinates":[[112.7326659,28.3085308],[112.7347605,28.3085803],[112.7380984,28.3087155]]}},{"type":"Feature","properties":{"osm_id":96237827,"name":"石长线","gauge":"","electrified":""},"geometry":{"type":"LineString","coordinates":[[112.7307567,28.3084478],[112.7326659,28.3085308]]}},{"type":"Feature","properties":{"osm_id":148209276,"name":"石长线","gauge":"","electrified":""},"geometry":{"type":"LineString","coordinates":[[111.4805299,29.5337874],[111.483345,29.527174],[111.4839092,29.525817],[111.484077,29.524721],[111.48432,29.5233427],[111.484342,29.5222207],[111.484175,29.5161757],[111.48407,29.511839],[111.484268,29.510502],[111.484558,29.509441],[111.484856,29.508657],[111.485214,29.507893],[111.490219,29.499096],[111.490677,29.498343],[111.491394,29.497385],[111.492683,29.496098],[111.500587,29.488838],[111.501663,29.487738],[111.502045,29.487267],[111.502899,29.486023],[111.505676,29.481279],[111.506142,29.480593],[111.506874,29.479765],[111.507477,29.479204],[111.5129402,29.4745728],[111.5136283,29.4738089],[111.5141142,29.4732396],[111.5145312,29.4726949],[111.5151008,29.4717056],[111.5161335,29.4694946],[111.517036,29.467278],[111.520973,29.457834],[111.5214,29.457022],[111.52166,29.456636],[111.52195,29.456276],[111.522491,29.455795],[111.523346,29.455273],[111.524033,29.454948],[111.532204,29.451204],[111.534637,29.450214],[111.536362,29.449579],[111.543131,29.447225]]}},{"type":"Feature","properties":{"osm_id":148209277,"name":"石长线","gauge":"","electrified":""},"geometry":{"type":"LineString","coordinates":[[111.6117814,29.4232362],[111.611267,29.419537],[111.611198,29.418638],[111.611221,29.41774],[111.611282,29.417065],[111.611511,29.415958],[111.612312,29.413328],[111.612801,29.411322],[111.613976,29.4039],[111.614067,29.402895],[111.614014,29.401884],[111.613846,29.400894],[111.612915,29.397903],[111.612617,29.396778],[111.6124785,29.395962],[111.612402,29.3953461],[111.6123695,29.3944748],[111.612312,29.393682],[111.612255,29.3911128],[111.6119236,29.3897695],[111.611479,29.3887243],[111.6107445,29.3874653],[111.6100006,29.386525],[111.6070828,29.3830246],[111.606056,29.381659],[111.6055365,29.38066],[111.605148,29.379866],[111.604736,29.378628],[111.603752,29.374805],[111.6032513,29.372959],[111.6007253,29.363186],[111.5998633,29.3597213],[111.5995379,29.358114],[111.599424,29.357081],[111.5993346,29.3560057],[111.5991232,29.3479194],[111.5990258,29.3470293],[111.5988888,29.3463746],[111.5984297,29.3450656],[111.594656,29.3372983],[111.594229,29.3362453],[111.5939813,29.335152],[111.5938309,29.334009],[111.593475,29.330462],[111.593216,29.328281],[111.5929682,29.3270873],[111.592659,29.325903],[111.590897,29.320492],[111.59053,29.319536],[111.5898597,29.3178829],[111.5876209,29.3136316],[111.5872796,29.3128896],[111.5868766,29.3116423],[111.5864326,29.3100847],[111.5862143,29.3087466],[111.5853085,29.3005727],[111.5850393,29.29954],[111.5846802,29.298511],[111.584244,29.2975363],[111.5835821,29.2963482],[111.5764527,29.2845764],[111.5757088,29.2835836],[111.5749754,29.2827127],[111.5683677,29.27526],[111.5677866,29.2745343],[111.5675261,29.2740898]]}},{"type":"Feature","properties":{"osm_id":148209278,"name":"石长线","gauge":"","electrified":""},"geometry":{"type":"LineString","coordinates":[[111.7047089,28.9574555],[111.7044353,28.9562985],[111.7043388,28.9556789],[111.70424,28.9547397],[111.7039923,28.9498262],[111.7040373,28.9490905],[111.7041124,28.9485518],[111.70427,28.9478489],[111.7045027,28.9472249],[111.7048856,28.9464628],[111.7051426,28.9460289]]}},{"type":"Feature","properties":{"osm_id":148209279,"name":"石长线","gauge":"","electrified":""},"geometry":{"type":"LineString","coordinates":[[111.712364,28.9872871],[111.7129037,28.9850477],[111.7133826,28.9830645],[111.7138499,28.9816959],[111.7156067,28.9772636],[111.715875,28.9762852],[111.7160252,28.9752856],[111.7159462,28.974018],[111.7156852,28.9728871],[111.715022,28.9715311],[111.71422,28.9704916],[111.7089441,28.9651155],[111.7073348,28.9634774],[111.7065865,28.9626373],[111.7059535,28.9616798],[111.7055458,28.9607646],[111.7052615,28.9598446],[111.7047089,28.9574555]]}},{"type":"Feature","properties":{"osm_id":148209280,"name":"石长线","gauge":"","electrified":""},"geometry":{"type":"LineString","coordinates":[[111.4143976,29.58957],[111.41404,29.588581],[111.4138049,29.5878693],[111.412121,29.5834131]]}},{"type":"Feature","properties":{"osm_id":148209281,"name":"石长线","gauge":"","electrified":""},"geometry":{"type":"LineString","coordinates":[[111.6123606,29.4276927],[111.6117814,29.4232362]]}},{"type":"Feature","properties":{"osm_id":148209282,"name":"石长线","gauge":"","electrified":""},"geometry":{"type":"LineString","coordinates":[[111.6230562,29.1408019],[111.624069,29.140041]]}},{"type":"Feature","properties":{"osm_id":148223784,"name":"石长线","gauge":"","electrified":""},"geometry":{"type":"LineString","coordinates":[[112.455732,28.3888686],[112.4561328,28.3778852],[112.4561688,28.3770357],[112.4563298,28.3740029],[112.4563705,28.3730561],[112.4564335,28.372269],[112.456526,28.3717217],[112.4567366,28.3708605],[112.4570974,28.3698418],[112.46088,28.3628783]]}},{"type":"Feature","properties":{"osm_id":205962074,"name":"石长线","gauge":"","electrified":""},"geometry":{"type":"LineString","coordinates":[[112.1251586,28.5724644],[112.12735,28.5724149],[112.1334127,28.5715593],[112.1403698,28.5706793],[112.1451127,28.5700647],[112.1484895,28.5696172],[112.1556937,28.5687111],[112.1566337,28.5685222],[112.1575891,28.5682825]]}},{"type":"Feature","properties":{"osm_id":224281143,"name":"石长线","gauge":"","electrified":""},"geometry":{"type":"LineString","coordinates":[[112.6387497,28.2945609],[112.6390176,28.294422],[112.6392602,28.2943131]]}},{"type":"Feature","properties":{"osm_id":224281144,"name":"石长线","gauge":"","electrified":""},"geometry":{"type":"LineString","coordinates":[[112.6067526,28.3086765],[112.6075923,28.3090653]]}},{"type":"Feature","properties":{"osm_id":224281145,"name":"石长线","gauge":"","electrified":""},"geometry":{"type":"LineString","coordinates":[[112.6363613,28.2959905],[112.6372697,28.2954138],[112.6381956,28.2948562],[112.6387497,28.2945609]]}},{"type":"Feature","properties":{"osm_id":224281146,"name":"石长线","gauge":"","electrified":""},"geometry":{"type":"LineString","coordinates":[[112.6392602,28.2943131],[112.6397486,28.2941165],[112.6402214,28.2939435],[112.6407765,28.2937906],[112.6413853,28.2936495],[112.6469867,28.2928559]]}},{"type":"Feature","properties":{"osm_id":224281147,"name":"石长线","gauge":"","electrified":""},"geometry":{"type":"LineString","coordinates":[[112.6075923,28.3090653],[112.6083335,28.30939],[112.6090278,28.3096282],[112.6097094,28.3098174],[112.6104124,28.3099404],[112.611183,28.310032],[112.611832,28.310045]]}},{"type":"Feature","properties":{"osm_id":224281148,"name":"石长线","gauge":"","electrified":""},"geometry":{"type":"LineString","coordinates":[[112.611832,28.310045],[112.6125953,28.3100276],[112.613376,28.3099402],[112.6140976,28.3097862],[112.6147681,28.309586],[112.61525,28.30938],[112.616112,28.308977],[112.6169093,28.30851],[112.6244399,28.3036255],[112.6338509,28.297632],[112.6363613,28.2959905]]}},{"type":"Feature","properties":{"osm_id":224321349,"name":"石长线","gauge":"","electrified":""},"geometry":{"type":"LineString","coordinates":[[112.4087542,28.4719967],[112.4095168,28.4714246],[112.4124596,28.46939],[112.413641,28.4684354],[112.414617,28.46735],[112.414917,28.466879],[112.4154046,28.4661269],[112.4158759,28.4651017],[112.4162933,28.4637271],[112.417793,28.457148],[112.4184255,28.4555086],[112.4190435,28.4541756],[112.4197685,28.4528946],[112.4303948,28.4360586]]}},{"type":"Feature","properties":{"osm_id":224321350,"name":"石长线","gauge":"","electrified":""},"geometry":{"type":"LineString","coordinates":[[112.5126356,28.3185863],[112.5091109,28.319637],[112.5046652,28.320853],[112.5011354,28.3221611],[112.4991559,28.323318],[112.4970603,28.3250373],[112.4909931,28.3303944],[112.4899149,28.3315442],[112.4889815,28.332668],[112.4851245,28.3386504],[112.4844861,28.3394672],[112.4837995,28.3402179],[112.4825066,28.3414502],[112.4776304,28.3455294],[112.4768098,28.3463618],[112.4746636,28.3489997],[112.4734262,28.3505987],[112.471789,28.3520923],[112.4707849,28.3527975]]}},{"type":"Feature","properties":{"osm_id":224321351,"name":"石长线","gauge":"","electrified":""},"geometry":{"type":"LineString","coordinates":[[112.4303948,28.4360586],[112.4306277,28.4356952]]}},{"type":"Feature","properties":{"osm_id":224321352,"name":"石长线","gauge":"","electrified":""},"geometry":{"type":"LineString","coordinates":[[112.4306277,28.4356952],[112.432259,28.433035],[112.433128,28.431471],[112.433868,28.429855],[112.434578,28.428234],[112.434952,28.427128],[112.435104,28.425993],[112.435181,28.422874],[112.435257,28.422029],[112.435463,28.421194],[112.435661,28.420652],[112.436035,28.419865],[112.436523,28.419121],[112.437119,28.418434],[112.4379514,28.4176958]]}},{"type":"Feature","properties":{"osm_id":224321353,"name":"石长线","gauge":"","electrified":""},"geometry":{"type":"LineString","coordinates":[[112.515508,28.3182368],[112.516182,28.317852],[112.517334,28.317331],[112.519157,28.316723],[112.5197019,28.3165693],[112.5200685,28.3164659],[112.5203526,28.3163857],[112.5224891,28.315783],[112.526176,28.314743],[112.527924,28.314116],[112.52906,28.313625],[112.530426,28.312916],[112.533249,28.311193],[112.534042,28.31077],[112.534866,28.310389],[112.536285,28.309855],[112.546509,28.307167],[112.547913,28.306736],[112.548973,28.306282],[112.549721,28.305882],[112.550636,28.305267],[112.551064,28.304928],[112.551849,28.304182],[112.552383,28.303587],[112.558113,28.296564],[112.5587828,28.2957994],[112.5591427,28.2953971],[112.5596523,28.2949436],[112.56098,28.2941194],[112.5615058,28.2938336]]}},{"type":"Feature","properties":{"osm_id":224321354,"name":"石长线","gauge":"","electrified":""},"geometry":{"type":"LineString","coordinates":[[112.46088,28.3628783],[112.4635006,28.358334],[112.4640806,28.357546],[112.4645996,28.357024],[112.4652096,28.356575],[112.4661026,28.356089],[112.4668276,28.355826],[112.4676056,28.355656],[112.4682965,28.3555324]]}},{"type":"Feature","properties":{"osm_id":224321469,"name":"石长线","gauge":"","electrified":""},"geometry":{"type":"LineString","coordinates":[[112.4328589,28.4292038],[112.4320006,28.4319682],[112.4305093,28.4356005],[112.4302947,28.4360298],[112.4217778,28.4494836],[112.4189291,28.4541879],[112.4169198,28.4573383],[112.4133824,28.4629906],[112.411418,28.4660288],[112.4096688,28.4688161],[112.4082233,28.4711232],[112.4068147,28.4735154],[112.4063318,28.4749395],[112.4059081,28.4760004],[112.4038428,28.4821586],[112.4016219,28.4887879],[112.4013537,28.4893348],[112.4009514,28.4901222],[112.4003023,28.491117],[112.3995191,28.4920788],[112.3987466,28.4929227],[112.3966759,28.4948038]]}},{"type":"Feature","properties":{"osm_id":234005881,"name":"石长线","gauge":"","electrified":""},"geometry":{"type":"LineString","coordinates":[[112.2649988,28.5363652],[112.2645976,28.5364396],[112.2640586,28.5365485]]}},{"type":"Feature","properties":{"osm_id":234106080,"name":"石长线","gauge":"","electrified":""},"geometry":{"type":"LineString","coordinates":[[112.0745534,28.6097296],[112.0731425,28.6112649],[112.071476,28.6130549],[112.070986,28.6136949],[112.070117,28.6146462],[112.0692909,28.6155692],[112.0679712,28.617029],[112.0666516,28.6185547],[112.0655946,28.6197413],[112.0640874,28.6213801],[112.0626497,28.6226421],[112.0616198,28.6233013],[112.0607614,28.623791],[112.0593452,28.6245162],[112.0583743,28.6248788],[112.0569849,28.6252931],[112.0556921,28.6255992],[112.054351,28.6259335],[112.0532513,28.6262019],[112.0522481,28.6264562],[112.0517492,28.626621],[112.0504832,28.6270966],[112.0491689,28.6277228],[112.0477796,28.6285045],[112.0420513,28.6320209],[112.0397545,28.6333461],[112.0378805,28.6346974],[112.0350284,28.6371083],[112.0343841,28.637741],[112.0315408,28.6401929],[112.030613,28.6410806],[112.0282433,28.6431801],[112.026884,28.6443052],[112.0255213,28.6452658],[112.0241131,28.6461109],[112.0208671,28.6475839],[112.018674,28.6488107],[112.0165018,28.6498517],[112.0148313,28.6509008],[112.0137691,28.6517011],[112.0126748,28.6525861],[112.0107153,28.6541146],[112.0088239,28.6556038],[112.0063072,28.6574865],[112.0060163,28.65769]]}},{"type":"Feature","properties":{"osm_id":234106081,"name":"石长线","gauge":"","electrified":""},"geometry":{"type":"LineString","coordinates":[[112.1573028,28.5681433],[112.1565327,28.5683799],[112.1558007,28.5685664],[112.1547348,28.568723],[112.1519984,28.5691052],[112.1484965,28.5695505],[112.1371561,28.5710534],[112.1313304,28.5717459],[112.1295601,28.572005],[112.1279293,28.5722147],[112.1270093,28.5722853],[112.1264702,28.5723136],[112.125856,28.5723324],[112.1253625,28.5723065],[112.1248555,28.5722288]]}},{"type":"Feature","properties":{"osm_id":234106082,"name":"石长线","gauge":"","electrified":""},"geometry":{"type":"LineString","coordinates":[[112.1575891,28.5682825],[112.1579704,28.5681868],[112.1594111,28.5676294],[112.160729,28.566987],[112.1646605,28.5649803]]}},{"type":"Feature","properties":{"osm_id":234106083,"name":"石长线","gauge":"","electrified":""},"geometry":{"type":"LineString","coordinates":[[112.2602059,28.5376716],[112.2597112,28.5378237],[112.2585492,28.5382347],[112.2571925,28.5389522],[112.2558347,28.5400108],[112.2545767,28.5409366],[112.253726,28.5413923],[112.2510143,28.5425897],[112.250635,28.5427567],[112.2491459,28.5433981],[112.2473268,28.5441817],[112.2442059,28.5455468],[112.2429251,28.5460428],[112.2415937,28.5463475],[112.2408365,28.546466],[112.2397164,28.5465483],[112.2379119,28.5466237],[112.2374329,28.54665],[112.2367316,28.5466755],[112.2357675,28.5467115],[112.2353961,28.5467221],[112.234053,28.5467844],[112.2312388,28.5469545]]}},{"type":"Feature","properties":{"osm_id":234106084,"name":"石长线","gauge":"","electrified":""},"geometry":{"type":"LineString","coordinates":[[111.8674996,28.8053573],[111.8648744,28.8067282],[111.86275,28.8079973],[111.8601215,28.8093511],[111.8581152,28.8104604],[111.8565274,28.811287],[111.854918,28.8121807],[111.8530542,28.8131508],[111.8505207,28.8145168]]}},{"type":"Feature","properties":{"osm_id":253935094,"name":"石长线","gauge":"","electrified":""},"geometry":{"type":"LineString","coordinates":[[111.725145,29.015214],[111.7250938,29.0150148]]}},{"type":"Feature","properties":{"osm_id":253935095,"name":"石长线","gauge":"","electrified":""},"geometry":{"type":"LineString","coordinates":[[111.6257878,29.1382335],[111.6277947,29.1359612]]}},{"type":"Feature","properties":{"osm_id":253935097,"name":"石长线","gauge":"","electrified":""},"geometry":{"type":"LineString","coordinates":[[111.7139661,28.9306137],[111.7142507,28.9301148]]}},{"type":"Feature","properties":{"osm_id":253935098,"name":"石长线","gauge":"","electrified":""},"geometry":{"type":"LineString","coordinates":[[111.725899,29.0332695],[111.7258745,29.0326322]]}},{"type":"Feature","properties":{"osm_id":253935099,"name":"石长线","gauge":"","electrified":""},"geometry":{"type":"LineString","coordinates":[[111.7142507,28.9301148],[111.7168377,28.9255804],[111.7194101,28.9211946],[111.7213767,28.9179241]]}},{"type":"Feature","properties":{"osm_id":253935100,"name":"石长线","gauge":"","electrified":""},"geometry":{"type":"LineString","coordinates":[[111.6277947,29.1359612],[111.628967,29.134634],[111.6297027,29.1336122],[111.633904,29.127281],[111.636116,29.123972],[111.636734,29.123127],[111.637917,29.121742],[111.640709,29.118637],[111.641609,29.11767],[111.642204,29.117126],[111.642876,29.116655],[111.643364,29.116385],[111.644157,29.116066],[111.644997,29.115841],[111.646149,29.115705],[111.650482,29.115498],[111.651329,29.115349],[111.652138,29.115097],[111.653412,29.114456],[111.6567349,29.1125639]]}},{"type":"Feature","properties":{"osm_id":253935101,"name":"石长线","gauge":"","electrified":""},"geometry":{"type":"LineString","coordinates":[[111.725145,29.015214],[111.7253508,29.0162156],[111.7254694,29.0173875],[111.7258002,29.0306964],[111.7258745,29.0326322]]}},{"type":"Feature","properties":{"osm_id":253935102,"name":"石长线","gauge":"","electrified":""},"geometry":{"type":"LineString","coordinates":[[111.7250938,29.0150148],[111.7247459,29.0139133],[111.7241767,29.0126376],[111.712922,28.9924427],[111.7124239,28.9913742],[111.7121511,28.9903472],[111.7120562,28.9894344],[111.7120562,28.9884177],[111.712364,28.9872871]]}},{"type":"Feature","properties":{"osm_id":311464053,"name":"石长线","gauge":"","electrified":""},"geometry":{"type":"LineString","coordinates":[[112.9574906,28.3273225],[112.956877,28.3273513]]}},{"type":"Feature","properties":{"osm_id":311464054,"name":"石长线","gauge":"","electrified":""},"geometry":{"type":"LineString","coordinates":[[112.9507362,28.325124],[112.9523772,28.3258534],[112.9549298,28.3269408],[112.9556252,28.3271713],[112.9562879,28.3273081],[112.956877,28.3273513]]}},{"type":"Feature","properties":{"osm_id":318878550,"name":"石长线","gauge":"","electrified":""},"geometry":{"type":"LineString","coordinates":[[111.611216,29.4322173],[111.6138691,29.4309869],[111.615499,29.43018],[111.6166256,29.4294926]]}},{"type":"Feature","properties":{"osm_id":378210595,"name":"石长线","gauge":"","electrified":""},"geometry":{"type":"LineString","coordinates":[[112.2210428,28.5538559],[112.2206158,28.5540749]]}},{"type":"Feature","properties":{"osm_id":378210597,"name":"石长线","gauge":"","electrified":""},"geometry":{"type":"LineString","coordinates":[[111.5822484,29.1654474],[111.5822955,29.1649072]]}},{"type":"Feature","properties":{"osm_id":378210600,"name":"石长线","gauge":"","electrified":""},"geometry":{"type":"LineString","coordinates":[[111.6648171,29.1040896],[111.6652892,29.1032204]]}},{"type":"Feature","properties":{"osm_id":378210603,"name":"石长线","gauge":"","electrified":""},"geometry":{"type":"LineString","coordinates":[[112.2622809,28.5370774],[112.261303,28.5373608]]}},{"type":"Feature","properties":{"osm_id":378210615,"name":"石长线","gauge":"","electrified":""},"geometry":{"type":"LineString","coordinates":[[112.1889948,28.5667556],[112.1900243,28.5665607]]}},{"type":"Feature","properties":{"osm_id":378210617,"name":"石长线","gauge":"","electrified":""},"geometry":{"type":"LineString","coordinates":[[111.6652892,29.1032204],[111.6657312,29.1023678]]}},{"type":"Feature","properties":{"osm_id":378210621,"name":"石长线","gauge":"","electrified":""},"geometry":{"type":"LineString","coordinates":[[111.622612,29.141087],[111.6230562,29.1408019]]}},{"type":"Feature","properties":{"osm_id":378210627,"name":"石长线","gauge":"","electrified":""},"geometry":{"type":"LineString","coordinates":[[112.261303,28.5373608],[112.2602059,28.5376716]]}},{"type":"Feature","properties":{"osm_id":378210636,"name":"石长线","gauge":"","electrified":""},"geometry":{"type":"LineString","coordinates":[[111.5822955,29.1649072],[111.582291,29.164555],[111.58239,29.164003],[111.582748,29.162933],[111.583008,29.162416],[111.583458,29.161673],[111.584023,29.160986],[111.58445,29.160564],[111.585388,29.159786],[111.597229,29.150398],[111.598503,29.149462],[111.599602,29.148809],[111.600471,29.148392],[111.601387,29.148033],[111.602333,29.147745],[111.603294,29.147518],[111.612808,29.146179],[111.613739,29.14599],[111.614647,29.1457],[111.615768,29.145182],[111.617912,29.143915],[111.622612,29.141087]]}},{"type":"Feature","properties":{"osm_id":378210637,"name":"石长线","gauge":"","electrified":""},"geometry":{"type":"LineString","coordinates":[[112.1646605,28.5649803],[112.1652044,28.5646919],[112.1658611,28.5643303]]}},{"type":"Feature","properties":{"osm_id":378210640,"name":"石长线","gauge":"","electrified":""},"geometry":{"type":"LineString","coordinates":[[112.1658611,28.5643303],[112.1662366,28.5641419]]}},{"type":"Feature","properties":{"osm_id":378210648,"name":"石长线","gauge":"","electrified":""},"geometry":{"type":"LineString","coordinates":[[112.1662366,28.5641419],[112.1668643,28.5639251],[112.1674651,28.5637131]]}},{"type":"Feature","properties":{"osm_id":378210649,"name":"石长线","gauge":"","electrified":""},"geometry":{"type":"LineString","coordinates":[[112.2291781,28.5475354],[112.2298148,28.5473122],[112.2305389,28.5471139],[112.2312388,28.5469545]]}},{"type":"Feature","properties":{"osm_id":378210662,"name":"石长线","gauge":"","electrified":""},"geometry":{"type":"LineString","coordinates":[[112.2206158,28.5540749],[112.219561,28.554616],[112.2181344,28.5552395],[112.2124,28.5572518],[112.2110349,28.5577761],[112.2070555,28.5596813]]}},{"type":"Feature","properties":{"osm_id":378210663,"name":"石长线","gauge":"","electrified":""},"geometry":{"type":"LineString","coordinates":[[112.2069023,28.5597549],[112.2060327,28.5601804],[112.1996559,28.5633404],[112.1956125,28.5652629],[112.1947008,28.5655936],[112.1936475,28.5658864],[112.1900243,28.5665607]]}},{"type":"Feature","properties":{"osm_id":378210664,"name":"石长线","gauge":"","electrified":""},"geometry":{"type":"LineString","coordinates":[[112.2291781,28.5475354],[112.2282854,28.5479841],[112.2274021,28.548584],[112.226259,28.5495949],[112.2244262,28.5515882],[112.2230753,28.5526982],[112.2222959,28.5532131],[112.2210428,28.5538559]]}},{"type":"Feature","properties":{"osm_id":391473592,"name":"石长线","gauge":"","electrified":""},"geometry":{"type":"LineString","coordinates":[[112.8438806,28.3148512],[112.8426361,28.3151959],[112.841118,28.3154415],[112.8402758,28.3155171],[112.8382641,28.3156493],[112.8354317,28.3158925],[112.8330311,28.3160672],[112.8317168,28.3161711],[112.8312275,28.3161953],[112.8225169,28.3168417],[112.8208023,28.3170782],[112.8200975,28.3171629],[112.8184131,28.317314]]}},{"type":"Feature","properties":{"osm_id":391473596,"name":"石长线","gauge":"","electrified":""},"geometry":{"type":"LineString","coordinates":[[112.919518,28.3025198],[112.9203914,28.3027815],[112.921236,28.3031055],[112.9221174,28.3035087],[112.9226889,28.303843],[112.9232397,28.3042281],[112.9243306,28.3050301],[112.9256506,28.30607],[112.9258273,28.3062033],[112.9263944,28.3066313],[112.9292259,28.3087787],[112.9303426,28.3096256],[112.9365138,28.3143412],[112.939711,28.3167695]]}},{"type":"Feature","properties":{"osm_id":391474374,"name":"石长线","gauge":"","electrified":""},"geometry":{"type":"LineString","coordinates":[[112.8184202,28.3173534],[112.8201126,28.3172105],[112.8214842,28.3170377],[112.822525,28.3168931],[112.8312473,28.3162327],[112.8317188,28.3162036],[112.8324643,28.3161539],[112.8330296,28.3161163],[112.8354481,28.3159425],[112.8382755,28.3157267],[112.8402949,28.3155889],[112.841138,28.315515],[112.8420128,28.3154011],[112.8426847,28.3152785],[112.8435079,28.3150588],[112.8439535,28.3149181]]}},{"type":"Feature","properties":{"osm_id":394222624,"name":"石长线","gauge":"","electrified":""},"geometry":{"type":"LineString","coordinates":[[111.7230298,29.0460873],[111.7249113,29.0428185],[111.7254639,29.04151],[111.7259464,29.0400092],[111.7262039,29.0377205],[111.7261159,29.0331707]]}},{"type":"Feature","properties":{"osm_id":405304966,"name":"石长线","gauge":"","electrified":""},"geometry":{"type":"LineString","coordinates":[[112.8174959,28.3174197],[112.8184202,28.3173534]]}},{"type":"Feature","properties":{"osm_id":405304967,"name":"石长线","gauge":"","electrified":""},"geometry":{"type":"LineString","coordinates":[[112.787655,28.3159794],[112.7886352,28.3160932],[112.7896638,28.3161522],[112.7922806,28.3162822],[112.7930944,28.3163226],[112.7932549,28.3163317]]}},{"type":"Feature","properties":{"osm_id":405592400,"name":"石长线","gauge":"","electrified":""},"geometry":{"type":"LineString","coordinates":[[112.636274,28.2959291],[112.6337823,28.2975209],[112.6310571,28.2992543],[112.6286271,28.300813],[112.6259931,28.3024921],[112.6243972,28.3035146],[112.6224875,28.3047285],[112.6211383,28.3056022],[112.6197838,28.3064547],[112.6184347,28.3073261],[112.6170641,28.3081951],[112.6162674,28.3086957],[112.6153769,28.3091421],[112.614465,28.3094986],[112.6138615,28.3096828],[112.6131829,28.3098174],[112.6122012,28.3099095]]}},{"type":"Feature","properties":{"osm_id":405592401,"name":"石长线","gauge":"","electrified":""},"geometry":{"type":"LineString","coordinates":[[112.6477481,28.292753],[112.6561832,28.2916126]]}},{"type":"Feature","properties":{"osm_id":405592402,"name":"石长线","gauge":"","electrified":""},"geometry":{"type":"LineString","coordinates":[[112.6122012,28.3099095],[112.6115709,28.3098953],[112.6106241,28.3098647],[112.6096638,28.3097182],[112.6086741,28.3094042],[112.6076817,28.3089933]]}},{"type":"Feature","properties":{"osm_id":405592403,"name":"石长线","gauge":"","electrified":""},"geometry":{"type":"LineString","coordinates":[[112.636274,28.2959291],[112.6382347,28.2946939],[112.6386535,28.2944307],[112.6392181,28.2941526],[112.6395195,28.2940397],[112.6407962,28.2936358],[112.641322,28.2935225],[112.6424619,28.2933524],[112.6450261,28.2930336],[112.6469331,28.292788]]}},{"type":"Feature","properties":{"osm_id":405653103,"name":"石长线","gauge":"","electrified":""},"geometry":{"type":"LineString","coordinates":[[112.7222048,28.3074413],[112.719021,28.3068103],[112.7121223,28.3052045],[112.7096761,28.3044393],[112.7083967,28.3038896],[112.7056421,28.3022195],[112.7012004,28.2994044],[112.6975311,28.2972034],[112.6948704,28.2955218],[112.69368,28.2948478],[112.6924568,28.2941726],[112.6913786,28.2935421],[112.6896431,28.2926588]]}},{"type":"Feature","properties":{"osm_id":406437683,"name":"石长线","gauge":"","electrified":""},"geometry":{"type":"LineString","coordinates":[[112.5628898,28.2933447],[112.5638285,28.2931345],[112.564255,28.2930731],[112.56488,28.2930259],[112.5652163,28.2930214],[112.5658345,28.2930094],[112.5667776,28.2930412],[112.5674065,28.2930539],[112.5677566,28.2930672],[112.5682703,28.2930678],[112.5719407,28.2931688],[112.575277,28.2932354],[112.5781455,28.2932968],[112.5799755,28.2933353],[112.5801198,28.2933417],[112.5811234,28.2933652],[112.5816866,28.2933784],[112.5829472,28.2934079],[112.5835672,28.2934294]]}},{"type":"Feature","properties":{"osm_id":406437687,"name":"石长线","gauge":"","electrified":""},"geometry":{"type":"LineString","coordinates":[[112.511726,28.3207712],[112.5150827,28.318501],[112.515508,28.3182368]]}},{"type":"Feature","properties":{"osm_id":406437688,"name":"石长线","gauge":"","electrified":""},"geometry":{"type":"LineString","coordinates":[[112.4682965,28.3555324],[112.470932,28.355061],[112.471924,28.354845],[112.472618,28.354601],[112.473053,28.354366],[112.473663,28.353958],[112.474022,28.353645],[112.474632,28.352934],[112.474876,28.352537],[112.475067,28.35211],[112.47525,28.351454],[112.475739,28.349001],[112.476059,28.347908],[112.476463,28.347076],[112.4771726,28.346113],[112.4776724,28.3455932],[112.4782617,28.3450897],[112.482552,28.341494],[112.483871,28.340284],[112.4845983,28.3395342],[112.4852189,28.3387064],[112.489059,28.332718],[112.489532,28.332058],[112.4902565,28.3312342],[112.4910372,28.3304254],[112.491896,28.3296463],[112.4971198,28.3250926],[112.4978908,28.3246078],[112.49868,28.3242027],[112.499557,28.323811],[112.500175,28.323641],[112.501442,28.323416],[112.506607,28.322767],[112.507896,28.322525],[112.50885,28.322266],[112.509766,28.321911],[112.510918,28.321325],[112.511726,28.3207712]]}},{"type":"Feature","properties":{"osm_id":406437690,"name":"石长线","gauge":"","electrified":""},"geometry":{"type":"LineString","coordinates":[[112.6014682,28.3053337],[112.603584,28.306843],[112.604813,28.307699],[112.60614,28.308422],[112.6067526,28.3086765]]}},{"type":"Feature","properties":{"osm_id":442169840,"name":"石长线","gauge":"","electrified":""},"geometry":{"type":"LineString","coordinates":[[111.5672813,29.2732606],[111.5666288,29.2715305],[111.5639723,29.2632435],[111.5619128,29.2565914],[111.5616755,29.2553417],[111.5616316,29.2542837],[111.5617145,29.2535039],[111.5621286,29.2495861],[111.5622869,29.2474948],[111.5621493,29.2464456],[111.5614174,29.2354938],[111.5611856,29.2323644],[111.5612045,29.2315101],[111.5612915,29.2303741],[111.56228,29.2231489],[111.5625348,29.2209737],[111.5629595,29.2175792],[111.563087,29.2157181],[111.5634216,29.2134963],[111.563789,29.211942],[111.5639916,29.2112337],[111.5640915,29.2107956],[111.5643545,29.209804],[111.5644773,29.2093412],[111.5646152,29.2088214],[111.5674105,29.1979608],[111.5674635,29.1977541],[111.567683,29.1968973],[111.5678377,29.1962937],[111.5680991,29.195274],[111.5684106,29.1940582],[111.5684946,29.1937284],[111.5694321,29.1901302],[111.5697817,29.1890518],[111.5702201,29.1880094],[111.5707473,29.187059],[111.5713338,29.1861295],[111.572468,29.1845745],[111.573628,29.1830009],[111.5759493,29.1798098],[111.5805091,29.1737771],[111.5816678,29.1719223],[111.5832986,29.1678939],[111.5843929,29.1636968],[111.5855709,29.160978],[111.586882,29.1591248],[111.5878905,29.1580005],[111.5978254,29.1502049],[111.6005291,29.1486682],[111.6023079,29.1479355],[111.6044751,29.1475419],[111.6133372,29.1462488],[111.6147984,29.1458009],[111.6157833,29.1453493],[111.6224513,29.1413386]]}},{"type":"Feature","properties":{"osm_id":442169854,"name":"石长线","gauge":"","electrified":""},"geometry":{"type":"LineString","coordinates":[[111.7142951,28.9301507],[111.7151079,28.9287305],[111.7189032,28.9221149],[111.7194423,28.9212122],[111.7214449,28.9179176]]}},{"type":"Feature","properties":{"osm_id":442404800,"name":"石长线","gauge":"","electrified":""},"geometry":{"type":"LineString","coordinates":[[112.606813,28.3085639],[112.6062076,28.3083124],[112.6048944,28.3075969],[112.6036724,28.3067458],[112.6015581,28.3052393]]}},{"type":"Feature","properties":{"osm_id":442404801,"name":"石长线","gauge":"","electrified":""},"geometry":{"type":"LineString","coordinates":[[112.7026262,28.3005026],[112.7059248,28.30251],[112.7072538,28.3033668],[112.7082712,28.3039266],[112.7091865,28.3043453],[112.7102477,28.3047299],[112.7112505,28.3050609],[112.7123946,28.3053725],[112.7147313,28.3058982],[112.7192581,28.3069828],[112.7221756,28.3076352]]}},{"type":"Feature","properties":{"osm_id":442404802,"name":"石长线","gauge":"","electrified":""},"geometry":{"type":"LineString","coordinates":[[112.5987448,28.3031577],[112.5947965,28.3002827],[112.5942285,28.2998579]]}},{"type":"Feature","properties":{"osm_id":442404803,"name":"石长线","gauge":"","electrified":""},"geometry":{"type":"LineString","coordinates":[[112.6015581,28.3052393],[112.5987448,28.3031577]]}},{"type":"Feature","properties":{"osm_id":442404805,"name":"石长线","gauge":"","electrified":""},"geometry":{"type":"LineString","coordinates":[[112.5851092,28.2935112],[112.5845966,28.293453],[112.5829527,28.293366],[112.582266,28.2933565],[112.5796401,28.2932927],[112.578967,28.293279],[112.5781408,28.293262],[112.5689891,28.2930471],[112.567758,28.2930259],[112.5674026,28.2930129],[112.5666422,28.2929881],[112.5658415,28.292981],[112.5652233,28.2929904],[112.5642711,28.2930282],[112.5636542,28.2931203],[112.5628842,28.2933113]]}},{"type":"Feature","properties":{"osm_id":442404807,"name":"石长线","gauge":"","electrified":""},"geometry":{"type":"LineString","coordinates":[[112.7380984,28.3087155],[112.7411936,28.308875],[112.7419072,28.3088842],[112.7436684,28.3089327],[112.7474036,28.3090649]]}},{"type":"Feature","properties":{"osm_id":442404808,"name":"石长线","gauge":"","electrified":""},"geometry":{"type":"LineString","coordinates":[[112.6476837,28.2926849],[112.6557654,28.2915753],[112.6605409,28.2909569],[112.6615627,28.2907463],[112.6633598,28.290222],[112.6664389,28.2892206],[112.6677371,28.2888899],[112.6689575,28.2887463],[112.6711241,28.2886381],[112.6725714,28.2886467],[112.6751545,28.2888787],[112.6764974,28.2889753]]}},{"type":"Feature","properties":{"osm_id":442404810,"name":"石长线","gauge":"","electrified":""},"geometry":{"type":"LineString","coordinates":[[112.7474036,28.3090649],[112.7489228,28.3091297],[112.7508307,28.309211],[112.7521111,28.309284],[112.7531918,28.3094057],[112.7542628,28.3095663],[112.7555869,28.3098487],[112.7569451,28.3101456],[112.7596285,28.3107458],[112.7613815,28.3111265],[112.7624735,28.3113566],[112.7631597,28.3114989],[112.7639755,28.3116369],[112.7651763,28.3118043],[112.7678414,28.3121348],[112.7701676,28.312457],[112.7714897,28.3126285],[112.7723307,28.3127624],[112.7732595,28.312959],[112.7775396,28.3138753],[112.7820121,28.3148292],[112.7844681,28.3153647],[112.7858906,28.3156911],[112.786802,28.3158746],[112.787655,28.3159794]]}},{"type":"Feature","properties":{"osm_id":442404811,"name":"石长线","gauge":"","electrified":""},"geometry":{"type":"LineString","coordinates":[[112.6076817,28.3089933],[112.606813,28.3085639]]}},{"type":"Feature","properties":{"osm_id":485201128,"name":"石长线","gauge":"","electrified":""},"geometry":{"type":"LineString","coordinates":[[112.0980683,28.5850116],[112.0974112,28.5856381],[112.0965743,28.5863871],[112.0954907,28.5871973],[112.0943105,28.5880122]]}},{"type":"Feature","properties":{"osm_id":485201158,"name":"石长线","gauge":"","electrified":""},"geometry":{"type":"LineString","coordinates":[[112.2311595,28.5472287],[112.2324041,28.5469907],[112.2333267,28.5468823],[112.2340871,28.5468246],[112.2349521,28.5467928],[112.2353867,28.5467751],[112.2357823,28.5467622],[112.2362651,28.5467374],[112.2368216,28.5467221],[112.2404534,28.5465477],[112.2412097,28.5464629],[112.2417167,28.546371],[112.2422048,28.546265],[112.2429317,28.5460718],[112.2436613,28.5458197],[112.2442165,28.5455935],[112.2473493,28.5442269],[112.2497848,28.5431808],[112.2502168,28.5429986],[112.2506538,28.5428014],[112.2510052,28.5426459],[112.2514611,28.5424504],[112.2540164,28.5413216]]}},{"type":"Feature","properties":{"osm_id":485201159,"name":"石长线","gauge":"","electrified":""},"geometry":{"type":"LineString","coordinates":[[112.2540164,28.5413216],[112.2598004,28.5388091]]}},{"type":"Feature","properties":{"osm_id":485201160,"name":"石长线","gauge":"","electrified":""},"geometry":{"type":"LineString","coordinates":[[112.2598004,28.5388091],[112.2613325,28.5382131]]}},{"type":"Feature","properties":{"osm_id":485201161,"name":"石长线","gauge":"","electrified":""},"geometry":{"type":"LineString","coordinates":[[112.3118242,28.5406059],[112.3137739,28.5416189],[112.3156464,28.5426177],[112.3165905,28.5429569],[112.3173094,28.5431549],[112.3182052,28.5433104],[112.3192728,28.5433858],[112.3200828,28.5433481]]}},{"type":"Feature","properties":{"osm_id":485201162,"name":"石长线","gauge":"","electrified":""},"geometry":{"type":"LineString","coordinates":[[112.3086554,28.5394887],[112.3099351,28.5398928],[112.3111918,28.5403433],[112.3118242,28.5406059]]}},{"type":"Feature","properties":{"osm_id":485201163,"name":"石长线","gauge":"","electrified":""},"geometry":{"type":"LineString","coordinates":[[112.2980474,28.5374658],[112.3004799,28.5376528],[112.302288,28.5377801],[112.3034715,28.5379334],[112.3067919,28.5388799],[112.3086554,28.5394887]]}},{"type":"Feature","properties":{"osm_id":485201164,"name":"石长线","gauge":"","electrified":""},"geometry":{"type":"LineString","coordinates":[[112.2857492,28.5367575],[112.2882544,28.5368988],[112.290325,28.5370308],[112.2942249,28.5372287]]}},{"type":"Feature","properties":{"osm_id":607640357,"name":"石长线","gauge":"","electrified":""},"geometry":{"type":"LineString","coordinates":[[112.6775059,28.2891737],[112.6794666,28.289502],[112.6821086,28.2900618],[112.6837099,28.2904822],[112.6852736,28.29099],[112.6876017,28.2918261],[112.6892379,28.2925429]]}},{"type":"Feature","properties":{"osm_id":607640358,"name":"石长线","gauge":"","electrified":""},"geometry":{"type":"LineString","coordinates":[[112.694865,28.2956915],[112.6976518,28.2974586],[112.7026262,28.3005026]]}},{"type":"Feature","properties":{"osm_id":607640359,"name":"石长线","gauge":"","electrified":""},"geometry":{"type":"LineString","coordinates":[[112.6561832,28.2916126],[112.6605938,28.29104],[112.6626622,28.2907669],[112.6634674,28.2906375],[112.6639781,28.2905463],[112.6644921,28.2903972],[112.665519,28.2900953],[112.6679693,28.2893998],[112.6691057,28.2890803],[112.6701742,28.2888735],[112.6707817,28.2887803],[112.671792,28.288699],[112.6724503,28.288704],[112.6733432,28.2887732],[112.674446,28.2888797],[112.6764738,28.2890449]]}},{"type":"Feature","properties":{"osm_id":609426916,"name":"石长线","gauge":"","electrified":""},"geometry":{"type":"LineString","coordinates":[[112.919518,28.3025198],[112.9188296,28.3023875],[112.9180288,28.30226],[112.9165701,28.3021214],[112.9145059,28.301927],[112.9121938,28.3016696],[112.9113534,28.3016012],[112.9108004,28.3015929],[112.9101397,28.3016177],[112.9089618,28.3017664],[112.9080002,28.3019684],[112.9073971,28.3021101],[112.9041731,28.3028646],[112.8945906,28.3050423],[112.8938855,28.3052025],[112.8927907,28.3054386],[112.8901143,28.3061188]]}},{"type":"Feature","properties":{"osm_id":610587733,"name":"石长线","gauge":"","electrified":""},"geometry":{"type":"LineString","coordinates":[[112.459563,28.3644312],[112.4591018,28.3653399],[112.4586142,28.3662919],[112.4577659,28.3679482],[112.4570149,28.3697513],[112.4566448,28.3708133],[112.4564516,28.3716818],[112.4563551,28.3722152],[112.4562746,28.3730364],[112.4562156,28.3739899],[112.456103,28.3770106],[112.4560708,28.3778555],[112.4555451,28.3888473],[112.4552983,28.3916694],[112.4548691,28.3934202],[112.4510604,28.4004561],[112.4491239,28.4035327],[112.4475521,28.4065243],[112.4464363,28.4080861],[112.4460339,28.4085296],[112.4437916,28.4105255],[112.4427885,28.4114975],[112.441383,28.4127478]]}},{"type":"Feature","properties":{"osm_id":614050194,"name":"石长线","gauge":"","electrified":""},"geometry":{"type":"LineString","coordinates":[[112.8539949,28.3113807],[112.8549643,28.3114082]]}},{"type":"Feature","properties":{"osm_id":614050195,"name":"石长线","gauge":"","electrified":""},"geometry":{"type":"LineString","coordinates":[[112.8444053,28.3147591],[112.8450135,28.3145283],[112.8459184,28.3141096],[112.8472787,28.3134038],[112.8488157,28.3126262],[112.850073,28.3120707],[112.8510347,28.3117665],[112.8521277,28.3115086],[112.8529101,28.3114124],[112.8539949,28.3113807]]}},{"type":"Feature","properties":{"osm_id":614050196,"name":"石长线","gauge":"","electrified":""},"geometry":{"type":"LineString","coordinates":[[112.8549582,28.3112572],[112.8540301,28.3112596]]}},{"type":"Feature","properties":{"osm_id":614050197,"name":"石长线","gauge":"","electrified":""},"geometry":{"type":"LineString","coordinates":[[112.8869448,28.3074978],[112.8865224,28.3078178],[112.8861147,28.3081543],[112.8854231,28.3087955],[112.8842591,28.309916],[112.883339,28.310726],[112.882601,28.3112265],[112.8820163,28.3115618],[112.8813676,28.311824],[112.8805281,28.3120885],[112.879828,28.3122538],[112.8776416,28.3127189],[112.876837,28.3128559],[112.8765826,28.3128536],[112.875571,28.3129291],[112.8743724,28.3128536],[112.8678332,28.3121641],[112.8654724,28.3119231],[112.8626883,28.3116232],[112.8598734,28.3113895]]}},{"type":"Feature","properties":{"osm_id":614050198,"name":"石长线","gauge":"","electrified":""},"geometry":{"type":"LineString","coordinates":[[112.8184131,28.317314],[112.8174958,28.3173801]]}},{"type":"Feature","properties":{"osm_id":614050199,"name":"石长线","gauge":"","electrified":""},"geometry":{"type":"LineString","coordinates":[[112.8174958,28.3173801],[112.8155673,28.3173447],[112.813628,28.317275],[112.8120431,28.3172029],[112.8117867,28.3171912],[112.8108948,28.3171453],[112.8103971,28.3171197],[112.8097455,28.3170861],[112.808383,28.3170212],[112.803036,28.3167544],[112.7967395,28.3164427],[112.7962393,28.3164179],[112.7943251,28.3163333],[112.7941217,28.3163258]]}},{"type":"Feature","properties":{"osm_id":614050200,"name":"石长线","gauge":"","electrified":""},"geometry":{"type":"LineString","coordinates":[[112.7326258,28.3083486],[112.730842,28.3082002]]}},{"type":"Feature","properties":{"osm_id":614050202,"name":"石长线","gauge":"","electrified":""},"geometry":{"type":"LineString","coordinates":[[112.7229667,28.3075829],[112.7222048,28.3074413]]}},{"type":"Feature","properties":{"osm_id":614050203,"name":"石长线","gauge":"","electrified":""},"geometry":{"type":"LineString","coordinates":[[112.7240764,28.3077379],[112.7235482,28.3076763],[112.7229667,28.3075829]]}},{"type":"Feature","properties":{"osm_id":614050204,"name":"石长线","gauge":"","electrified":""},"geometry":{"type":"LineString","coordinates":[[112.7255494,28.3078562],[112.7240764,28.3077379]]}},{"type":"Feature","properties":{"osm_id":614050206,"name":"石长线","gauge":"","electrified":""},"geometry":{"type":"LineString","coordinates":[[112.7569662,28.3100832],[112.7536751,28.3093606],[112.7517562,28.3091354],[112.7474079,28.3089748],[112.7436626,28.3089029],[112.7418974,28.3088368],[112.738092,28.3086673],[112.7365883,28.3086008],[112.7345931,28.3085059],[112.7326258,28.3083486]]}},{"type":"Feature","properties":{"osm_id":616201714,"name":"石长线","gauge":"","electrified":""},"geometry":{"type":"LineString","coordinates":[[111.6967374,29.0741468],[111.6960964,29.0743062]]}},{"type":"Feature","properties":{"osm_id":616201715,"name":"石长线","gauge":"","electrified":""},"geometry":{"type":"LineString","coordinates":[[111.6961098,29.0743367],[111.6967455,29.0741796]]}},{"type":"Feature","properties":{"osm_id":616201716,"name":"石长线","gauge":"","electrified":""},"geometry":{"type":"LineString","coordinates":[[111.6814944,29.0777405],[111.6829148,29.0774316],[111.6836277,29.0772645],[111.683927,29.0771962],[111.6845983,29.0770383],[111.6961098,29.0743367]]}},{"type":"Feature","properties":{"osm_id":616201717,"name":"石长线","gauge":"","electrified":""},"geometry":{"type":"LineString","coordinates":[[111.6960964,29.0743062],[111.6856576,29.076747],[111.6845782,29.0770014],[111.6839192,29.0771567],[111.68362,29.0772245],[111.6828845,29.0773912],[111.681481,29.0776983]]}},{"type":"Feature","properties":{"osm_id":616201738,"name":"石长线","gauge":"","electrified":""},"geometry":{"type":"LineString","coordinates":[[111.674786,29.0810617],[111.675438,29.0803612],[111.6762033,29.0797091],[111.6771546,29.079093],[111.6782944,29.0785628]]}},{"type":"Feature","properties":{"osm_id":616201743,"name":"石长线","gauge":"","electrified":""},"geometry":{"type":"LineString","coordinates":[[111.6661279,29.1024011],[111.6670185,29.1005207],[111.6681746,29.0981372],[111.6703505,29.0937433],[111.6710604,29.092257],[111.6718573,29.0906535],[111.6723521,29.0896112],[111.67263,29.0889098],[111.6728252,29.0881886],[111.6729895,29.0873909],[111.6732386,29.0853855]]}},{"type":"Feature","properties":{"osm_id":616201744,"name":"石长线","gauge":"","electrified":""},"geometry":{"type":"LineString","coordinates":[[111.6747216,29.0810379],[111.6742873,29.081675],[111.6739047,29.0823339],[111.6736543,29.0829678],[111.6734418,29.0837015],[111.6733071,29.0844359],[111.6732595,29.0847927]]}},{"type":"Feature","properties":{"osm_id":626531617,"name":"石长线","gauge":"","electrified":""},"geometry":{"type":"LineString","coordinates":[[111.6790026,29.0782913],[111.6782597,29.0785304]]}},{"type":"Feature","properties":{"osm_id":626531618,"name":"石长线","gauge":"","electrified":""},"geometry":{"type":"LineString","coordinates":[[111.6790374,29.0783308],[111.6814944,29.0777405]]}},{"type":"Feature","properties":{"osm_id":626531619,"name":"石长线","gauge":"","electrified":""},"geometry":{"type":"LineString","coordinates":[[111.681481,29.0776983],[111.6790026,29.0782913]]}},{"type":"Feature","properties":{"osm_id":626531620,"name":"石长线","gauge":"","electrified":""},"geometry":{"type":"LineString","coordinates":[[111.6782944,29.0785628],[111.6790374,29.0783308]]}},{"type":"Feature","properties":{"osm_id":717748222,"name":"石长线","gauge":"","electrified":""},"geometry":{"type":"LineString","coordinates":[[111.7269942,28.9072146],[111.7275037,28.9061512],[111.7282775,28.9046866],[111.7290713,28.9035263],[111.7298243,28.9025314],[111.731099,28.9011594],[111.7319671,28.9002575],[111.7336919,28.8988711],[111.7376527,28.8956606]]}},{"type":"Feature","properties":{"osm_id":717748223,"name":"石长线","gauge":"","electrified":""},"geometry":{"type":"LineString","coordinates":[[111.7214449,28.9179176],[111.7216599,28.917547]]}},{"type":"Feature","properties":{"osm_id":717748230,"name":"石长线","gauge":"","electrified":""},"geometry":{"type":"LineString","coordinates":[[111.7376527,28.8956606],[111.7380478,28.8953528]]}},{"type":"Feature","properties":{"osm_id":717748231,"name":"石长线","gauge":"","electrified":""},"geometry":{"type":"LineString","coordinates":[[111.7380478,28.8953528],[111.7416604,28.8924172]]}},{"type":"Feature","properties":{"osm_id":717748232,"name":"石长线","gauge":"","electrified":""},"geometry":{"type":"LineString","coordinates":[[111.7380016,28.8952343],[111.7445053,28.8899705],[111.7479174,28.8872117],[111.7491298,28.8860356],[111.7506762,28.8842279],[111.7552417,28.8789697],[111.7564219,28.8779175],[111.7575514,28.8770478],[111.7596858,28.8756031],[111.7669167,28.8708551],[111.7697843,28.8689312]]}},{"type":"Feature","properties":{"osm_id":771370109,"name":"石长线","gauge":"","electrified":""},"geometry":{"type":"LineString","coordinates":[[112.4400565,28.4156044],[112.440811,28.414537],[112.44223,28.412334],[112.4429964,28.4114202],[112.443823,28.4105866],[112.4460488,28.4086182],[112.446508,28.4082064],[112.447021,28.407545],[112.447685,28.406612],[112.449303,28.40366],[112.4506,28.401495],[112.451233,28.400587],[112.451759,28.399929],[112.453827,28.397547],[112.45433,28.396849],[112.45475,28.396107],[112.455086,28.395329],[112.455406,28.394247],[112.455574,28.393131],[112.455605,28.392567],[112.455732,28.3888686]]}},{"type":"Feature","properties":{"osm_id":771370110,"name":"石长线","gauge":"","electrified":""},"geometry":{"type":"LineString","coordinates":[[112.4379514,28.4176958],[112.4391322,28.4165434],[112.4398568,28.4158388],[112.4400565,28.4156044]]}},{"type":"Feature","properties":{"osm_id":773862157,"name":"石长线","gauge":"","electrified":""},"geometry":{"type":"LineString","coordinates":[[111.7015677,29.0730109],[111.6993365,29.0735303],[111.699045,29.073592],[111.698227,29.0737888],[111.6967374,29.0741468]]}},{"type":"Feature","properties":{"osm_id":773862158,"name":"石长线","gauge":"","electrified":""},"geometry":{"type":"LineString","coordinates":[[111.714853,29.0613512],[111.7155665,29.0593959],[111.7157865,29.0588472]]}},{"type":"Feature","properties":{"osm_id":773862159,"name":"石长线","gauge":"","electrified":""},"geometry":{"type":"LineString","coordinates":[[111.7147993,29.0613137],[111.7128028,29.0670456],[111.7125459,29.0676304],[111.7122195,29.0681957],[111.7117576,29.0688345],[111.7114602,29.0691623],[111.7110158,29.069652],[111.7104536,29.0701245],[111.7097943,29.0705833],[111.7090809,29.0710055],[111.7084556,29.0712703],[111.7074065,29.0716297],[111.7027268,29.0727188],[111.7015677,29.0730109]]}},{"type":"Feature","properties":{"osm_id":773862185,"name":"石长线","gauge":"","electrified":""},"geometry":{"type":"LineString","coordinates":[[111.7124981,28.9874865],[111.7125919,28.9870806],[111.7135334,28.9829747],[111.7139518,28.981703],[111.7157114,28.9773012],[111.7159796,28.9764424],[111.7161244,28.9756751],[111.7161781,28.9749406],[111.7161271,28.9741147],[111.7159581,28.9732136],[111.7156953,28.972458],[111.7153788,28.9718057],[111.7149925,28.971158],[111.7143863,28.9703837],[111.7075548,28.9634493],[111.7067313,28.9625364],[111.7060876,28.9615484],[111.705704,28.9607082],[111.7054304,28.9598517],[111.7048404,28.9573828]]}},{"type":"Feature","properties":{"osm_id":778535088,"name":"石长线","gauge":"","electrified":""},"geometry":{"type":"LineString","coordinates":[[112.1746419,28.5634452],[112.1752059,28.5635482],[112.1799358,28.5651117],[112.1829039,28.5661301]]}},{"type":"Feature","properties":{"osm_id":778535089,"name":"石长线","gauge":"","electrified":""},"geometry":{"type":"LineString","coordinates":[[112.1889948,28.5667556],[112.1881304,28.5668926],[112.1867936,28.566902],[112.1857733,28.5667981],[112.1846491,28.5665902],[112.1828932,28.5660406],[112.1812785,28.565494],[112.1799374,28.5650653]]}},{"type":"Feature","properties":{"osm_id":807408044,"name":"石长线","gauge":"","electrified":""},"geometry":{"type":"LineString","coordinates":[[111.6280464,29.1362361],[111.6297437,29.133689],[111.6308488,29.1320209],[111.6321341,29.1301681],[111.6331748,29.1286592],[111.6362668,29.1239656],[111.6376508,29.1223723],[111.6405562,29.1196805],[111.6428007,29.1184826],[111.6436578,29.118155]]}},{"type":"Feature","properties":{"osm_id":807408045,"name":"石长线","gauge":"","electrified":""},"geometry":{"type":"LineString","coordinates":[[111.6224513,29.1413386],[111.6231776,29.1408905],[111.6234888,29.1406565],[111.6242613,29.1400848],[111.6251711,29.1392958],[111.626598,29.1379839],[111.6280464,29.1362361]]}},{"type":"Feature","properties":{"osm_id":807408046,"name":"石长线","gauge":"","electrified":""},"geometry":{"type":"LineString","coordinates":[[111.624504,29.139643],[111.625298,29.138788],[111.6257878,29.1382335]]}},{"type":"Feature","properties":{"osm_id":835648019,"name":"石长线","gauge":"","electrified":""},"geometry":{"type":"LineString","coordinates":[[111.7221929,29.0475434],[111.7230298,29.0460873]]}},{"type":"Feature","properties":{"osm_id":835648020,"name":"石长线","gauge":"","electrified":""},"geometry":{"type":"LineString","coordinates":[[111.7160708,29.0582001],[111.7221929,29.0475434]]}},{"type":"Feature","properties":{"osm_id":835649189,"name":"石长线","gauge":"","electrified":""},"geometry":{"type":"LineString","coordinates":[[111.7220528,29.0475118],[111.7159581,29.0581626]]}},{"type":"Feature","properties":{"osm_id":835649190,"name":"石长线","gauge":"","electrified":""},"geometry":{"type":"LineString","coordinates":[[111.7228997,29.0460316],[111.7220528,29.0475118]]}},{"type":"Feature","properties":{"osm_id":871056711,"name":"石长线","gauge":"","electrified":""},"geometry":{"type":"LineString","coordinates":[[112.3788671,28.5228517],[112.3791987,28.5222462]]}},{"type":"Feature","properties":{"osm_id":871056712,"name":"石长线","gauge":"","electrified":""},"geometry":{"type":"LineString","coordinates":[[112.3817468,28.5175657],[112.3812103,28.5185226],[112.3794347,28.5216405],[112.3787855,28.522766]]}},{"type":"Feature","properties":{"osm_id":871616176,"name":"石长线","gauge":"","electrified":""},"geometry":{"type":"LineString","coordinates":[[111.4072158,29.5989115],[111.4071546,29.5990103]]}},{"type":"Feature","properties":{"osm_id":871616177,"name":"石长线","gauge":"","electrified":""},"geometry":{"type":"LineString","coordinates":[[111.4071546,29.5990103],[111.4070861,29.599133]]}},{"type":"Feature","properties":{"osm_id":906133446,"name":"石长线","gauge":"","electrified":""},"geometry":{"type":"LineString","coordinates":[[111.4769849,29.5472805],[111.476875,29.545177],[111.476875,29.544147],[111.476929,29.54336],[111.477051,29.542566],[111.477333,29.541519],[111.477821,29.540226],[111.4801651,29.5346555]]}},{"type":"Feature","properties":{"osm_id":906133447,"name":"石长线","gauge":"","electrified":""},"geometry":{"type":"LineString","coordinates":[[111.4770583,29.5486846],[111.4769849,29.5472805]]}},{"type":"Feature","properties":{"osm_id":948643198,"name":"石长线","gauge":"","electrified":""},"geometry":{"type":"LineString","coordinates":[[112.206998,28.559787],[112.2071259,28.5597182]]}},{"type":"Feature","properties":{"osm_id":948643199,"name":"石长线","gauge":"","electrified":""},"geometry":{"type":"LineString","coordinates":[[112.1900761,28.5671053],[112.1919751,28.5667991],[112.1938258,28.5661536],[112.1952796,28.5655364],[112.197082,28.5646366],[112.206998,28.559787]]}},{"type":"Feature","properties":{"osm_id":948705535,"name":"石长线","gauge":"","electrified":""},"geometry":{"type":"LineString","coordinates":[[111.7051426,28.9460289],[111.7055417,28.945355]]}},{"type":"Feature","properties":{"osm_id":948705536,"name":"石长线","gauge":"","electrified":""},"geometry":{"type":"LineString","coordinates":[[111.7055417,28.945355],[111.7064846,28.9437628],[111.7072353,28.9424161],[111.7095996,28.9385393],[111.7129028,28.9324773],[111.7139661,28.9306137]]}},{"type":"Feature","properties":{"osm_id":948861361,"name":"石长线","gauge":"","electrified":""},"geometry":{"type":"LineString","coordinates":[[111.7215787,28.9175558],[111.7227691,28.9156415],[111.7234468,28.9144753],[111.7245115,28.9123673],[111.7261014,28.9089842],[111.726673,28.9077084]]}},{"type":"Feature","properties":{"osm_id":948861362,"name":"石长线","gauge":"","electrified":""},"geometry":{"type":"LineString","coordinates":[[111.7216599,28.917547],[111.7235005,28.9145058],[111.7267354,28.9077303]]}},{"type":"Feature","properties":{"osm_id":948861363,"name":"石长线","gauge":"","electrified":""},"geometry":{"type":"LineString","coordinates":[[111.726673,28.9077084],[111.7269196,28.9071837]]}},{"type":"Feature","properties":{"osm_id":956962883,"name":"石长线","gauge":"","electrified":""},"geometry":{"type":"LineString","coordinates":[[112.4707849,28.3527975],[112.4704559,28.3530285],[112.4680562,28.3544635],[112.4658845,28.3557868],[112.4649934,28.3564875],[112.4642531,28.3571293],[112.4635431,28.3578321],[112.4630368,28.3584143],[112.4619692,28.3598371],[112.4615886,28.3604399],[112.459563,28.3644312]]}},{"type":"Feature","properties":{"osm_id":956962884,"name":"石长线","gauge":"","electrified":""},"geometry":{"type":"LineString","coordinates":[[112.4390173,28.4149512],[112.4381697,28.4159043],[112.437585,28.4168054]]}},{"type":"Feature","properties":{"osm_id":956962912,"name":"石长线","gauge":"","electrified":""},"geometry":{"type":"LineString","coordinates":[[112.3682827,28.5322137],[112.3710238,28.5304671]]}},{"type":"Feature","properties":{"osm_id":956962913,"name":"石长线","gauge":"","electrified":""},"geometry":{"type":"LineString","coordinates":[[112.3709533,28.5304099],[112.3682372,28.5321526]]}},{"type":"Feature","properties":{"osm_id":956962914,"name":"石长线","gauge":"","electrified":""},"geometry":{"type":"LineString","coordinates":[[112.3724778,28.5294318],[112.3709533,28.5304099]]}},{"type":"Feature","properties":{"osm_id":956962915,"name":"石长线","gauge":"","electrified":""},"geometry":{"type":"LineString","coordinates":[[112.3710238,28.5304671],[112.3725309,28.5295069]]}},{"type":"Feature","properties":{"osm_id":956962916,"name":"石长线","gauge":"","electrified":""},"geometry":{"type":"LineString","coordinates":[[112.3120022,28.5404615],[112.3110545,28.5401035],[112.3087638,28.5393476]]}},{"type":"Feature","properties":{"osm_id":956962917,"name":"石长线","gauge":"","electrified":""},"geometry":{"type":"LineString","coordinates":[[112.2947668,28.5371025],[112.2933172,28.5369905],[112.292057,28.5369188],[112.2899645,28.5368464],[112.2872765,28.5366919],[112.2857609,28.5365992]]}},{"type":"Feature","properties":{"osm_id":956962918,"name":"石长线","gauge":"","electrified":""},"geometry":{"type":"LineString","coordinates":[[112.2857609,28.5365992],[112.2839358,28.5364876],[112.280742,28.5362809],[112.2801359,28.5362414]]}},{"type":"Feature","properties":{"osm_id":956962919,"name":"石长线","gauge":"","electrified":""},"geometry":{"type":"LineString","coordinates":[[112.2613325,28.5382131],[112.2623882,28.5378024]]}},{"type":"Feature","properties":{"osm_id":956962920,"name":"石长线","gauge":"","electrified":""},"geometry":{"type":"LineString","coordinates":[[112.2623882,28.5378024],[112.2638208,28.5373537]]}},{"type":"Feature","properties":{"osm_id":956962921,"name":"石长线","gauge":"","electrified":""},"geometry":{"type":"LineString","coordinates":[[112.2642362,28.5372434],[112.265533,28.5369305]]}},{"type":"Feature","properties":{"osm_id":956962922,"name":"石长线","gauge":"","electrified":""},"geometry":{"type":"LineString","coordinates":[[112.2638208,28.5373537],[112.2642362,28.5372434]]}},{"type":"Feature","properties":{"osm_id":956962923,"name":"石长线","gauge":"","electrified":""},"geometry":{"type":"LineString","coordinates":[[112.1735335,28.5631291],[112.1746659,28.5633384]]}},{"type":"Feature","properties":{"osm_id":956962924,"name":"石长线","gauge":"","electrified":""},"geometry":{"type":"LineString","coordinates":[[112.1734652,28.5632302],[112.1746419,28.5634452]]}},{"type":"Feature","properties":{"osm_id":956962925,"name":"石长线","gauge":"","electrified":""},"geometry":{"type":"LineString","coordinates":[[112.1701527,28.5631807],[112.1717781,28.5630488],[112.1734652,28.5632302]]}},{"type":"Feature","properties":{"osm_id":956962926,"name":"石长线","gauge":"","electrified":""},"geometry":{"type":"LineString","coordinates":[[112.1702546,28.5629263],[112.1722089,28.5629271],[112.1735335,28.5631291]]}},{"type":"Feature","properties":{"osm_id":956962927,"name":"石长线","gauge":"","electrified":""},"geometry":{"type":"LineString","coordinates":[[112.1674651,28.5637131],[112.1686935,28.5634116],[112.1701527,28.5631807]]}},{"type":"Feature","properties":{"osm_id":956962928,"name":"石长线","gauge":"","electrified":""},"geometry":{"type":"LineString","coordinates":[[112.1654695,28.5640759],[112.1666175,28.5636095],[112.1680283,28.5631854],[112.1690369,28.5630488],[112.1702546,28.5629263]]}},{"type":"Feature","properties":{"osm_id":956962929,"name":"石长线","gauge":"","electrified":""},"geometry":{"type":"LineString","coordinates":[[112.1645254,28.5646271],[112.1654695,28.5640759]]}},{"type":"Feature","properties":{"osm_id":956962930,"name":"石长线","gauge":"","electrified":""},"geometry":{"type":"LineString","coordinates":[[112.1000156,28.5826108],[112.098999,28.5839376],[112.0980683,28.5850116]]}},{"type":"Feature","properties":{"osm_id":956962931,"name":"石长线","gauge":"","electrified":""},"geometry":{"type":"LineString","coordinates":[[112.1002677,28.5821924],[112.1000156,28.5826108]]}},{"type":"Feature","properties":{"osm_id":956962932,"name":"石长线","gauge":"","electrified":""},"geometry":{"type":"LineString","coordinates":[[112.1031537,28.5781505],[112.1002677,28.5821924]]}},{"type":"Feature","properties":{"osm_id":956962933,"name":"石长线","gauge":"","electrified":""},"geometry":{"type":"LineString","coordinates":[[112.119711,28.5709003],[112.1155134,28.5702266]]}},{"type":"Feature","properties":{"osm_id":956962934,"name":"石长线","gauge":"","electrified":""},"geometry":{"type":"LineString","coordinates":[[112.1035507,28.5775616],[112.1031537,28.5781505]]}},{"type":"Feature","properties":{"osm_id":956962935,"name":"石长线","gauge":"","electrified":""},"geometry":{"type":"LineString","coordinates":[[112.1085745,28.5738423],[112.1065092,28.5750625],[112.1046424,28.5765135],[112.1040362,28.5770081],[112.1035507,28.5775616]]}},{"type":"Feature","properties":{"osm_id":956962936,"name":"石长线","gauge":"","electrified":""},"geometry":{"type":"LineString","coordinates":[[112.1078235,28.5722264],[112.1060585,28.5729944]]}},{"type":"Feature","properties":{"osm_id":956962937,"name":"石长线","gauge":"","electrified":""},"geometry":{"type":"LineString","coordinates":[[112.1107525,28.5729708],[112.1085745,28.5738423]]}},{"type":"Feature","properties":{"osm_id":956962938,"name":"石长线","gauge":"","electrified":""},"geometry":{"type":"LineString","coordinates":[[112.1108426,28.5708675],[112.1078235,28.5722264]]}},{"type":"Feature","properties":{"osm_id":956962939,"name":"石长线","gauge":"","electrified":""},"geometry":{"type":"LineString","coordinates":[[112.1123564,28.5725326],[112.1114927,28.5727494],[112.1107525,28.5729708]]}},{"type":"Feature","properties":{"osm_id":956962940,"name":"石长线","gauge":"","electrified":""},"geometry":{"type":"LineString","coordinates":[[112.1160123,28.572045],[112.1150869,28.5720851],[112.114293,28.5721652],[112.1132845,28.5723442],[112.1123564,28.5725326]]}},{"type":"Feature","properties":{"osm_id":956962941,"name":"石长线","gauge":"","electrified":""},"geometry":{"type":"LineString","coordinates":[[112.1221249,28.5723521],[112.1189546,28.5721134],[112.1173775,28.5720286],[112.1160123,28.572045]]}},{"type":"Feature","properties":{"osm_id":956962942,"name":"石长线","gauge":"","electrified":""},"geometry":{"type":"LineString","coordinates":[[112.1233885,28.5724054],[112.1221249,28.5723521]]}},{"type":"Feature","properties":{"osm_id":956962943,"name":"石长线","gauge":"","electrified":""},"geometry":{"type":"LineString","coordinates":[[112.1251586,28.5724644],[112.1233885,28.5724054]]}},{"type":"Feature","properties":{"osm_id":956962944,"name":"石长线","gauge":"","electrified":""},"geometry":{"type":"LineString","coordinates":[[112.1248555,28.5722288],[112.1224711,28.5716376]]}},{"type":"Feature","properties":{"osm_id":956962945,"name":"石长线","gauge":"","electrified":""},"geometry":{"type":"LineString","coordinates":[[112.1224711,28.5716376],[112.1214625,28.5713619],[112.1205908,28.5711405],[112.119711,28.5709003]]}},{"type":"Feature","properties":{"osm_id":956962946,"name":"石长线","gauge":"","electrified":""},"geometry":{"type":"LineString","coordinates":[[112.1155134,28.5702266],[112.1147704,28.570137],[112.1141696,28.5701229],[112.1136358,28.570137],[112.1130753,28.5702077],[112.1124718,28.5703278],[112.1117985,28.5705163]]}},{"type":"Feature","properties":{"osm_id":956962947,"name":"石长线","gauge":"","electrified":""},"geometry":{"type":"LineString","coordinates":[[112.1117985,28.5705163],[112.1113399,28.57066],[112.1108426,28.5708675]]}},{"type":"Feature","properties":{"osm_id":956962948,"name":"石长线","gauge":"","electrified":""},"geometry":{"type":"LineString","coordinates":[[112.1060585,28.5729944],[112.1050554,28.5734937],[112.1043795,28.5739507],[112.1034837,28.5745726],[112.1028399,28.5752085],[112.1022767,28.575934],[112.10181,28.5766736],[112.1009409,28.5783413],[112.0985484,28.5829201],[112.0968425,28.5853037],[112.0961666,28.5860998],[112.0956892,28.586698],[112.095024,28.5873574],[112.0943105,28.5880122],[112.0904052,28.5906547],[112.0868969,28.5942156],[112.0833027,28.5982615],[112.0816934,28.6006024],[112.0788503,28.6047705],[112.0766991,28.6073655],[112.074953,28.6092858],[112.0745534,28.6097296]]}},{"type":"Feature","properties":{"osm_id":956962949,"name":"石长线","gauge":"","electrified":""},"geometry":{"type":"LineString","coordinates":[[112.0060163,28.65769],[112.003743,28.65928],[112.0032312,28.6597206]]}},{"type":"Feature","properties":{"osm_id":956962950,"name":"石长线","gauge":"","electrified":""},"geometry":{"type":"LineString","coordinates":[[112.0032312,28.6597206],[112.0026165,28.6602497],[112.0015222,28.6613747],[112.0003581,28.6627915],[111.9999611,28.6634976],[111.9995213,28.6642648],[111.998558,28.6666538],[111.9974491,28.669323],[111.9971126,28.6703982],[111.9968229,28.6723276],[111.9967425,28.6734571],[111.9966781,28.6748597],[111.9963884,28.6793308],[111.9962919,28.6811286],[111.9962275,28.682051],[111.9961417,28.6838205],[111.9960571,28.6851088],[111.9959915,28.6865218],[111.9959459,28.6874916],[111.9958305,28.6893077],[111.9957458,28.6907218],[111.9955623,28.6961168],[111.9954121,28.6983284],[111.9952484,28.6990973],[111.9949561,28.7004364],[111.9937277,28.7049958]]}},{"type":"Feature","properties":{"osm_id":956962953,"name":"石长线","gauge":"","electrified":""},"geometry":{"type":"LineString","coordinates":[[111.9785755,28.7339836],[111.9774067,28.7355567]]}},{"type":"Feature","properties":{"osm_id":956962955,"name":"石长线","gauge":"","electrified":""},"geometry":{"type":"LineString","coordinates":[[111.9774067,28.7355567],[111.9756818,28.7376257],[111.9731712,28.740034],[111.9719696,28.7416614],[111.9707693,28.7435749],[111.9693614,28.7458194],[111.9652158,28.7526159],[111.9635997,28.7554438],[111.9621607,28.757716],[111.9617055,28.7582488],[111.9611625,28.7588838],[111.9604454,28.7596146],[111.9597249,28.7603047],[111.9587339,28.7610408],[111.95763,28.7618967],[111.9565576,28.762604]]}},{"type":"Feature","properties":{"osm_id":956962956,"name":"石长线","gauge":"","electrified":""},"geometry":{"type":"LineString","coordinates":[[111.9058124,28.7946919],[111.9053501,28.7949502]]}},{"type":"Feature","properties":{"osm_id":956962957,"name":"石长线","gauge":"","electrified":""},"geometry":{"type":"LineString","coordinates":[[111.9053501,28.7949502],[111.9026046,28.7964839],[111.9003527,28.7975087],[111.8991797,28.7978916],[111.8977228,28.7982403],[111.8969767,28.7983693],[111.8944878,28.7986274],[111.8879271,28.7998993],[111.8853851,28.8004184],[111.8816951,28.8011216],[111.8798348,28.8014228],[111.8784271,28.8015955],[111.8769389,28.8019006],[111.8756225,28.80216],[111.8746269,28.8023942],[111.8733072,28.8027138],[111.871494,28.8033672],[111.8700349,28.8040394],[111.8688101,28.8046966]]}},{"type":"Feature","properties":{"osm_id":956962964,"name":"石长线","gauge":"","electrified":""},"geometry":{"type":"LineString","coordinates":[[111.8012616,28.8489066],[111.8005407,28.849304]]}},{"type":"Feature","properties":{"osm_id":956962965,"name":"石长线","gauge":"","electrified":""},"geometry":{"type":"LineString","coordinates":[[111.8107913,28.8428218],[111.8079695,28.8454302],[111.8072059,28.8458998],[111.806396,28.846315],[111.804985,28.846949],[111.8017355,28.8486453],[111.8012616,28.8489066]]}},{"type":"Feature","properties":{"osm_id":989232142,"name":"石长线","gauge":"","electrified":""},"geometry":{"type":"LineString","coordinates":[[111.6436578,29.118155],[111.6451696,29.1176185],[111.6458425,29.1173653]]}},{"type":"Feature","properties":{"osm_id":989232143,"name":"石长线","gauge":"","electrified":""},"geometry":{"type":"LineString","coordinates":[[111.6458425,29.1173653],[111.6481093,29.1164749],[111.6517727,29.1152794],[111.6534651,29.1145834],[111.65681,29.1126834]]}},{"type":"Feature","properties":{"osm_id":989232144,"name":"石长线","gauge":"","electrified":""},"geometry":{"type":"LineString","coordinates":[[111.65681,29.1126834],[111.6574538,29.1123132]]}},{"type":"Feature","properties":{"osm_id":989232145,"name":"石长线","gauge":"","electrified":""},"geometry":{"type":"LineString","coordinates":[[111.6567349,29.1125639],[111.6573411,29.1122147]]}},{"type":"Feature","properties":{"osm_id":989232146,"name":"石长线","gauge":"","electrified":""},"geometry":{"type":"LineString","coordinates":[[111.6573411,29.1122147],[111.659821,29.110769],[111.660713,29.110109],[111.661926,29.109003],[111.662605,29.108194],[111.663437,29.106894],[111.6640305,29.105678]]}},{"type":"Feature","properties":{"osm_id":989232147,"name":"石长线","gauge":"","electrified":""},"geometry":{"type":"LineString","coordinates":[[111.6574538,29.1123132],[111.6600934,29.1107197],[111.6611449,29.1098949],[111.662486,29.1086294],[111.6635803,29.1070733],[111.6641296,29.1062128],[111.6643163,29.1059409]]}},{"type":"Feature","properties":{"osm_id":998584604,"name":"石长线","gauge":"","electrified":""},"geometry":{"type":"LineString","coordinates":[[112.8549643,28.3114082],[112.8560995,28.3114428]]}},{"type":"Feature","properties":{"osm_id":998584605,"name":"石长线","gauge":"","electrified":""},"geometry":{"type":"LineString","coordinates":[[112.8560807,28.3112856],[112.8549582,28.3112572]]}},{"type":"Feature","properties":{"osm_id":998584606,"name":"石长线","gauge":"","electrified":""},"geometry":{"type":"LineString","coordinates":[[112.8598734,28.3113895],[112.8560807,28.3112856]]}},{"type":"Feature","properties":{"osm_id":998584629,"name":"石长线","gauge":"","electrified":""},"geometry":{"type":"LineString","coordinates":[[112.8443634,28.314667],[112.8438806,28.3148512]]}},{"type":"Feature","properties":{"osm_id":998584630,"name":"石长线","gauge":"","electrified":""},"geometry":{"type":"LineString","coordinates":[[112.8540301,28.3112596],[112.8529036,28.3113186],[112.8520963,28.311432],[112.8509885,28.3116917],[112.8500363,28.31202],[112.848773,28.3126032],[112.8472415,28.3133659],[112.8458494,28.314072],[112.8449535,28.3144592],[112.8443634,28.314667]]}},{"type":"Feature","properties":{"osm_id":1011729129,"name":"石长线","gauge":"","electrified":""},"geometry":{"type":"LineString","coordinates":[[112.9467383,28.3229697],[112.9468818,28.3230878],[112.9479225,28.323797],[112.9486778,28.3241965],[112.9497068,28.3247028],[112.9507362,28.325124]]}},{"type":"Feature","properties":{"osm_id":1011729130,"name":"石长线","gauge":"","electrified":""},"geometry":{"type":"LineString","coordinates":[[112.9464151,28.3226047],[112.9459923,28.3222607],[112.9437956,28.3200884],[112.942535,28.3189337],[112.9407848,28.3175679],[112.939711,28.3167695]]}},{"type":"Feature","properties":{"osm_id":1011729132,"name":"石长线","gauge":"","electrified":""},"geometry":{"type":"LineString","coordinates":[[112.9463555,28.3226547],[112.9467383,28.3229697]]}},{"type":"Feature","properties":{"osm_id":1128356614,"name":"石长线","gauge":"","electrified":""},"geometry":{"type":"LineString","coordinates":[[112.6469331,28.292788],[112.6475371,28.2927051]]}},{"type":"Feature","properties":{"osm_id":1128356615,"name":"石长线","gauge":"","electrified":""},"geometry":{"type":"LineString","coordinates":[[112.6475371,28.2927051],[112.6476837,28.2926849]]}},{"type":"Feature","properties":{"osm_id":1128356616,"name":"石长线","gauge":"","electrified":""},"geometry":{"type":"LineString","coordinates":[[112.6469867,28.2928559],[112.6476013,28.2927728]]}},{"type":"Feature","properties":{"osm_id":1128356617,"name":"石长线","gauge":"","electrified":""},"geometry":{"type":"LineString","coordinates":[[112.6476013,28.2927728],[112.6477481,28.292753]]}},{"type":"Feature","properties":{"osm_id":1128356651,"name":"石长线","gauge":"","electrified":""},"geometry":{"type":"LineString","coordinates":[[112.5614754,28.2938043],[112.5609637,28.2940953],[112.5595797,28.2948794],[112.5588582,28.2955483],[112.5585712,28.2959186],[112.556919,28.2978268],[112.5551568,28.2999977],[112.5531853,28.3024651],[112.5525845,28.3031169],[112.5514553,28.3042107],[112.5504897,28.3050514],[112.5500525,28.3054028],[112.548977,28.3059677],[112.5475205,28.306593],[112.543111,28.3078965],[112.5380872,28.3092359],[112.5354184,28.3100313],[112.5330902,28.3110514],[112.5315989,28.3118259],[112.5302685,28.3127988],[112.5287102,28.3136848],[112.5280235,28.313987],[112.5265966,28.3145065],[112.5224794,28.315689],[112.5146792,28.3179771],[112.5131203,28.3184418]]}},{"type":"Feature","properties":{"osm_id":1193662913,"name":"石长线","gauge":"","electrified":""},"geometry":{"type":"LineString","coordinates":[[111.6731818,29.0853748],[111.6729134,29.0873862],[111.672753,29.0881602],[111.672501,29.0888722]]}},{"type":"Feature","properties":{"osm_id":1193662914,"name":"石长线","gauge":"","electrified":""},"geometry":{"type":"LineString","coordinates":[[111.6732595,29.0847927],[111.6731818,29.0853748]]}},{"type":"Feature","properties":{"osm_id":1193662915,"name":"石长线","gauge":"","electrified":""},"geometry":{"type":"LineString","coordinates":[[111.6733114,29.0848003],[111.6733558,29.0844427],[111.6734933,29.0837202],[111.673708,29.0829584],[111.6739568,29.0823513],[111.6743329,29.0816938],[111.674786,29.0810617]]}},{"type":"Feature","properties":{"osm_id":1193662916,"name":"石长线","gauge":"","electrified":""},"geometry":{"type":"LineString","coordinates":[[111.6732386,29.0853855],[111.6733114,29.0848003]]}},{"type":"Feature","properties":{"osm_id":1202476746,"name":"石长线","gauge":"","electrified":""},"geometry":{"type":"LineString","coordinates":[[111.5433642,29.4471448],[111.546623,29.446051],[111.557671,29.442181],[111.558899,29.441792],[111.56015,29.441484],[111.561424,29.441271],[111.562965,29.441137],[111.57618,29.440889],[111.578804,29.440914],[111.5869369,29.441296],[111.5885827,29.4411673],[111.589084,29.4410819],[111.5904146,29.4406907],[111.5919645,29.4402152],[111.5922681,29.4401326],[111.5930102,29.4398996],[111.5937373,29.4396784],[111.5959147,29.4390353],[111.5985605,29.4381563],[111.6065482,29.434366],[111.6075426,29.4339083],[111.611216,29.4322173]]}},{"type":"Feature","properties":{"osm_id":1202476747,"name":"石长线","gauge":"","electrified":""},"geometry":{"type":"LineString","coordinates":[[111.543131,29.447225],[111.5433642,29.4471448]]}},{"type":"Feature","properties":{"osm_id":1205677231,"name":"石长线","gauge":"","electrified":""},"geometry":{"type":"LineString","coordinates":[[112.2942249,28.5372287],[112.2975992,28.5374313],[112.2978063,28.5374499]]}},{"type":"Feature","properties":{"osm_id":1205677232,"name":"石长线","gauge":"","electrified":""},"geometry":{"type":"LineString","coordinates":[[112.2978063,28.5374499],[112.2980474,28.5374658]]}},{"type":"Feature","properties":{"osm_id":1205677233,"name":"石长线","gauge":"","electrified":""},"geometry":{"type":"LineString","coordinates":[[112.2977834,28.5373089],[112.2968653,28.537245],[112.2947668,28.5371025]]}},{"type":"Feature","properties":{"osm_id":1205677234,"name":"石长线","gauge":"","electrified":""},"geometry":{"type":"LineString","coordinates":[[112.2980112,28.5373247],[112.2977834,28.5373089]]}},{"type":"Feature","properties":{"osm_id":1283362420,"name":"石长线","gauge":"","electrified":""},"geometry":{"type":"LineString","coordinates":[[112.5854939,28.2935863],[112.5851092,28.2935112]]}},{"type":"Feature","properties":{"osm_id":1283362421,"name":"石长线","gauge":"","electrified":""},"geometry":{"type":"LineString","coordinates":[[112.5942285,28.2998579],[112.5935258,28.2993478],[112.592013,28.2981669],[112.5907363,28.2968821],[112.5892289,28.2953849],[112.588561,28.2949185],[112.5878006,28.2944543],[112.5870844,28.2941142],[112.5862959,28.2938179],[112.5854939,28.2935863]]}},{"type":"Feature","properties":{"osm_id":1283362422,"name":"石长线","gauge":"","electrified":""},"geometry":{"type":"LineString","coordinates":[[112.5851038,28.2935785],[112.5854538,28.2936387]]}},{"type":"Feature","properties":{"osm_id":1283362423,"name":"石长线","gauge":"","electrified":""},"geometry":{"type":"LineString","coordinates":[[112.5845808,28.2934982],[112.5851038,28.2935785]]}},{"type":"Feature","properties":{"osm_id":1318794484,"name":"石长线","gauge":"","electrified":""},"geometry":{"type":"LineString","coordinates":[[112.8895332,28.3062758],[112.8888532,28.3064871],[112.8883557,28.306682],[112.8878974,28.3069051],[112.8873968,28.3071968]]}},{"type":"Feature","properties":{"osm_id":1318794485,"name":"石长线","gauge":"","electrified":""},"geometry":{"type":"LineString","coordinates":[[112.8901143,28.3061188],[112.8895332,28.3062758]]}},{"type":"Feature","properties":{"osm_id":1318794486,"name":"石长线","gauge":"","electrified":""},"geometry":{"type":"LineString","coordinates":[[112.8901459,28.3061847],[112.8927997,28.305494],[112.8938866,28.3052751],[112.8945476,28.3051179]]}},{"type":"Feature","properties":{"osm_id":1318794487,"name":"石长线","gauge":"","electrified":""},"geometry":{"type":"LineString","coordinates":[[112.8895359,28.3063667],[112.8901459,28.3061847]]}},{"type":"Feature","properties":{"osm_id":1095865368,"name":"","gauge":"","electrified":""},"geometry":{"type":"LineString","coordinates":[[126.4461082,41.945869],[126.4459004,41.9457247],[126.4451293,41.9451991],[126.4440523,41.9444732],[126.4432401,41.943921],[126.4421822,41.9432522]]}},{"type":"Feature","properties":{"osm_id":965403973,"name":"崇礼线","gauge":"","electrified":""},"geometry":{"type":"LineString","coordinates":[[115.3044226,41.0059035],[115.3060669,41.0059072],[115.3064562,41.0059081],[115.3067667,41.0059041],[115.3070451,41.0058877],[115.3073039,41.0058621],[115.3074729,41.0058533],[115.307926,41.0058434],[115.3143144,41.0057551],[115.3163033,41.0057034],[115.3175625,41.0056707]]}},{"type":"Feature","properties":{"osm_id":1241876192,"name":"","gauge":"","electrified":""},"geometry":{"type":"LineString","coordinates":[[115.3163033,41.0057034],[115.3149325,41.0057953],[115.3140233,41.0058917],[115.3138374,41.0059137],[115.3134191,41.00594],[115.3083792,41.005997],[115.3071707,41.0059685],[115.3065665,41.0059619],[115.3063312,41.0059422],[115.3060669,41.0059072]]}},{"type":"Feature","properties":{"osm_id":965403975,"name":"崇礼线","gauge":"","electrified":""},"geometry":{"type":"LineString","coordinates":[[115.3510237,40.9722699],[115.3509306,40.9726117]]}},{"type":"Feature","properties":{"osm_id":965403976,"name":"崇礼线","gauge":"","electrified":""},"geometry":{"type":"LineString","coordinates":[[115.3509306,40.9726117],[115.3508257,40.9730853],[115.3507447,40.9735422],[115.3506373,40.9741506],[115.3505794,40.974404],[115.350522,40.9747409]]}},{"type":"Feature","properties":{"osm_id":965403977,"name":"崇礼线","gauge":"","electrified":""},"geometry":{"type":"LineString","coordinates":[[115.350522,40.9747409],[115.3504617,40.9751714]]}},{"type":"Feature","properties":{"osm_id":965403978,"name":"崇礼线","gauge":"","electrified":""},"geometry":{"type":"LineString","coordinates":[[115.3504617,40.9751714],[115.3503231,40.9767804],[115.3502288,40.9782395],[115.3500415,40.9803848],[115.3498234,40.982115],[115.3495368,40.9833179],[115.3489016,40.9849243],[115.3479746,40.9867013],[115.3470279,40.9881329],[115.3457191,40.9896898],[115.3448109,40.9907014],[115.3377205,40.997449],[115.3368019,40.9984477],[115.3358994,40.9994196],[115.3347786,41.0006028],[115.3336073,41.0017792],[115.3324561,41.0027007],[115.3312212,41.003508],[115.3298926,41.004203],[115.3285885,41.0047002],[115.3270394,41.0051303],[115.325867,41.005395],[115.3246937,41.005555],[115.3175625,41.0056707]]}},{"type":"Feature","properties":{"osm_id":1095867388,"name":"","gauge":"","electrified":""},"geometry":{"type":"LineString","coordinates":[[113.1663751,29.4072549],[113.1655316,29.4070938]]}},{"type":"Feature","properties":{"osm_id":1095867390,"name":"浩吉线","gauge":"","electrified":""},"geometry":{"type":"LineString","coordinates":[[113.1874391,29.4112696],[113.1867708,29.4112156]]}},{"type":"Feature","properties":{"osm_id":581776848,"name":"安全线","gauge":"","electrified":""},"geometry":{"type":"LineString","coordinates":[[120.377432,36.2276418],[120.3774406,36.2283925]]}},{"type":"Feature","properties":{"osm_id":1321551676,"name":"京广高速线","gauge":"","electrified":""},"geometry":{"type":"LineString","coordinates":[[112.8102334,26.2983081],[112.8113193,26.2941702]]}},{"type":"Feature","properties":{"osm_id":1321551677,"name":"京广高速线","gauge":"","electrified":""},"geometry":{"type":"LineString","coordinates":[[112.8101879,26.298305],[112.8112767,26.2941559]]}},{"type":"Feature","properties":{"osm_id":1321551997,"name":"京广高速线","gauge":"","electrified":""},"geometry":{"type":"LineString","coordinates":[[112.8038514,26.3223808],[112.8041083,26.321351]]}},{"type":"Feature","properties":{"osm_id":1321551998,"name":"京广高速线","gauge":"","electrified":""},"geometry":{"type":"LineString","coordinates":[[112.8039157,26.3223976],[112.8041649,26.3213525]]}},{"type":"Feature","properties":{"osm_id":1321551999,"name":"京广高速线","gauge":"","electrified":""},"geometry":{"type":"LineString","coordinates":[[112.802918,26.3259989],[112.8038514,26.3223808]]}},{"type":"Feature","properties":{"osm_id":1321552000,"name":"京广高速线","gauge":"","electrified":""},"geometry":{"type":"LineString","coordinates":[[112.8029743,26.3260037],[112.8039157,26.3223976]]}},{"type":"Feature","properties":{"osm_id":1321552001,"name":"京广高速线","gauge":"","electrified":""},"geometry":{"type":"LineString","coordinates":[[112.8046813,26.3192871],[112.8047768,26.3189272]]}},{"type":"Feature","properties":{"osm_id":1321552002,"name":"京广高速线","gauge":"","electrified":""},"geometry":{"type":"LineString","coordinates":[[112.804636,26.3192833],[112.8047324,26.3189197]]}},{"type":"Feature","properties":{"osm_id":1321552003,"name":"京广高速线","gauge":"","electrified":""},"geometry":{"type":"LineString","coordinates":[[112.8041649,26.3213525],[112.8046813,26.3192871]]}},{"type":"Feature","properties":{"osm_id":1321552004,"name":"京广高速线","gauge":"","electrified":""},"geometry":{"type":"LineString","coordinates":[[112.8041083,26.321351],[112.804636,26.3192833]]}},{"type":"Feature","properties":{"osm_id":1321552005,"name":"京广高速线","gauge":"","electrified":""},"geometry":{"type":"LineString","coordinates":[[112.8047768,26.3189272],[112.8066389,26.3119058]]}},{"type":"Feature","properties":{"osm_id":1321552006,"name":"京广高速线","gauge":"","electrified":""},"geometry":{"type":"LineString","coordinates":[[112.8047324,26.3189197],[112.8065955,26.3118949]]}},{"type":"Feature","properties":{"osm_id":1321552007,"name":"京广高速线","gauge":"","electrified":""},"geometry":{"type":"LineString","coordinates":[[112.8066389,26.3119058],[112.80679,26.3113362]]}},{"type":"Feature","properties":{"osm_id":1321552008,"name":"京广高速线","gauge":"","electrified":""},"geometry":{"type":"LineString","coordinates":[[112.8065955,26.3118949],[112.8067434,26.311337]]}},{"type":"Feature","properties":{"osm_id":1321552009,"name":"京广高速线","gauge":"","electrified":""},"geometry":{"type":"LineString","coordinates":[[112.80679,26.3113362],[112.8072638,26.3095496]]}},{"type":"Feature","properties":{"osm_id":1321552010,"name":"京广高速线","gauge":"","electrified":""},"geometry":{"type":"LineString","coordinates":[[112.8067434,26.311337],[112.8072196,26.3095414]]}},{"type":"Feature","properties":{"osm_id":1321552011,"name":"京广高速线","gauge":"","electrified":""},"geometry":{"type":"LineString","coordinates":[[112.8072638,26.3095496],[112.8075204,26.3085821]]}},{"type":"Feature","properties":{"osm_id":1321552012,"name":"京广高速线","gauge":"","electrified":""},"geometry":{"type":"LineString","coordinates":[[112.8072196,26.3095414],[112.8074765,26.308573]]}},{"type":"Feature","properties":{"osm_id":1321552013,"name":"京广高速线","gauge":"","electrified":""},"geometry":{"type":"LineString","coordinates":[[112.8075204,26.3085821],[112.8080586,26.3065526]]}},{"type":"Feature","properties":{"osm_id":1321552014,"name":"京广高速线","gauge":"","electrified":""},"geometry":{"type":"LineString","coordinates":[[112.8074765,26.308573],[112.8080151,26.3065417]]}},{"type":"Feature","properties":{"osm_id":1321552015,"name":"京广高速线","gauge":"","electrified":""},"geometry":{"type":"LineString","coordinates":[[112.8091074,26.3025552],[112.8098981,26.2995855]]}},{"type":"Feature","properties":{"osm_id":1321552016,"name":"京广高速线","gauge":"","electrified":""},"geometry":{"type":"LineString","coordinates":[[112.8090555,26.3025531],[112.8098565,26.2995677]]}},{"type":"Feature","properties":{"osm_id":1321552017,"name":"京广高速线","gauge":"","electrified":""},"geometry":{"type":"LineString","coordinates":[[112.8080586,26.3065526],[112.8085363,26.3047513]]}},{"type":"Feature","properties":{"osm_id":1321552018,"name":"京广高速线","gauge":"","electrified":""},"geometry":{"type":"LineString","coordinates":[[112.8080151,26.3065417],[112.8084911,26.304747]]}},{"type":"Feature","properties":{"osm_id":1321552019,"name":"京广高速线","gauge":"","electrified":""},"geometry":{"type":"LineString","coordinates":[[112.8085363,26.3047513],[112.8091074,26.3025552]]}},{"type":"Feature","properties":{"osm_id":1321552020,"name":"京广高速线","gauge":"","electrified":""},"geometry":{"type":"LineString","coordinates":[[112.8084911,26.304747],[112.8090555,26.3025531]]}},{"type":"Feature","properties":{"osm_id":1095856025,"name":"","gauge":"","electrified":""},"geometry":{"type":"LineString","coordinates":[[113.119346,29.3801112],[113.1186304,29.3799738]]}},{"type":"Feature","properties":{"osm_id":1095856026,"name":"","gauge":"","electrified":""},"geometry":{"type":"LineString","coordinates":[[113.1203934,29.3802952],[113.1194669,29.3801291]]}},{"type":"Feature","properties":{"osm_id":1095856029,"name":"","gauge":"","electrified":""},"geometry":{"type":"LineString","coordinates":[[113.1078369,29.379904],[113.1082837,29.3799129],[113.1089642,29.3799308],[113.1095115,29.3799558],[113.1103027,29.3799915],[113.1166342,29.3799272],[113.117163,29.3799415],[113.1176611,29.3799754],[113.1181879,29.3800308],[113.1187126,29.3800755]]}},{"type":"Feature","properties":{"osm_id":1095856030,"name":"","gauge":"","electrified":""},"geometry":{"type":"LineString","coordinates":[[113.1082837,29.3799129],[113.1087223,29.3799612],[113.1091548,29.3800076],[113.1096058,29.3800237],[113.1102822,29.380029],[113.1164907,29.3799772],[113.1169232,29.3799808],[113.1173598,29.3800058],[113.1177144,29.3800237],[113.1181879,29.3800308]]}},{"type":"Feature","properties":{"osm_id":156071966,"name":"京广线","gauge":"","electrified":""},"geometry":{"type":"LineString","coordinates":[[113.0713534,25.2841698],[113.0717879,25.284114],[113.0724742,25.2839636],[113.0733884,25.2837549],[113.0738967,25.2836702],[113.0743142,25.2836207],[113.0749499,25.2835625],[113.0755393,25.2835316],[113.0758217,25.2835406],[113.0762657,25.2835771],[113.0768279,25.2836528],[113.0774448,25.2837293],[113.0778689,25.2837845],[113.0784786,25.2838412],[113.0788748,25.2838536],[113.0791993,25.2838539],[113.0796833,25.283837],[113.0801781,25.2837923],[113.0811397,25.2836971]]}},{"type":"Feature","properties":{"osm_id":614050187,"name":"","gauge":"","electrified":""},"geometry":{"type":"LineString","coordinates":[[113.1081049,27.8910329],[113.1075347,27.8916273],[113.1072439,27.891882],[113.1068787,27.8922654]]}},{"type":"Feature","properties":{"osm_id":592917057,"name":"","gauge":"","electrified":""},"geometry":{"type":"LineString","coordinates":[[113.09884,27.8992892],[113.0991264,27.8990081],[113.0994362,27.8987409],[113.1056065,27.8934713],[113.1058311,27.8932628],[113.1060589,27.8930271]]}},{"type":"Feature","properties":{"osm_id":592917084,"name":"","gauge":"","electrified":""},"geometry":{"type":"LineString","coordinates":[[113.1094322,27.8899585],[113.1095734,27.8897289],[113.1097511,27.8893559],[113.1097902,27.8892559],[113.1098867,27.8890971],[113.1100156,27.8888994],[113.1101665,27.8886441],[113.1102775,27.8884912],[113.1104038,27.8883407],[113.1106745,27.888096],[113.1163767,27.8831576],[113.1168405,27.8827765],[113.1173426,27.8824518]]}},{"type":"Feature","properties":{"osm_id":592917086,"name":"","gauge":"","electrified":""},"geometry":{"type":"LineString","coordinates":[[113.1085257,27.8909124],[113.1088367,27.8906911],[113.109033,27.8905705],[113.1093533,27.8904341]]}},{"type":"Feature","properties":{"osm_id":592917108,"name":"","gauge":"","electrified":""},"geometry":{"type":"LineString","coordinates":[[113.1102891,27.8895903],[113.1105255,27.8894473],[113.1107583,27.8892696],[113.1110005,27.8890961],[113.1112438,27.8889441],[113.111425,27.8887875],[113.1179243,27.8831761],[113.1181863,27.8829337],[113.1185345,27.8825554]]}},{"type":"Feature","properties":{"osm_id":592917111,"name":"","gauge":"","electrified":""},"geometry":{"type":"LineString","coordinates":[[113.1102597,27.889518],[113.1104232,27.8893448],[113.1105406,27.8892058],[113.1106671,27.8890624],[113.1107999,27.8889278],[113.1111982,27.8885836],[113.1191891,27.8816975],[113.119262,27.8816398],[113.1198562,27.8811544],[113.120074,27.8809646],[113.1201506,27.8808988],[113.1207534,27.8803826],[113.1225076,27.8788722],[113.1232612,27.8782277],[113.123789,27.8777755],[113.1239272,27.8776555],[113.1247559,27.8769691],[113.1249355,27.8768541],[113.1319103,27.8709003],[113.1322078,27.8706567],[113.1325189,27.8704371],[113.1333117,27.8698916],[113.1336536,27.8696099],[113.1337446,27.8695395],[113.1339946,27.8693142],[113.1345987,27.8687982]]}},{"type":"Feature","properties":{"osm_id":592917228,"name":"","gauge":"","electrified":""},"geometry":{"type":"LineString","coordinates":[[113.1091558,27.8902616],[113.1094322,27.8899585],[113.1096059,27.8897548],[113.1099756,27.8894189],[113.1100329,27.8893672],[113.110168,27.8892208],[113.1103435,27.8890505],[113.1110473,27.8884419],[113.1176886,27.882708],[113.11854,27.8819794],[113.1188971,27.8816918],[113.1191473,27.8815288],[113.1198818,27.8809658],[113.1206639,27.8802983],[113.1212715,27.8797683],[113.12193,27.879193],[113.1223898,27.8788046],[113.1237267,27.8776751],[113.1241107,27.8773517],[113.1244312,27.877083],[113.1249052,27.8766885],[113.1309094,27.8715564],[113.1312034,27.8713376],[113.1316132,27.87106],[113.1318237,27.8709046],[113.1321842,27.8706119],[113.1327701,27.8702094],[113.1333188,27.8698452],[113.1336536,27.8696099]]}},{"type":"Feature","properties":{"osm_id":592917264,"name":"","gauge":"","electrified":""},"geometry":{"type":"LineString","coordinates":[[113.1085257,27.8909124],[113.1089181,27.8905658],[113.1092088,27.8902956],[113.1097987,27.8898818],[113.1102223,27.8895497],[113.1102597,27.889518],[113.1104572,27.8893829],[113.1106577,27.8892114],[113.1109055,27.8890028],[113.1113034,27.8886726],[113.1180161,27.8829022],[113.118932,27.8820979],[113.1191599,27.8818868],[113.1193465,27.8816998],[113.1194911,27.8815623],[113.1200229,27.8810926],[113.1205633,27.8806328],[113.1217246,27.8796326],[113.123089,27.8784553],[113.1233588,27.8782769],[113.1235484,27.8781642],[113.1237811,27.8780434],[113.1244543,27.8776146],[113.1260008,27.8766006],[113.1262395,27.876418],[113.1317499,27.8716991],[113.1321113,27.8713831]]}},{"type":"Feature","properties":{"osm_id":592917321,"name":"","gauge":"","electrified":""},"geometry":{"type":"LineString","coordinates":[[113.1095519,27.88648],[113.1090331,27.8868294],[113.1086027,27.887079],[113.107684,27.887554],[113.1073593,27.8877556],[113.1071056,27.8879583],[113.1069576,27.8881392],[113.1067897,27.8884121],[113.106671,27.888698],[113.1066079,27.8889786],[113.1065933,27.8892531],[113.1066063,27.8894542],[113.1066993,27.889732],[113.1067986,27.8899417],[113.1069046,27.8901099],[113.1070782,27.890301],[113.1072767,27.8904737],[113.10752,27.8906538],[113.1077864,27.8907798],[113.108075,27.8908881],[113.10848,27.8910038],[113.1087414,27.8910551],[113.108966,27.8910797],[113.1092447,27.8910768],[113.1095097,27.8910511],[113.1097506,27.890997],[113.1099852,27.8909173],[113.1101717,27.8908347],[113.1103955,27.8906933],[113.1106176,27.8905132],[113.110821,27.8903019],[113.1110661,27.8900483],[113.1114371,27.889714]]}},{"type":"Feature","properties":{"osm_id":592917408,"name":"","gauge":"","electrified":""},"geometry":{"type":"LineString","coordinates":[[113.1110782,27.8856457],[113.1102071,27.8861301],[113.1097005,27.8864728],[113.109477,27.8866466],[113.1092662,27.8868541],[113.1090685,27.8870981],[113.1089242,27.8873374],[113.1088029,27.8876263],[113.1087249,27.887896],[113.1086902,27.888168],[113.1086988,27.8884258],[113.1087448,27.8886961],[113.1088085,27.8889834],[113.1088545,27.8892527],[113.1088596,27.8894955],[113.1088317,27.8897339],[113.1087758,27.8899842],[113.1086766,27.8902526],[113.1085233,27.8905445],[113.1083176,27.8908191]]}},{"type":"Feature","properties":{"osm_id":1095821590,"name":"","gauge":"","electrified":""},"geometry":{"type":"LineString","coordinates":[[113.1116162,27.8895938],[113.11125,27.8899816],[113.1107986,27.8904651],[113.1105489,27.890703],[113.1103283,27.8908632],[113.1100938,27.8909956],[113.1098404,27.8911061],[113.1096493,27.891174],[113.1093866,27.8912314],[113.1088994,27.891315],[113.1085627,27.8913796],[113.1082883,27.8914676],[113.1080163,27.8915851],[113.1077733,27.8917113],[113.1075207,27.891886],[113.1072999,27.8920435],[113.106888,27.892393],[113.1063782,27.8929249]]}},{"type":"Feature","properties":{"osm_id":311039401,"name":"","gauge":"","electrified":""},"geometry":{"type":"LineString","coordinates":[[116.9338149,36.7807331],[116.9316413,36.7812239],[116.9312443,36.7813194],[116.930576,36.7815274],[116.9299261,36.7818113],[116.9293408,36.7821872],[116.9290046,36.7824766],[116.9286502,36.7828639],[116.9284018,36.7832183],[116.9282263,36.7835627],[116.9280841,36.7839386],[116.9280011,36.7842579],[116.927946,36.7846446],[116.927947,36.7849857],[116.927981,36.7852895],[116.9280382,36.7857101],[116.9285906,36.789635],[116.9286397,36.790008],[116.9286633,36.7904108],[116.928667,36.7908256],[116.9286388,36.791207],[116.9286101,36.7915704],[116.9285866,36.7918918],[116.9285554,36.7922838]]}},{"type":"Feature","properties":{"osm_id":595157385,"name":"","gauge":"","electrified":""},"geometry":{"type":"LineString","coordinates":[[116.9281356,36.7970942],[116.9281223,36.7972505]]}},{"type":"Feature","properties":{"osm_id":736335392,"name":"","gauge":"","electrified":""},"geometry":{"type":"LineString","coordinates":[[116.900479,36.8027078],[116.900463,36.8024705],[116.9004576,36.8022987],[116.9004439,36.8020858],[116.8988256,36.7936283],[116.8988073,36.793552],[116.8986148,36.7928907],[116.8985366,36.7925834]]}},{"type":"Feature","properties":{"osm_id":736335393,"name":"","gauge":"","electrified":""},"geometry":{"type":"LineString","coordinates":[[116.8985972,36.7928958],[116.8986323,36.7932028],[116.8986654,36.7935753],[116.8986763,36.7936545],[116.8994134,36.7974751],[116.900307,36.8021222],[116.9003959,36.8025628],[116.9004364,36.8027335],[116.9004768,36.8028697],[116.9005233,36.8030471],[116.9005791,36.8032602]]}},{"type":"Feature","properties":{"osm_id":1290128144,"name":"","gauge":"","electrified":""},"geometry":{"type":"LineString","coordinates":[[116.9367276,36.7734863],[116.9374493,36.7733899],[116.9382003,36.7732514],[116.9456914,36.7721964],[116.9457749,36.7721846]]}},{"type":"Feature","properties":{"osm_id":1290128152,"name":"","gauge":"","electrified":""},"geometry":{"type":"LineString","coordinates":[[116.9345605,36.7737412],[116.9355382,36.7736145]]}},{"type":"Feature","properties":{"osm_id":1290128154,"name":"","gauge":"","electrified":""},"geometry":{"type":"LineString","coordinates":[[116.9361913,36.7735565],[116.9355382,36.7736145],[116.9349957,36.7736559],[116.9345557,36.7736895]]}},{"type":"Feature","properties":{"osm_id":1290128158,"name":"","gauge":"","electrified":""},"geometry":{"type":"LineString","coordinates":[[116.9334727,36.7739356],[116.9348742,36.7737496],[116.9361913,36.7735565],[116.9365678,36.7735074],[116.9367276,36.7734863]]}},{"type":"Feature","properties":{"osm_id":1363099672,"name":"","gauge":"","electrified":""},"geometry":{"type":"LineString","coordinates":[[116.8985972,36.7928958],[116.8985366,36.7925834],[116.8983906,36.7918724]]}},{"type":"Feature","properties":{"osm_id":1363099673,"name":"","gauge":"","electrified":""},"geometry":{"type":"LineString","coordinates":[[116.8994134,36.7974751],[116.8994759,36.7977197],[116.8995677,36.7980002],[116.8996362,36.7982355]]}},{"type":"Feature","properties":{"osm_id":311039402,"name":"","gauge":"","electrified":""},"geometry":{"type":"LineString","coordinates":[[116.9367276,36.7734863],[116.9375834,36.7734179],[116.9380448,36.7734115],[116.9385524,36.7734581],[116.9391244,36.7735873],[116.9395885,36.7737602],[116.9400045,36.7739794],[116.9403392,36.774214],[116.9406749,36.7745249],[116.9409138,36.7748203],[116.9411058,36.7751415],[116.9412714,36.775569],[116.9413444,36.7759611],[116.9413496,36.7763171],[116.9412944,36.7766839],[116.9411886,36.7770173],[116.9409731,36.7776008],[116.940846,36.7779309],[116.9406611,36.7782588],[116.9404697,36.7785141],[116.940191,36.7788026],[116.9398833,36.7790493],[116.9395438,36.7792615],[116.9390857,36.7794746],[116.9384118,36.7796708],[116.9338149,36.7807331]]}},{"type":"Feature","properties":{"osm_id":311039407,"name":"","gauge":"","electrified":""},"geometry":{"type":"LineString","coordinates":[[116.9285554,36.7922838],[116.9282757,36.7954896],[116.9281356,36.7970942]]}},{"type":"Feature","properties":{"osm_id":595157386,"name":"","gauge":"","electrified":""},"geometry":{"type":"LineString","coordinates":[[116.9281223,36.7972505],[116.9278159,36.8007839],[116.9277933,36.8010183],[116.9277591,36.8012909],[116.927606,36.8019179],[116.9274692,36.8022394],[116.9272818,36.8025693],[116.9270693,36.8028628],[116.9267548,36.8032063],[116.926373,36.8035311],[116.9259452,36.8038143],[116.9255355,36.8040263],[116.9250205,36.8042277],[116.9246005,36.8043467],[116.923991,36.8044557],[116.9233678,36.8045213],[116.9199189,36.8047963],[116.9190448,36.8048679],[116.9159675,36.8051067],[116.9153612,36.8051694],[116.9108025,36.8055394],[116.9056851,36.8059456],[116.9039631,36.8060871],[116.9035657,36.8061146],[116.903188,36.8060988],[116.9027464,36.8060085],[116.9023588,36.8058946],[116.9020643,36.8057459],[116.9017521,36.8055682],[116.9016563,36.8054936],[116.9014954,36.8053682],[116.9012074,36.8050654],[116.9010166,36.8048015],[116.9008779,36.8044877],[116.9007647,36.8041319],[116.9005791,36.8032602],[116.9005082,36.8028693],[116.900479,36.8027078]]}},{"type":"Feature","properties":{"osm_id":1314977443,"name":"侯阎线","gauge":"","electrified":""},"geometry":{"type":"LineString","coordinates":[[109.6380394,34.8673626],[109.6350239,34.8665839],[109.615328,34.8617155],[109.6126561,34.8610449],[109.6090226,34.8601212],[109.6086339,34.8600216]]}},{"type":"Feature","properties":{"osm_id":678061610,"name":"","gauge":"","electrified":""},"geometry":{"type":"LineString","coordinates":[[123.2579012,47.2796232],[123.2583002,47.279201],[123.258577,47.2789081],[123.2607567,47.2766311],[123.2625718,47.2746886],[123.2628867,47.2743979],[123.2630018,47.2742737],[123.2631958,47.2740643]]}},{"type":"Feature","properties":{"osm_id":325386684,"name":"","gauge":"","electrified":""},"geometry":{"type":"LineString","coordinates":[[121.318262,28.5445998],[121.3183233,28.5431011],[121.3184306,28.5425544]]}},{"type":"Feature","properties":{"osm_id":509639260,"name":"侯阎线","gauge":"","electrified":""},"geometry":{"type":"LineString","coordinates":[[109.6085084,34.8599894],[109.5955431,34.8566662],[109.5601761,34.8477077]]}},{"type":"Feature","properties":{"osm_id":1314977444,"name":"侯阎线","gauge":"","electrified":""},"geometry":{"type":"LineString","coordinates":[[109.6086339,34.8600216],[109.6085084,34.8599894]]}},{"type":"Feature","properties":{"osm_id":1363099674,"name":"","gauge":"","electrified":""},"geometry":{"type":"LineString","coordinates":[[116.900479,36.8027078],[116.9003784,36.8021141],[116.8996362,36.7982355],[116.8987402,36.7936436],[116.8987258,36.793566],[116.8985972,36.7928958]]}},{"type":"Feature","properties":{"osm_id":1095776262,"name":"","gauge":"","electrified":""},"geometry":{"type":"LineString","coordinates":[[121.9088682,48.7529229],[121.9095034,48.752796]]}},{"type":"Feature","properties":{"osm_id":1095776270,"name":"","gauge":"","electrified":""},"geometry":{"type":"LineString","coordinates":[[121.8997613,48.7558965],[121.9001076,48.7557598],[121.9006508,48.7555454],[121.900985,48.7554135],[121.9034584,48.7544371],[121.9044355,48.7540515],[121.904672,48.753955],[121.9048574,48.7538665],[121.9051215,48.7537316],[121.9054865,48.7535449]]}},{"type":"Feature","properties":{"osm_id":1095776281,"name":"","gauge":"","electrified":""},"geometry":{"type":"LineString","coordinates":[[121.9022519,48.7550069],[121.9019549,48.7551532],[121.9014337,48.75541],[121.9012437,48.7554896],[121.9000668,48.7559508]]}},{"type":"Feature","properties":{"osm_id":1095500623,"name":"唐包线","gauge":"","electrified":""},"geometry":{"type":"LineString","coordinates":[[116.7835548,41.1601471],[116.7707667,41.1616445],[116.770243,41.1617081],[116.7697629,41.1617828],[116.7691889,41.1618858],[116.7686554,41.1620007],[116.7675045,41.1622634],[116.7670003,41.1623785],[116.7664585,41.1625138],[116.7659596,41.162644],[116.7652823,41.1628368]]}},{"type":"Feature","properties":{"osm_id":1095773243,"name":"唐包线","gauge":"","electrified":""},"geometry":{"type":"LineString","coordinates":[[117.266819,41.076722],[117.2675736,41.0764663]]}},{"type":"Feature","properties":{"osm_id":1095773260,"name":"唐包线","gauge":"","electrified":""},"geometry":{"type":"LineString","coordinates":[[117.0030226,41.0846724],[117.0004503,41.0844197]]}},{"type":"Feature","properties":{"osm_id":1095773262,"name":"唐包线","gauge":"","electrified":""},"geometry":{"type":"LineString","coordinates":[[116.9969568,41.0842499],[116.9963787,41.0842732],[116.9958202,41.0843126],[116.9952844,41.0843601],[116.9935825,41.0845198]]}},{"type":"Feature","properties":{"osm_id":1095773267,"name":"唐包线","gauge":"","electrified":""},"geometry":{"type":"LineString","coordinates":[[117.042679,41.0883276],[117.0405132,41.0881294]]}}]}
