{"type":"FeatureCollection","features":[{"type":"Feature","properties":{"id":"st-0","name":"清华园","province":"北京","city":"海淀区","tier":"local","sourceCount":0,"source":"csv"},"geometry":{"type":"Point","coordinates":[116.333229,39.981082]}},{"type":"Feature","properties":{"id":"st-1","name":"昌平北","province":"北京","city":"昌平区","tier":"regional-hub","sourceCount":5,"source":"csv"},"geometry":{"type":"Point","coordinates":[116.227054,40.230033]}},{"type":"Feature","properties":{"id":"st-2","name":"昌平","province":"北京","city":"昌平区","tier":"local","sourceCount":0,"source":"csv"},"geometry":{"type":"Point","coordinates":[116.187485,40.188802]}},{"type":"Feature","properties":{"id":"st-3","name":"南口","province":"北京","city":"昌平区","tier":"local","sourceCount":0,"source":"csv"},"geometry":{"type":"Point","coordinates":[116.123338,40.237858]}},{"type":"Feature","properties":{"id":"st-4","name":"官高","province":"北京","city":"昌平区","tier":"local","sourceCount":0,"source":"csv"},"geometry":{"type":"Point","coordinates":[116.303196,40.236446]}},{"type":"Feature","properties":{"id":"st-5","name":"北京东","province":"北京","city":"朝阳区","tier":"national-hub","sourceCount":3,"source":"csv"},"geometry":{"type":"Point","coordinates":[116.478602,39.90151]}},{"type":"Feature","properties":{"id":"st-6","name":"黄村","province":"北京","city":"大兴区","tier":"local","sourceCount":0,"source":"csv"},"geometry":{"type":"Point","coordinates":[116.326143,39.72019]}},{"type":"Feature","properties":{"id":"st-7","name":"北京","province":"北京","city":"东城区","tier":"national-hub","sourceCount":118,"source":"csv"},"geometry":{"type":"Point","coordinates":[116.421034,39.902318]}},{"type":"Feature","properties":{"id":"st-8","name":"云居寺","province":"北京","city":"房山区","tier":"local","sourceCount":0,"source":"csv"},"geometry":{"type":"Point","coordinates":[115.794296,39.620454]}},{"type":"Feature","properties":{"id":"st-9","name":"孤山口","province":"北京","city":"房山区","tier":"local","sourceCount":0,"source":"csv"},"geometry":{"type":"Point","coordinates":[115.854867,39.636337]}},{"type":"Feature","properties":{"id":"st-10","name":"平峪","province":"北京","city":"房山区","tier":"local","sourceCount":0,"source":"csv"},"geometry":{"type":"Point","coordinates":[115.546157,39.66544]}},{"type":"Feature","properties":{"id":"st-11","name":"南观村","province":"北京","city":"房山区","tier":"local","sourceCount":0,"source":"csv"},"geometry":{"type":"Point","coordinates":[115.996829,39.772164]}},{"type":"Feature","properties":{"id":"st-12","name":"上万","province":"北京","city":"房山区","tier":"local","sourceCount":0,"source":"csv"},"geometry":{"type":"Point","coordinates":[116.036343,39.822108]}},{"type":"Feature","properties":{"id":"st-13","name":"十渡","province":"北京","city":"房山区","tier":"local","sourceCount":0,"source":"csv"},"geometry":{"type":"Point","coordinates":[115.583354,39.646206]}},{"type":"Feature","properties":{"id":"st-14","name":"燕山","province":"北京","city":"房山区","tier":"local","sourceCount":0,"source":"csv"},"geometry":{"type":"Point","coordinates":[115.95269,39.748942]}},{"type":"Feature","properties":{"id":"st-15","name":"三合庄","province":"北京","city":"房山区","tier":"local","sourceCount":0,"source":"csv"},"geometry":{"type":"Point","coordinates":[115.706637,39.634739]}},{"type":"Feature","properties":{"id":"st-16","name":"良各庄","province":"北京","city":"房山区","tier":"local","sourceCount":0,"source":"csv"},"geometry":{"type":"Point","coordinates":[115.931573,39.718152]}},{"type":"Feature","properties":{"id":"st-17","name":"北京南","province":"北京","city":"丰台区","tier":"national-hub","sourceCount":241,"source":"csv"},"geometry":{"type":"Point","coordinates":[116.372828,39.863505]}},{"type":"Feature","properties":{"id":"st-18","name":"大灰厂","province":"北京","city":"丰台区","tier":"local","sourceCount":0,"source":"csv"},"geometry":{"type":"Point","coordinates":[116.127779,39.858307]}},{"type":"Feature","properties":{"id":"st-19","name":"北京西","province":"北京","city":"丰台区","tier":"national-hub","sourceCount":182,"source":"csv"},"geometry":{"type":"Point","coordinates":[116.315031,39.893457]}},{"type":"Feature","properties":{"id":"st-20","name":"清河","province":"北京","city":"海淀区","tier":"local","sourceCount":0,"source":"csv"},"geometry":{"type":"Point","coordinates":[116.308941,40.040358]}},{"type":"Feature","properties":{"id":"st-21","name":"怀柔","province":"北京","city":"怀柔区","tier":"local","sourceCount":0,"source":"csv"},"geometry":{"type":"Point","coordinates":[116.642946,40.315968]}},{"type":"Feature","properties":{"id":"st-22","name":"怀柔北","province":"北京","city":"怀柔区","tier":"regional-hub","sourceCount":0,"source":"csv"},"geometry":{"type":"Point","coordinates":[116.68667,40.407568]}},{"type":"Feature","properties":{"id":"st-23","name":"庙城","province":"北京","city":"怀柔区","tier":"local","sourceCount":0,"source":"csv"},"geometry":{"type":"Point","coordinates":[116.625548,40.300053]}},{"type":"Feature","properties":{"id":"st-24","name":"北宅","province":"北京","city":"怀柔区","tier":"local","sourceCount":0,"source":"csv"},"geometry":{"type":"Point","coordinates":[116.564709,40.342272]}},{"type":"Feature","properties":{"id":"st-25","name":"斜河涧","province":"北京","city":"门头沟区","tier":"local","sourceCount":0,"source":"csv"},"geometry":{"type":"Point","coordinates":[116.0583,39.976553]}},{"type":"Feature","properties":{"id":"st-26","name":"三家店","province":"北京","city":"门头沟区","tier":"local","sourceCount":0,"source":"csv"},"geometry":{"type":"Point","coordinates":[116.114195,39.948791]}},{"type":"Feature","properties":{"id":"st-27","name":"安家庄","province":"北京","city":"门头沟区","tier":"local","sourceCount":0,"source":"csv"},"geometry":{"type":"Point","coordinates":[115.947994,39.996612]}},{"type":"Feature","properties":{"id":"st-28","name":"落坡岭","province":"北京","city":"门头沟区","tier":"local","sourceCount":0,"source":"csv"},"geometry":{"type":"Point","coordinates":[115.98053,39.986446]}},{"type":"Feature","properties":{"id":"st-29","name":"雁翅","province":"北京","city":"门头沟区","tier":"local","sourceCount":0,"source":"csv"},"geometry":{"type":"Point","coordinates":[115.891685,40.03406]}},{"type":"Feature","properties":{"id":"st-30","name":"珠窝","province":"北京","city":"门头沟区","tier":"local","sourceCount":0,"source":"csv"},"geometry":{"type":"Point","coordinates":[115.796521,40.056298]}},{"type":"Feature","properties":{"id":"st-31","name":"沿河城","province":"北京","city":"门头沟区","tier":"local","sourceCount":0,"source":"csv"},"geometry":{"type":"Point","coordinates":[115.720419,40.101418]}},{"type":"Feature","properties":{"id":"st-32","name":"密云","province":"北京","city":"密云县","tier":"local","sourceCount":0,"source":"csv"},"geometry":{"type":"Point","coordinates":[116.847451,40.394317]}},{"type":"Feature","properties":{"id":"st-33","name":"统军庄","province":"北京","city":"密云县","tier":"local","sourceCount":0,"source":"csv"},"geometry":{"type":"Point","coordinates":[116.747829,40.3418]}},{"type":"Feature","properties":{"id":"st-34","name":"张辛","province":"北京","city":"顺义区","tier":"local","sourceCount":0,"source":"csv"},"geometry":{"type":"Point","coordinates":[116.680288,40.011048]}},{"type":"Feature","properties":{"id":"st-35","name":"高各庄","province":"北京","city":"怀柔区","tier":"local","sourceCount":0,"source":"csv"},"geometry":{"type":"Point","coordinates":[116.618962,40.257844]}},{"type":"Feature","properties":{"id":"st-36","name":"顺义","province":"北京","city":"顺义区","tier":"local","sourceCount":0,"source":"csv"},"geometry":{"type":"Point","coordinates":[116.63958,40.12478]}},{"type":"Feature","properties":{"id":"st-37","name":"通州西","province":"北京","city":"通州区","tier":"regional-hub","sourceCount":1,"source":"csv"},"geometry":{"type":"Point","coordinates":[116.621367,39.903368]}},{"type":"Feature","properties":{"id":"st-38","name":"北京北","province":"北京","city":"西城区","tier":"national-hub","sourceCount":0,"source":"csv"},"geometry":{"type":"Point","coordinates":[116.348024,39.940907]}},{"type":"Feature","properties":{"id":"st-39","name":"八达岭","province":"北京","city":"延庆县","tier":"local","sourceCount":0,"source":"csv"},"geometry":{"type":"Point","coordinates":[115.990108,40.357638]}},{"type":"Feature","properties":{"id":"st-40","name":"延庆","province":"北京","city":"延庆县","tier":"local","sourceCount":0,"source":"csv"},"geometry":{"type":"Point","coordinates":[115.984797,40.4727]}},{"type":"Feature","properties":{"id":"st-41","name":"康庄","province":"北京","city":"延庆县","tier":"local","sourceCount":0,"source":"csv"},"geometry":{"type":"Point","coordinates":[115.892509,40.378879]}},{"type":"Feature","properties":{"id":"st-42","name":"霸州","province":"河北","city":"廊坊","tier":"local","sourceCount":0,"source":"csv"},"geometry":{"type":"Point","coordinates":[116.370092,39.121706]}},{"type":"Feature","properties":{"id":"st-43","name":"保定东","province":"河北","city":"保定","tier":"regional-hub","sourceCount":0,"source":"csv"},"geometry":{"type":"Point","coordinates":[115.595701,38.863534]}},{"type":"Feature","properties":{"id":"st-44","name":"板城","province":"河北","city":"保定","tier":"local","sourceCount":0,"source":"csv"},"geometry":{"type":"Point","coordinates":[115.25016,39.612848]}},{"type":"Feature","properties":{"id":"st-45","name":"北屯","province":"新疆维吾尔自治区","city":"阿勒泰","tier":"local","sourceCount":0,"source":"csv"},"geometry":{"type":"Point","coordinates":[87.758513,47.32201]}},{"type":"Feature","properties":{"id":"st-46","name":"保定","province":"河北","city":"保定","tier":"regional-hub","sourceCount":4,"source":"csv"},"geometry":{"type":"Point","coordinates":[115.473619,38.862601]}},{"type":"Feature","properties":{"id":"st-47","name":"徐水","province":"河北","city":"保定","tier":"local","sourceCount":0,"source":"csv"},"geometry":{"type":"Point","coordinates":[115.632238,39.030685]}},{"type":"Feature","properties":{"id":"st-48","name":"泊头","province":"河北","city":"沧州","tier":"local","sourceCount":0,"source":"csv"},"geometry":{"type":"Point","coordinates":[116.580936,38.061127]}},{"type":"Feature","properties":{"id":"st-49","name":"沧州西","province":"河北","city":"沧州","tier":"regional-hub","sourceCount":1,"source":"csv"},"geometry":{"type":"Point","coordinates":[116.762051,38.306263]}},{"type":"Feature","properties":{"id":"st-50","name":"东光","province":"河北","city":"沧州","tier":"local","sourceCount":0,"source":"csv"},"geometry":{"type":"Point","coordinates":[116.531533,37.898144]}},{"type":"Feature","properties":{"id":"st-51","name":"青县","province":"河北","city":"沧州","tier":"local","sourceCount":0,"source":"csv"},"geometry":{"type":"Point","coordinates":[116.832405,38.57705]}},{"type":"Feature","properties":{"id":"st-52","name":"肃宁","province":"河北","city":"沧州","tier":"local","sourceCount":0,"source":"csv"},"geometry":{"type":"Point","coordinates":[115.844118,38.414556]}},{"type":"Feature","properties":{"id":"st-53","name":"沧州","province":"河北","city":"沧州","tier":"local","sourceCount":0,"source":"csv"},"geometry":{"type":"Point","coordinates":[116.871827,38.308735]}},{"type":"Feature","properties":{"id":"st-54","name":"高寺台","province":"河北","city":"沧州","tier":"local","sourceCount":0,"source":"csv"},"geometry":{"type":"Point","coordinates":[117.957195,41.158196]}},{"type":"Feature","properties":{"id":"st-55","name":"永和","province":"河北","city":"承德","tier":"local","sourceCount":0,"source":"csv"},"geometry":{"type":"Point","coordinates":[118.344664,40.77681]}},{"type":"Feature","properties":{"id":"st-56","name":"甲山","province":"河北","city":"承德","tier":"local","sourceCount":0,"source":"csv"},"geometry":{"type":"Point","coordinates":[118.258754,40.787206]}},{"type":"Feature","properties":{"id":"st-57","name":"南湾子","province":"河北","city":"承德","tier":"local","sourceCount":0,"source":"csv"},"geometry":{"type":"Point","coordinates":[117.813331,40.728822]}},{"type":"Feature","properties":{"id":"st-58","name":"大杖子","province":"河北","city":"承德","tier":"local","sourceCount":0,"source":"csv"},"geometry":{"type":"Point","coordinates":[118.543961,40.849971]}},{"type":"Feature","properties":{"id":"st-59","name":"新杖子","province":"河北","city":"承德","tier":"local","sourceCount":0,"source":"csv"},"geometry":{"type":"Point","coordinates":[118.33221,40.877007]}},{"type":"Feature","properties":{"id":"st-60","name":"上板城南","province":"河北","city":"承德","tier":"regional-hub","sourceCount":0,"source":"csv"},"geometry":{"type":"Point","coordinates":[118.040886,40.823562]}},{"type":"Feature","properties":{"id":"st-61","name":"隆化","province":"河北","city":"承德","tier":"local","sourceCount":0,"source":"csv"},"geometry":{"type":"Point","coordinates":[117.744455,41.326788]}},{"type":"Feature","properties":{"id":"st-62","name":"韩麻营","province":"河北","city":"承德","tier":"local","sourceCount":0,"source":"csv"},"geometry":{"type":"Point","coordinates":[117.835254,41.276293]}},{"type":"Feature","properties":{"id":"st-63","name":"超梁沟","province":"河北","city":"承德","tier":"local","sourceCount":0,"source":"csv"},"geometry":{"type":"Point","coordinates":[117.689878,41.231771]}},{"type":"Feature","properties":{"id":"st-64","name":"闹海营","province":"河北","city":"承德","tier":"local","sourceCount":0,"source":"csv"},"geometry":{"type":"Point","coordinates":[117.710463,41.292512]}},{"type":"Feature","properties":{"id":"st-65","name":"五道河","province":"河北","city":"承德","tier":"local","sourceCount":0,"source":"csv"},"geometry":{"type":"Point","coordinates":[117.059334,40.892311]}},{"type":"Feature","properties":{"id":"st-66","name":"二道沟门","province":"河北","city":"承德","tier":"local","sourceCount":0,"source":"csv"},"geometry":{"type":"Point","coordinates":[117.144738,40.884876]}},{"type":"Feature","properties":{"id":"st-67","name":"流水沟","province":"河北","city":"承德","tier":"local","sourceCount":0,"source":"csv"},"geometry":{"type":"Point","coordinates":[117.138903,40.705112]}},{"type":"Feature","properties":{"id":"st-68","name":"窑上","province":"河北","city":"承德","tier":"local","sourceCount":0,"source":"csv"},"geometry":{"type":"Point","coordinates":[117.401807,40.982283]}},{"type":"Feature","properties":{"id":"st-69","name":"白旗","province":"河北","city":"承德","tier":"local","sourceCount":0,"source":"csv"},"geometry":{"type":"Point","coordinates":[117.665762,41.157095]}},{"type":"Feature","properties":{"id":"st-70","name":"梁底下","province":"河北","city":"承德","tier":"local","sourceCount":0,"source":"csv"},"geometry":{"type":"Point","coordinates":[117.619338,41.106595]}},{"type":"Feature","properties":{"id":"st-71","name":"猴山","province":"河北","city":"承德","tier":"local","sourceCount":0,"source":"csv"},"geometry":{"type":"Point","coordinates":[117.022936,40.814187]}},{"type":"Feature","properties":{"id":"st-72","name":"虎什哈","province":"河北","city":"承德","tier":"local","sourceCount":0,"source":"csv"},"geometry":{"type":"Point","coordinates":[116.984355,40.859571]}},{"type":"Feature","properties":{"id":"st-73","name":"金沟屯","province":"河北","city":"承德","tier":"local","sourceCount":0,"source":"csv"},"geometry":{"type":"Point","coordinates":[117.510439,41.057645]}},{"type":"Feature","properties":{"id":"st-74","name":"滦河沿","province":"河北","city":"承德","tier":"local","sourceCount":0,"source":"csv"},"geometry":{"type":"Point","coordinates":[117.537531,41.077847]}},{"type":"Feature","properties":{"id":"st-75","name":"南大庙","province":"河北","city":"承德","tier":"local","sourceCount":0,"source":"csv"},"geometry":{"type":"Point","coordinates":[117.064123,40.769559]}},{"type":"Feature","properties":{"id":"st-76","name":"平坊","province":"河北","city":"承德","tier":"local","sourceCount":0,"source":"csv"},"geometry":{"type":"Point","coordinates":[117.236581,40.891402]}},{"type":"Feature","properties":{"id":"st-77","name":"张百湾","province":"河北","city":"承德","tier":"local","sourceCount":0,"source":"csv"},"geometry":{"type":"Point","coordinates":[117.475611,40.997564]}},{"type":"Feature","properties":{"id":"st-78","name":"滦平","province":"河北","city":"承德","tier":"local","sourceCount":0,"source":"csv"},"geometry":{"type":"Point","coordinates":[117.310041,40.921694]}},{"type":"Feature","properties":{"id":"st-79","name":"平泉","province":"河北","city":"承德","tier":"local","sourceCount":2,"source":"csv"},"geometry":{"type":"Point","coordinates":[118.693723,40.998168]}},{"type":"Feature","properties":{"id":"st-80","name":"小寺沟","province":"河北","city":"承德","tier":"local","sourceCount":0,"source":"csv"},"geometry":{"type":"Point","coordinates":[118.639764,40.898312]}},{"type":"Feature","properties":{"id":"st-81","name":"承德","province":"河北","city":"承德","tier":"regional-hub","sourceCount":20,"source":"csv"},"geometry":{"type":"Point","coordinates":[117.948169,40.963724]}},{"type":"Feature","properties":{"id":"st-82","name":"上板城","province":"河北","city":"承德","tier":"local","sourceCount":0,"source":"csv"},"geometry":{"type":"Point","coordinates":[118.05145,40.836588]}},{"type":"Feature","properties":{"id":"st-83","name":"西大庙","province":"河北","city":"承德","tier":"local","sourceCount":0,"source":"csv"},"geometry":{"type":"Point","coordinates":[117.961499,40.803535]}},{"type":"Feature","properties":{"id":"st-84","name":"双峰寺","province":"河北","city":"承德","tier":"local","sourceCount":0,"source":"csv"},"geometry":{"type":"Point","coordinates":[117.965044,41.046662]}},{"type":"Feature","properties":{"id":"st-85","name":"黄土坎","province":"河北","city":"承德","tier":"local","sourceCount":0,"source":"csv"},"geometry":{"type":"Point","coordinates":[120.792762,41.070313]}},{"type":"Feature","properties":{"id":"st-86","name":"承德东","province":"河北","city":"承德","tier":"regional-hub","sourceCount":0,"source":"csv"},"geometry":{"type":"Point","coordinates":[117.983858,40.88756]}},{"type":"Feature","properties":{"id":"st-87","name":"洞庙河","province":"河北","city":"承德","tier":"local","sourceCount":0,"source":"csv"},"geometry":{"type":"Point","coordinates":[117.688307,40.570257]}},{"type":"Feature","properties":{"id":"st-88","name":"潘家店","province":"河北","city":"承德","tier":"local","sourceCount":0,"source":"csv"},"geometry":{"type":"Point","coordinates":[117.810727,40.67279]}},{"type":"Feature","properties":{"id":"st-89","name":"下台子","province":"河北","city":"承德","tier":"local","sourceCount":0,"source":"csv"},"geometry":{"type":"Point","coordinates":[117.734715,40.60168]}},{"type":"Feature","properties":{"id":"st-90","name":"六道河子","province":"河北","city":"承德","tier":"local","sourceCount":0,"source":"csv"},"geometry":{"type":"Point","coordinates":[117.309389,40.394514]}},{"type":"Feature","properties":{"id":"st-91","name":"兴隆县","province":"河北","city":"承德","tier":"local","sourceCount":1,"source":"csv"},"geometry":{"type":"Point","coordinates":[117.507659,40.435869]}},{"type":"Feature","properties":{"id":"st-92","name":"鹰手营子","province":"河北","city":"承德","tier":"local","sourceCount":0,"source":"csv"},"geometry":{"type":"Point","coordinates":[117.662904,40.554392]}},{"type":"Feature","properties":{"id":"st-93","name":"榆树沟","province":"河北","city":"承德","tier":"local","sourceCount":0,"source":"csv"},"geometry":{"type":"Point","coordinates":[118.398375,40.783966]}},{"type":"Feature","properties":{"id":"st-94","name":"上谷","province":"河北","city":"承德","tier":"local","sourceCount":0,"source":"csv"},"geometry":{"type":"Point","coordinates":[118.474476,40.794509]}},{"type":"Feature","properties":{"id":"st-95","name":"下板城","province":"河北","city":"承德","tier":"local","sourceCount":0,"source":"csv"},"geometry":{"type":"Point","coordinates":[118.170308,40.772557]}},{"type":"Feature","properties":{"id":"st-96","name":"磁县","province":"河北","city":"邯郸","tier":"local","sourceCount":0,"source":"csv"},"geometry":{"type":"Point","coordinates":[114.366796,36.360158]}},{"type":"Feature","properties":{"id":"st-97","name":"定州","province":"河北","city":"保定","tier":"local","sourceCount":0,"source":"csv"},"geometry":{"type":"Point","coordinates":[114.967532,38.529365]}},{"type":"Feature","properties":{"id":"st-98","name":"定州东","province":"河北","city":"保定","tier":"regional-hub","sourceCount":0,"source":"csv"},"geometry":{"type":"Point","coordinates":[115.069435,38.50806]}},{"type":"Feature","properties":{"id":"st-99","name":"高碑店东","province":"河北","city":"保定","tier":"regional-hub","sourceCount":0,"source":"csv"},"geometry":{"type":"Point","coordinates":[115.939146,39.288144]}},{"type":"Feature","properties":{"id":"st-100","name":"高碑店","province":"河北","city":"保定","tier":"local","sourceCount":0,"source":"csv"},"geometry":{"type":"Point","coordinates":[115.852979,39.32779]}},{"type":"Feature","properties":{"id":"st-101","name":"和村","province":"河北","city":"邯郸","tier":"local","sourceCount":0,"source":"csv"},"geometry":{"type":"Point","coordinates":[114.116963,36.556307]}},{"type":"Feature","properties":{"id":"st-102","name":"临水","province":"河北","city":"邯郸","tier":"local","sourceCount":0,"source":"csv"},"geometry":{"type":"Point","coordinates":[114.23068,36.433482]}},{"type":"Feature","properties":{"id":"st-103","name":"新坡","province":"河北","city":"邯郸","tier":"local","sourceCount":0,"source":"csv"},"geometry":{"type":"Point","coordinates":[114.289147,36.470784]}},{"type":"Feature","properties":{"id":"st-104","name":"邯郸东","province":"河北","city":"邯郸","tier":"regional-hub","sourceCount":16,"source":"csv"},"geometry":{"type":"Point","coordinates":[114.55351,36.620086]}},{"type":"Feature","properties":{"id":"st-105","name":"邯郸","province":"河北","city":"邯郸","tier":"regional-hub","sourceCount":18,"source":"csv"},"geometry":{"type":"Point","coordinates":[114.470723,36.603149]}},{"type":"Feature","properties":{"id":"st-106","name":"涉县","province":"河北","city":"邯郸","tier":"local","sourceCount":0,"source":"csv"},"geometry":{"type":"Point","coordinates":[113.661961,36.577166]}},{"type":"Feature","properties":{"id":"st-107","name":"前磨头","province":"河北","city":"衡水","tier":"local","sourceCount":0,"source":"csv"},"geometry":{"type":"Point","coordinates":[115.486601,37.795161]}},{"type":"Feature","properties":{"id":"st-108","name":"深州","province":"河北","city":"衡水","tier":"local","sourceCount":0,"source":"csv"},"geometry":{"type":"Point","coordinates":[115.607337,38.010924]}},{"type":"Feature","properties":{"id":"st-109","name":"龙华","province":"河北","city":"衡水","tier":"local","sourceCount":0,"source":"csv"},"geometry":{"type":"Point","coordinates":[116.016858,37.610955]}},{"type":"Feature","properties":{"id":"st-110","name":"饶阳","province":"河北","city":"衡水","tier":"local","sourceCount":0,"source":"csv"},"geometry":{"type":"Point","coordinates":[115.711578,38.236796]}},{"type":"Feature","properties":{"id":"st-111","name":"衡水","province":"河北","city":"衡水","tier":"local","sourceCount":3,"source":"csv"},"geometry":{"type":"Point","coordinates":[115.684974,37.743459]}},{"type":"Feature","properties":{"id":"st-112","name":"大营镇","province":"河北","city":"衡水","tier":"local","sourceCount":0,"source":"csv"},"geometry":{"type":"Point","coordinates":[115.72939,37.317831]}},{"type":"Feature","properties":{"id":"st-113","name":"枣强","province":"河北","city":"衡水","tier":"local","sourceCount":0,"source":"csv"},"geometry":{"type":"Point","coordinates":[115.73262,37.504001]}},{"type":"Feature","properties":{"id":"st-114","name":"上安","province":"河北","city":"保定","tier":"local","sourceCount":0,"source":"csv"},"geometry":{"type":"Point","coordinates":[114.193681,38.060137]}},{"type":"Feature","properties":{"id":"st-115","name":"南张村","province":"河北","city":"保定","tier":"local","sourceCount":0,"source":"csv"},"geometry":{"type":"Point","coordinates":[114.058628,37.995361]}},{"type":"Feature","properties":{"id":"st-116","name":"百里峡","province":"河北","city":"保定","tier":"local","sourceCount":0,"source":"csv"},"geometry":{"type":"Point","coordinates":[115.387509,39.682132]}},{"type":"Feature","properties":{"id":"st-117","name":"野三坡","province":"河北","city":"保定","tier":"local","sourceCount":0,"source":"csv"},"geometry":{"type":"Point","coordinates":[115.447496,39.669696]}},{"type":"Feature","properties":{"id":"st-118","name":"白涧","province":"河北","city":"保定","tier":"local","sourceCount":0,"source":"csv"},"geometry":{"type":"Point","coordinates":[115.283406,39.644988]}},{"type":"Feature","properties":{"id":"st-119","name":"福山口","province":"河北","city":"保定","tier":"local","sourceCount":0,"source":"csv"},"geometry":{"type":"Point","coordinates":[115.334957,39.673564]}},{"type":"Feature","properties":{"id":"st-120","name":"艾河","province":"河北","city":"保定","tier":"local","sourceCount":0,"source":"csv"},"geometry":{"type":"Point","coordinates":[114.541808,39.392824]}},{"type":"Feature","properties":{"id":"st-121","name":"小西庄","province":"河北","city":"保定","tier":"local","sourceCount":0,"source":"csv"},"geometry":{"type":"Point","coordinates":[114.623332,39.401166]}},{"type":"Feature","properties":{"id":"st-122","name":"浮图峪","province":"河北","city":"保定","tier":"local","sourceCount":0,"source":"csv"},"geometry":{"type":"Point","coordinates":[114.826922,39.365752]}},{"type":"Feature","properties":{"id":"st-123","name":"涞源","province":"河北","city":"保定","tier":"local","sourceCount":0,"source":"csv"},"geometry":{"type":"Point","coordinates":[114.70551,39.370571]}},{"type":"Feature","properties":{"id":"st-124","name":"塔崖驿","province":"河北","city":"保定","tier":"local","sourceCount":0,"source":"csv"},"geometry":{"type":"Point","coordinates":[115.001523,39.428597]}},{"type":"Feature","properties":{"id":"st-125","name":"王安镇","province":"河北","city":"保定","tier":"local","sourceCount":0,"source":"csv"},"geometry":{"type":"Point","coordinates":[114.940995,39.407515]}},{"type":"Feature","properties":{"id":"st-126","name":"三河县","province":"河北","city":"廊坊","tier":"local","sourceCount":0,"source":"csv"},"geometry":{"type":"Point","coordinates":[117.0923,39.977535]}},{"type":"Feature","properties":{"id":"st-127","name":"燕郊","province":"河北","city":"廊坊","tier":"local","sourceCount":1,"source":"csv"},"geometry":{"type":"Point","coordinates":[116.819755,39.9406]}},{"type":"Feature","properties":{"id":"st-128","name":"廊坊","province":"河北","city":"廊坊","tier":"local","sourceCount":1,"source":"csv"},"geometry":{"type":"Point","coordinates":[116.702754,39.508367]}},{"type":"Feature","properties":{"id":"st-129","name":"大厂县","province":"河北","city":"廊坊","tier":"local","sourceCount":0,"source":"csv"},"geometry":{"type":"Point","coordinates":[116.9107,39.950808]}},{"type":"Feature","properties":{"id":"st-130","name":"廊坊北","province":"河北","city":"廊坊","tier":"regional-hub","sourceCount":0,"source":"csv"},"geometry":{"type":"Point","coordinates":[116.699783,39.512033]}},{"type":"Feature","properties":{"id":"st-131","name":"马柳","province":"河北","city":"唐山","tier":"local","sourceCount":0,"source":"csv"},"geometry":{"type":"Point","coordinates":[118.515421,39.857593]}},{"type":"Feature","properties":{"id":"st-132","name":"滦河","province":"河北","city":"唐山","tier":"local","sourceCount":0,"source":"csv"},"geometry":{"type":"Point","coordinates":[118.665592,39.855673]}},{"type":"Feature","properties":{"id":"st-133","name":"北戴河","province":"河北","city":"秦皇岛","tier":"local","sourceCount":0,"source":"csv"},"geometry":{"type":"Point","coordinates":[119.41378,39.849464]}},{"type":"Feature","properties":{"id":"st-134","name":"昌黎","province":"河北","city":"秦皇岛","tier":"local","sourceCount":0,"source":"csv"},"geometry":{"type":"Point","coordinates":[119.161589,39.703035]}},{"type":"Feature","properties":{"id":"st-135","name":"抚宁","province":"河北","city":"秦皇岛","tier":"local","sourceCount":0,"source":"csv"},"geometry":{"type":"Point","coordinates":[119.243067,39.892264]}},{"type":"Feature","properties":{"id":"st-136","name":"卢龙","province":"河北","city":"秦皇岛","tier":"local","sourceCount":0,"source":"csv"},"geometry":{"type":"Point","coordinates":[118.977519,39.95103]}},{"type":"Feature","properties":{"id":"st-137","name":"任丘","province":"河北","city":"沧州","tier":"local","sourceCount":0,"source":"csv"},"geometry":{"type":"Point","coordinates":[116.138225,38.693391]}},{"type":"Feature","properties":{"id":"st-138","name":"段甲岭","province":"河北","city":"沧州","tier":"local","sourceCount":0,"source":"csv"},"geometry":{"type":"Point","coordinates":[117.162297,39.984742]}},{"type":"Feature","properties":{"id":"st-139","name":"三平","province":"河北","city":"沧州","tier":"local","sourceCount":0,"source":"csv"},"geometry":{"type":"Point","coordinates":[116.99075,39.960524]}},{"type":"Feature","properties":{"id":"st-140","name":"沙河市","province":"河北","city":"邢台","tier":"local","sourceCount":1,"source":"csv"},"geometry":{"type":"Point","coordinates":[114.491718,36.860784]}},{"type":"Feature","properties":{"id":"st-141","name":"井店","province":"河北","city":"邯郸","tier":"local","sourceCount":0,"source":"csv"},"geometry":{"type":"Point","coordinates":[113.716185,36.60481]}},{"type":"Feature","properties":{"id":"st-142","name":"豆庄","province":"河北","city":"邯郸","tier":"local","sourceCount":0,"source":"csv"},"geometry":{"type":"Point","coordinates":[113.840846,36.72963]}},{"type":"Feature","properties":{"id":"st-143","name":"偏店","province":"河北","city":"邯郸","tier":"local","sourceCount":0,"source":"csv"},"geometry":{"type":"Point","coordinates":[113.747663,36.646166]}},{"type":"Feature","properties":{"id":"st-144","name":"悬钟","province":"河北","city":"邯郸","tier":"local","sourceCount":0,"source":"csv"},"geometry":{"type":"Point","coordinates":[113.571862,36.660084]}},{"type":"Feature","properties":{"id":"st-145","name":"良村","province":"河北","city":"石家庄","tier":"local","sourceCount":0,"source":"csv"},"geometry":{"type":"Point","coordinates":[114.668146,38.040173]}},{"type":"Feature","properties":{"id":"st-146","name":"藁城","province":"河北","city":"石家庄","tier":"local","sourceCount":0,"source":"csv"},"geometry":{"type":"Point","coordinates":[114.826618,38.027506]}},{"type":"Feature","properties":{"id":"st-147","name":"晋州","province":"河北","city":"石家庄","tier":"local","sourceCount":0,"source":"csv"},"geometry":{"type":"Point","coordinates":[115.026062,38.020446]}},{"type":"Feature","properties":{"id":"st-148","name":"高邑","province":"河北","city":"石家庄","tier":"local","sourceCount":0,"source":"csv"},"geometry":{"type":"Point","coordinates":[114.591888,37.604427]}},{"type":"Feature","properties":{"id":"st-149","name":"高邑西","province":"河北","city":"石家庄","tier":"regional-hub","sourceCount":0,"source":"csv"},"geometry":{"type":"Point","coordinates":[114.525675,37.629242]}},{"type":"Feature","properties":{"id":"st-150","name":"南峪","province":"河北","city":"石家庄","tier":"local","sourceCount":0,"source":"csv"},"geometry":{"type":"Point","coordinates":[113.931525,37.989643]}},{"type":"Feature","properties":{"id":"st-151","name":"井南","province":"河北","city":"石家庄","tier":"regional-hub","sourceCount":0,"source":"csv"},"geometry":{"type":"Point","coordinates":[114.017569,37.997752]}},{"type":"Feature","properties":{"id":"st-152","name":"井陉","province":"河北","city":"石家庄","tier":"local","sourceCount":0,"source":"csv"},"geometry":{"type":"Point","coordinates":[114.130952,38.034]}},{"type":"Feature","properties":{"id":"st-153","name":"石家庄","province":"河北","city":"石家庄","tier":"national-hub","sourceCount":52,"source":"csv"},"geometry":{"type":"Point","coordinates":[114.478375,38.009798]}},{"type":"Feature","properties":{"id":"st-154","name":"石家庄北","province":"河北","city":"石家庄","tier":"national-hub","sourceCount":12,"source":"csv"},"geometry":{"type":"Point","coordinates":[114.459212,38.065373]}},{"type":"Feature","properties":{"id":"st-155","name":"元氏","province":"河北","city":"石家庄","tier":"local","sourceCount":0,"source":"csv"},"geometry":{"type":"Point","coordinates":[114.538573,37.758912]}},{"type":"Feature","properties":{"id":"st-156","name":"正定机场","province":"河北","city":"石家庄","tier":"local","sourceCount":0,"source":"csv"},"geometry":{"type":"Point","coordinates":[114.705542,38.251999]}},{"type":"Feature","properties":{"id":"st-157","name":"迁安","province":"河北","city":"唐山","tier":"local","sourceCount":0,"source":"csv"},"geometry":{"type":"Point","coordinates":[118.687024,39.925033]}},{"type":"Feature","properties":{"id":"st-158","name":"富庄子","province":"河北","city":"唐山","tier":"local","sourceCount":0,"source":"csv"},"geometry":{"type":"Point","coordinates":[117.92442,39.841098]}},{"type":"Feature","properties":{"id":"st-159","name":"唐山北","province":"河北","city":"唐山","tier":"regional-hub","sourceCount":0,"source":"csv"},"geometry":{"type":"Point","coordinates":[118.11302,39.81563]}},{"type":"Feature","properties":{"id":"st-160","name":"唐山","province":"河北","city":"唐山","tier":"regional-hub","sourceCount":8,"source":"csv"},"geometry":{"type":"Point","coordinates":[118.113757,39.624298]}},{"type":"Feature","properties":{"id":"st-161","name":"杨各庄","province":"河北","city":"唐山","tier":"local","sourceCount":0,"source":"csv"},"geometry":{"type":"Point","coordinates":[118.59166,39.803777]}},{"type":"Feature","properties":{"id":"st-162","name":"福山寺","province":"河北","city":"唐山","tier":"local","sourceCount":0,"source":"csv"},"geometry":{"type":"Point","coordinates":[118.423535,39.874669]}},{"type":"Feature","properties":{"id":"st-163","name":"滦县","province":"河北","city":"唐山","tier":"local","sourceCount":0,"source":"csv"},"geometry":{"type":"Point","coordinates":[118.700061,39.75649]}},{"type":"Feature","properties":{"id":"st-164","name":"狼窝铺","province":"河北","city":"唐山","tier":"local","sourceCount":0,"source":"csv"},"geometry":{"type":"Point","coordinates":[118.282261,39.838877]}},{"type":"Feature","properties":{"id":"st-165","name":"石郎庄","province":"河北","city":"唐山","tier":"local","sourceCount":0,"source":"csv"},"geometry":{"type":"Point","coordinates":[118.34698,39.861855]}},{"type":"Feature","properties":{"id":"st-166","name":"螺山","province":"河北","city":"唐山","tier":"local","sourceCount":0,"source":"csv"},"geometry":{"type":"Point","coordinates":[117.549928,39.923183]}},{"type":"Feature","properties":{"id":"st-167","name":"玉田县","province":"河北","city":"唐山","tier":"local","sourceCount":0,"source":"csv"},"geometry":{"type":"Point","coordinates":[117.728756,39.881356]}},{"type":"Feature","properties":{"id":"st-168","name":"吴桥","province":"河北","city":"沧州","tier":"local","sourceCount":0,"source":"csv"},"geometry":{"type":"Point","coordinates":[116.380858,37.626269]}},{"type":"Feature","properties":{"id":"st-169","name":"磁山","province":"河北","city":"邯郸","tier":"local","sourceCount":0,"source":"csv"},"geometry":{"type":"Point","coordinates":[114.112095,36.597175]}},{"type":"Feature","properties":{"id":"st-170","name":"康城","province":"河北","city":"邯郸","tier":"local","sourceCount":0,"source":"csv"},"geometry":{"type":"Point","coordinates":[114.284709,36.656062]}},{"type":"Feature","properties":{"id":"st-171","name":"徘徊北","province":"河北","city":"邯郸","tier":"regional-hub","sourceCount":0,"source":"csv"},"geometry":{"type":"Point","coordinates":[114.039477,36.606606]}},{"type":"Feature","properties":{"id":"st-172","name":"什里店","province":"河北","city":"邯郸","tier":"local","sourceCount":0,"source":"csv"},"geometry":{"type":"Point","coordinates":[113.93709,36.690289]}},{"type":"Feature","properties":{"id":"st-173","name":"武安","province":"河北","city":"邯郸","tier":"local","sourceCount":0,"source":"csv"},"geometry":{"type":"Point","coordinates":[114.20641,36.67665]}},{"type":"Feature","properties":{"id":"st-174","name":"午汲","province":"河北","city":"邯郸","tier":"local","sourceCount":0,"source":"csv"},"geometry":{"type":"Point","coordinates":[114.148762,36.651575]}},{"type":"Feature","properties":{"id":"st-175","name":"阳邑","province":"河北","city":"邯郸","tier":"local","sourceCount":0,"source":"csv"},"geometry":{"type":"Point","coordinates":[113.897332,36.737378]}},{"type":"Feature","properties":{"id":"st-176","name":"新固镇","province":"河北","city":"邯郸","tier":"local","sourceCount":0,"source":"csv"},"geometry":{"type":"Point","coordinates":[113.976285,36.637087]}},{"type":"Feature","properties":{"id":"st-177","name":"辛集","province":"河北","city":"石家庄","tier":"local","sourceCount":0,"source":"csv"},"geometry":{"type":"Point","coordinates":[115.209401,37.904474]}},{"type":"Feature","properties":{"id":"st-178","name":"南宫东","province":"河北","city":"邢台","tier":"regional-hub","sourceCount":0,"source":"csv"},"geometry":{"type":"Point","coordinates":[115.695956,37.175186]}},{"type":"Feature","properties":{"id":"st-179","name":"邢台","province":"河北","city":"邢台","tier":"local","sourceCount":0,"source":"csv"},"geometry":{"type":"Point","coordinates":[114.486972,37.069338]}},{"type":"Feature","properties":{"id":"st-180","name":"邢台东","province":"河北","city":"邢台","tier":"regional-hub","sourceCount":1,"source":"csv"},"geometry":{"type":"Point","coordinates":[114.586319,37.091241]}},{"type":"Feature","properties":{"id":"st-181","name":"前苇塘","province":"河北","city":"承德","tier":"local","sourceCount":0,"source":"csv"},"geometry":{"type":"Point","coordinates":[117.405777,40.399566]}},{"type":"Feature","properties":{"id":"st-182","name":"南城司","province":"河北","city":"保定","tier":"local","sourceCount":0,"source":"csv"},"geometry":{"type":"Point","coordinates":[115.256437,39.548445]}},{"type":"Feature","properties":{"id":"st-183","name":"奇峰塔","province":"河北","city":"保定","tier":"local","sourceCount":0,"source":"csv"},"geometry":{"type":"Point","coordinates":[115.225789,39.489699]}},{"type":"Feature","properties":{"id":"st-184","name":"大盘石","province":"河北","city":"保定","tier":"local","sourceCount":0,"source":"csv"},"geometry":{"type":"Point","coordinates":[115.085324,39.426788]}},{"type":"Feature","properties":{"id":"st-185","name":"紫荆关","province":"河北","city":"保定","tier":"local","sourceCount":0,"source":"csv"},"geometry":{"type":"Point","coordinates":[115.171415,39.453176]}},{"type":"Feature","properties":{"id":"st-186","name":"张家口南","province":"河北","city":"张家口","tier":"regional-hub","sourceCount":5,"source":"csv"},"geometry":{"type":"Point","coordinates":[114.877113,40.750994]}},{"type":"Feature","properties":{"id":"st-187","name":"官厅","province":"河北","city":"张家口","tier":"local","sourceCount":0,"source":"csv"},"geometry":{"type":"Point","coordinates":[115.579438,40.252955]}},{"type":"Feature","properties":{"id":"st-188","name":"官厅西","province":"河北","city":"张家口","tier":"regional-hub","sourceCount":0,"source":"csv"},"geometry":{"type":"Point","coordinates":[115.573234,40.251829]}},{"type":"Feature","properties":{"id":"st-189","name":"沙城","province":"河北","city":"张家口","tier":"local","sourceCount":0,"source":"csv"},"geometry":{"type":"Point","coordinates":[115.509657,40.396078]}},{"type":"Feature","properties":{"id":"st-190","name":"张家口","province":"河北","city":"张家口","tier":"local","sourceCount":0,"source":"csv"},"geometry":{"type":"Point","coordinates":[114.876595,40.809232]}},{"type":"Feature","properties":{"id":"st-191","name":"下花园","province":"河北","city":"张家口","tier":"local","sourceCount":0,"source":"csv"},"geometry":{"type":"Point","coordinates":[115.273652,40.485418]}},{"type":"Feature","properties":{"id":"st-192","name":"宣化","province":"河北","city":"张家口","tier":"local","sourceCount":0,"source":"csv"},"geometry":{"type":"Point","coordinates":[115.050577,40.596721]}},{"type":"Feature","properties":{"id":"st-193","name":"沙岭子","province":"河北","city":"张家口","tier":"local","sourceCount":0,"source":"csv"},"geometry":{"type":"Point","coordinates":[114.918756,40.671776]}},{"type":"Feature","properties":{"id":"st-194","name":"涿州东","province":"河北","city":"保定","tier":"regional-hub","sourceCount":0,"source":"csv"},"geometry":{"type":"Point","coordinates":[116.046938,39.458408]}},{"type":"Feature","properties":{"id":"st-195","name":"涿州","province":"河北","city":"保定","tier":"local","sourceCount":0,"source":"csv"},"geometry":{"type":"Point","coordinates":[115.978147,39.480022]}},{"type":"Feature","properties":{"id":"st-196","name":"德州","province":"山东","city":"德州","tier":"local","sourceCount":1,"source":"csv"},"geometry":{"type":"Point","coordinates":[116.282709,37.448598]}},{"type":"Feature","properties":{"id":"st-197","name":"德州东","province":"山东","city":"德州","tier":"regional-hub","sourceCount":1,"source":"csv"},"geometry":{"type":"Point","coordinates":[116.455853,37.408794]}},{"type":"Feature","properties":{"id":"st-198","name":"大涧","province":"山西","city":"大同","tier":"local","sourceCount":1,"source":"csv"},"geometry":{"type":"Point","coordinates":[114.294973,39.478861]}},{"type":"Feature","properties":{"id":"st-199","name":"南峧","province":"山西","city":"晋中","tier":"local","sourceCount":0,"source":"csv"},"geometry":{"type":"Point","coordinates":[113.551187,36.57373]}},{"type":"Feature","properties":{"id":"st-200","name":"水洋","province":"浙江","city":"杭州","tier":"local","sourceCount":0,"source":"csv"},"geometry":{"type":"Point","coordinates":[120.169305,30.249464]}},{"type":"Feature","properties":{"id":"st-201","name":"云彩岭","province":"山西","city":"大同","tier":"local","sourceCount":0,"source":"csv"},"geometry":{"type":"Point","coordinates":[114.356716,39.44743]}},{"type":"Feature","properties":{"id":"st-202","name":"招柏","province":"山西","city":"大同","tier":"local","sourceCount":0,"source":"csv"},"geometry":{"type":"Point","coordinates":[114.40246,39.403688]}},{"type":"Feature","properties":{"id":"st-203","name":"微子镇","province":"山西","city":"长治","tier":"local","sourceCount":0,"source":"csv"},"geometry":{"type":"Point","coordinates":[113.2931,36.331411]}},{"type":"Feature","properties":{"id":"st-204","name":"潞城","province":"山西","city":"长治","tier":"local","sourceCount":2,"source":"csv"},"geometry":{"type":"Point","coordinates":[113.215604,36.320893]}},{"type":"Feature","properties":{"id":"st-205","name":"阳泉","province":"山西","city":"阳泉","tier":"local","sourceCount":2,"source":"csv"},"geometry":{"type":"Point","coordinates":[113.585924,37.855794]}},{"type":"Feature","properties":{"id":"st-206","name":"岩会","province":"山西","city":"阳泉","tier":"local","sourceCount":0,"source":"csv"},"geometry":{"type":"Point","coordinates":[113.73501,37.878955]}},{"type":"Feature","properties":{"id":"st-207","name":"娘子关","province":"山西","city":"阳泉","tier":"local","sourceCount":0,"source":"csv"},"geometry":{"type":"Point","coordinates":[113.867595,37.966711]}},{"type":"Feature","properties":{"id":"st-208","name":"程家","province":"山西","city":"阳泉","tier":"local","sourceCount":0,"source":"csv"},"geometry":{"type":"Point","coordinates":[113.839093,37.921586]}},{"type":"Feature","properties":{"id":"st-209","name":"阳泉北","province":"山西","city":"阳泉","tier":"regional-hub","sourceCount":0,"source":"csv"},"geometry":{"type":"Point","coordinates":[113.431506,38.114565]}},{"type":"Feature","properties":{"id":"st-210","name":"黎城","province":"山西","city":"长治","tier":"local","sourceCount":0,"source":"csv"},"geometry":{"type":"Point","coordinates":[113.385813,36.514565]}},{"type":"Feature","properties":{"id":"st-211","name":"大口屯","province":"天津","city":"宝坻区","tier":"local","sourceCount":0,"source":"csv"},"geometry":{"type":"Point","coordinates":[117.258156,39.603725]}},{"type":"Feature","properties":{"id":"st-212","name":"宝坻","province":"天津","city":"宝坻区","tier":"local","sourceCount":3,"source":"csv"},"geometry":{"type":"Point","coordinates":[117.329162,39.714456]}},{"type":"Feature","properties":{"id":"st-213","name":"汉沟镇","province":"天津","city":"宝坻区","tier":"local","sourceCount":0,"source":"csv"},"geometry":{"type":"Point","coordinates":[117.095042,39.296694]}},{"type":"Feature","properties":{"id":"st-214","name":"北仓","province":"天津","city":"北辰区","tier":"local","sourceCount":0,"source":"csv"},"geometry":{"type":"Point","coordinates":[117.145686,39.241674]}},{"type":"Feature","properties":{"id":"st-215","name":"滨海北","province":"天津","city":"滨海新区","tier":"regional-hub","sourceCount":0,"source":"csv"},"geometry":{"type":"Point","coordinates":[117.755277,39.235505]}},{"type":"Feature","properties":{"id":"st-216","name":"滨海","province":"天津","city":"滨海新区","tier":"regional-hub","sourceCount":27,"source":"csv"},"geometry":{"type":"Point","coordinates":[117.605595,39.080738]}},{"type":"Feature","properties":{"id":"st-217","name":"军粮城","province":"天津","city":"东丽区","tier":"local","sourceCount":0,"source":"csv"},"geometry":{"type":"Point","coordinates":[117.442168,39.055784]}},{"type":"Feature","properties":{"id":"st-218","name":"军粮城北","province":"天津","city":"东丽区","tier":"regional-hub","sourceCount":0,"source":"csv"},"geometry":{"type":"Point","coordinates":[117.421897,39.064801]}},{"type":"Feature","properties":{"id":"st-219","name":"天津","province":"天津","city":"河北区","tier":"national-hub","sourceCount":84,"source":"csv"},"geometry":{"type":"Point","coordinates":[117.203822,39.134632]}},{"type":"Feature","properties":{"id":"st-220","name":"天津西","province":"天津","city":"红桥区","tier":"national-hub","sourceCount":56,"source":"csv"},"geometry":{"type":"Point","coordinates":[117.157007,39.157413]}},{"type":"Feature","properties":{"id":"st-221","name":"别山","province":"天津","city":"红桥区","tier":"local","sourceCount":0,"source":"csv"},"geometry":{"type":"Point","coordinates":[117.471842,39.954266]}},{"type":"Feature","properties":{"id":"st-222","name":"蓟县","province":"天津","city":"蓟县","tier":"local","sourceCount":0,"source":"csv"},"geometry":{"type":"Point","coordinates":[117.391269,40.025338]}},{"type":"Feature","properties":{"id":"st-223","name":"上仓","province":"天津","city":"蓟县","tier":"local","sourceCount":0,"source":"csv"},"geometry":{"type":"Point","coordinates":[117.402673,39.9095]}},{"type":"Feature","properties":{"id":"st-224","name":"下仓","province":"天津","city":"蓟县","tier":"local","sourceCount":0,"source":"csv"},"geometry":{"type":"Point","coordinates":[117.42751,39.795354]}},{"type":"Feature","properties":{"id":"st-225","name":"蓟县南","province":"天津","city":"蓟县","tier":"regional-hub","sourceCount":0,"source":"csv"},"geometry":{"type":"Point","coordinates":[117.357866,39.99067]}},{"type":"Feature","properties":{"id":"st-226","name":"静海","province":"天津","city":"静海县","tier":"local","sourceCount":0,"source":"csv"},"geometry":{"type":"Point","coordinates":[116.923984,38.932071]}},{"type":"Feature","properties":{"id":"st-227","name":"唐官屯","province":"天津","city":"静海县","tier":"local","sourceCount":0,"source":"csv"},"geometry":{"type":"Point","coordinates":[116.924675,38.711029]}},{"type":"Feature","properties":{"id":"st-228","name":"塘沽","province":"天津","city":"滨海新区","tier":"local","sourceCount":0,"source":"csv"},"geometry":{"type":"Point","coordinates":[117.634944,39.02624]}},{"type":"Feature","properties":{"id":"st-229","name":"曹子里","province":"天津","city":"武清区","tier":"local","sourceCount":0,"source":"csv"},"geometry":{"type":"Point","coordinates":[117.147114,39.420582]}},{"type":"Feature","properties":{"id":"st-230","name":"崔黄口","province":"天津","city":"武清区","tier":"local","sourceCount":0,"source":"csv"},"geometry":{"type":"Point","coordinates":[117.195081,39.520334]}},{"type":"Feature","properties":{"id":"st-231","name":"武清","province":"天津","city":"武清区","tier":"local","sourceCount":0,"source":"csv"},"geometry":{"type":"Point","coordinates":[117.010005,39.371297]}},{"type":"Feature","properties":{"id":"st-232","name":"杨柳青","province":"天津","city":"西青区","tier":"local","sourceCount":0,"source":"csv"},"geometry":{"type":"Point","coordinates":[116.996263,39.141114]}},{"type":"Feature","properties":{"id":"st-233","name":"天津南","province":"天津","city":"西青区","tier":"national-hub","sourceCount":0,"source":"csv"},"geometry":{"type":"Point","coordinates":[117.054497,39.056013]}},{"type":"Feature","properties":{"id":"st-234","name":"旧庄窝东","province":"河北","city":"张家口","tier":"regional-hub","sourceCount":0,"source":"csv"},"geometry":{"type":"Point","coordinates":[115.641803,40.16606]}},{"type":"Feature","properties":{"id":"st-235","name":"旧庄窝","province":"河北","city":"张家口","tier":"local","sourceCount":0,"source":"csv"},"geometry":{"type":"Point","coordinates":[115.633237,40.171301]}},{"type":"Feature","properties":{"id":"st-236","name":"石板滩","province":"四川","city":"成都","tier":"local","sourceCount":0,"source":"csv"},"geometry":{"type":"Point","coordinates":[104.262287,30.728298]}},{"type":"Feature","properties":{"id":"st-237","name":"娄山关","province":"贵州","city":"遵义","tier":"local","sourceCount":0,"source":"csv"},"geometry":{"type":"Point","coordinates":[106.896159,28.037156]}},{"type":"Feature","properties":{"id":"st-238","name":"么铺","province":"贵州","city":"安顺","tier":"local","sourceCount":0,"source":"csv"},"geometry":{"type":"Point","coordinates":[105.83745,26.179926]}},{"type":"Feature","properties":{"id":"st-239","name":"高峰","province":"贵州","city":"安顺","tier":"local","sourceCount":0,"source":"csv"},"geometry":{"type":"Point","coordinates":[106.341814,26.390047]}},{"type":"Feature","properties":{"id":"st-240","name":"新平坝","province":"贵州","city":"安顺","tier":"local","sourceCount":0,"source":"csv"},"geometry":{"type":"Point","coordinates":[106.287774,26.412198]}},{"type":"Feature","properties":{"id":"st-241","name":"平坝","province":"贵州","city":"安顺","tier":"local","sourceCount":0,"source":"csv"},"geometry":{"type":"Point","coordinates":[106.293083,26.393191]}},{"type":"Feature","properties":{"id":"st-242","name":"化处","province":"贵州","city":"安顺","tier":"local","sourceCount":0,"source":"csv"},"geometry":{"type":"Point","coordinates":[105.616414,26.212573]}},{"type":"Feature","properties":{"id":"st-243","name":"天龙","province":"贵州","city":"安顺","tier":"local","sourceCount":0,"source":"csv"},"geometry":{"type":"Point","coordinates":[106.168142,26.371716]}},{"type":"Feature","properties":{"id":"st-244","name":"安顺","province":"贵州","city":"安顺","tier":"local","sourceCount":0,"source":"csv"},"geometry":{"type":"Point","coordinates":[105.939362,26.232941]}},{"type":"Feature","properties":{"id":"st-245","name":"两所屯","province":"贵州","city":"安顺","tier":"local","sourceCount":0,"source":"csv"},"geometry":{"type":"Point","coordinates":[106.005286,26.271553]}},{"type":"Feature","properties":{"id":"st-246","name":"墨冲","province":"贵州","city":"黔西南布依族苗族自治州","tier":"local","sourceCount":0,"source":"csv"},"geometry":{"type":"Point","coordinates":[107.462397,26.05405]}},{"type":"Feature","properties":{"id":"st-247","name":"都匀","province":"贵州","city":"黔西南布依族苗族自治州","tier":"local","sourceCount":0,"source":"csv"},"geometry":{"type":"Point","coordinates":[107.51111,26.235365]}},{"type":"Feature","properties":{"id":"st-248","name":"打羊","province":"贵州","city":"黔西南布依族苗族自治州","tier":"local","sourceCount":0,"source":"csv"},"geometry":{"type":"Point","coordinates":[107.569194,25.648684]}},{"type":"Feature","properties":{"id":"st-249","name":"星朗","province":"贵州","city":"黔西南布依族苗族自治州","tier":"local","sourceCount":0,"source":"csv"},"geometry":{"type":"Point","coordinates":[107.489545,25.470969]}},{"type":"Feature","properties":{"id":"st-250","name":"独山","province":"贵州","city":"黔西南布依族苗族自治州","tier":"local","sourceCount":0,"source":"csv"},"geometry":{"type":"Point","coordinates":[107.543616,25.867337]}},{"type":"Feature","properties":{"id":"st-251","name":"麻尾","province":"贵州","city":"黔西南布依族苗族自治州","tier":"local","sourceCount":1,"source":"csv"},"geometry":{"type":"Point","coordinates":[107.464996,25.347176]}},{"type":"Feature","properties":{"id":"st-252","name":"学庄","province":"贵州","city":"黔西南布依族苗族自治州","tier":"local","sourceCount":0,"source":"csv"},"geometry":{"type":"Point","coordinates":[107.56146,25.695713]}},{"type":"Feature","properties":{"id":"st-253","name":"朱石寨","province":"贵州","city":"黔西南布依族苗族自治州","tier":"local","sourceCount":0,"source":"csv"},"geometry":{"type":"Point","coordinates":[107.469708,25.392811]}},{"type":"Feature","properties":{"id":"st-254","name":"黄丝","province":"贵州","city":"黔西南布依族苗族自治州","tier":"local","sourceCount":0,"source":"csv"},"geometry":{"type":"Point","coordinates":[107.403735,26.592793]}},{"type":"Feature","properties":{"id":"st-255","name":"福泉","province":"贵州","city":"黔西南布依族苗族自治州","tier":"local","sourceCount":0,"source":"csv"},"geometry":{"type":"Point","coordinates":[107.531961,26.628939]}},{"type":"Feature","properties":{"id":"st-256","name":"贵定南","province":"贵州","city":"黔南布依族苗族自治州","tier":"regional-hub","sourceCount":0,"source":"csv"},"geometry":{"type":"Point","coordinates":[115.007007,24.783534]}},{"type":"Feature","properties":{"id":"st-257","name":"贵定","province":"贵州","city":"黔南布依族苗族自治州","tier":"local","sourceCount":0,"source":"csv"},"geometry":{"type":"Point","coordinates":[107.224545,26.585037]}},{"type":"Feature","properties":{"id":"st-258","name":"湖潮","province":"贵州","city":"贵阳","tier":"local","sourceCount":0,"source":"csv"},"geometry":{"type":"Point","coordinates":[106.519405,26.446593]}},{"type":"Feature","properties":{"id":"st-259","name":"贵阳","province":"贵州","city":"贵阳","tier":"national-hub","sourceCount":34,"source":"csv"},"geometry":{"type":"Point","coordinates":[106.699594,26.560252]}},{"type":"Feature","properties":{"id":"st-260","name":"息烽","province":"贵州","city":"贵阳","tier":"local","sourceCount":0,"source":"csv"},"geometry":{"type":"Point","coordinates":[106.743477,27.081468]}},{"type":"Feature","properties":{"id":"st-261","name":"宝老山","province":"贵州","city":"黔东南","tier":"local","sourceCount":0,"source":"csv"},"geometry":{"type":"Point","coordinates":[108.058478,26.835519]}},{"type":"Feature","properties":{"id":"st-262","name":"黄平","province":"贵州","city":"黔东南","tier":"local","sourceCount":0,"source":"csv"},"geometry":{"type":"Point","coordinates":[108.095975,26.870371]}},{"type":"Feature","properties":{"id":"st-263","name":"凯里","province":"贵州","city":"黔东南","tier":"local","sourceCount":0,"source":"csv"},"geometry":{"type":"Point","coordinates":[107.97227,26.606343]}},{"type":"Feature","properties":{"id":"st-264","name":"加劳","province":"贵州","city":"凯里","tier":"local","sourceCount":0,"source":"csv"},"geometry":{"type":"Point","coordinates":[108.005358,26.734583]}},{"type":"Feature","properties":{"id":"st-265","name":"桐木寨","province":"贵州","city":"凯里","tier":"local","sourceCount":0,"source":"csv"},"geometry":{"type":"Point","coordinates":[107.993323,26.685497]}},{"type":"Feature","properties":{"id":"st-266","name":"六个鸡","province":"贵州","city":"凯里","tier":"local","sourceCount":0,"source":"csv"},"geometry":{"type":"Point","coordinates":[107.780266,26.574719]}},{"type":"Feature","properties":{"id":"st-267","name":"六枝","province":"贵州","city":"六盘水","tier":"local","sourceCount":0,"source":"csv"},"geometry":{"type":"Point","coordinates":[105.461106,26.228884]}},{"type":"Feature","properties":{"id":"st-268","name":"马嘎","province":"贵州","city":"六盘水","tier":"local","sourceCount":0,"source":"csv"},"geometry":{"type":"Point","coordinates":[104.770441,26.626002]}},{"type":"Feature","properties":{"id":"st-269","name":"水城","province":"贵州","city":"六盘水","tier":"local","sourceCount":0,"source":"csv"},"geometry":{"type":"Point","coordinates":[104.889644,26.579]}},{"type":"Feature","properties":{"id":"st-270","name":"六盘水","province":"贵州","city":"六盘水","tier":"local","sourceCount":3,"source":"csv"},"geometry":{"type":"Point","coordinates":[104.84904,26.59502]}},{"type":"Feature","properties":{"id":"st-271","name":"那玉","province":"贵州","city":"六盘水","tier":"local","sourceCount":0,"source":"csv"},"geometry":{"type":"Point","coordinates":[105.423363,26.254086]}},{"type":"Feature","properties":{"id":"st-272","name":"关寨","province":"贵州","city":"六盘水","tier":"local","sourceCount":0,"source":"csv"},"geometry":{"type":"Point","coordinates":[105.220617,26.287391]}},{"type":"Feature","properties":{"id":"st-273","name":"高坪铺","province":"贵州","city":"六盘水","tier":"local","sourceCount":0,"source":"csv"},"geometry":{"type":"Point","coordinates":[107.138807,26.517532]}},{"type":"Feature","properties":{"id":"st-274","name":"麻江","province":"贵州","city":"黔东南","tier":"local","sourceCount":0,"source":"csv"},"geometry":{"type":"Point","coordinates":[107.446378,26.472525]}},{"type":"Feature","properties":{"id":"st-275","name":"普定","province":"贵州","city":"安顺","tier":"local","sourceCount":0,"source":"csv"},"geometry":{"type":"Point","coordinates":[105.708927,26.286444]}},{"type":"Feature","properties":{"id":"st-276","name":"黄桶","province":"贵州","city":"安顺","tier":"local","sourceCount":0,"source":"csv"},"geometry":{"type":"Point","coordinates":[105.682396,26.201166]}},{"type":"Feature","properties":{"id":"st-277","name":"龙里","province":"贵州","city":"黔东南","tier":"local","sourceCount":0,"source":"csv"},"geometry":{"type":"Point","coordinates":[106.965582,26.454654]}},{"type":"Feature","properties":{"id":"st-278","name":"老罗堡","province":"贵州","city":"黔东南","tier":"local","sourceCount":0,"source":"csv"},"geometry":{"type":"Point","coordinates":[106.899325,26.465282]}},{"type":"Feature","properties":{"id":"st-279","name":"施秉","province":"贵州","city":"黔东南","tier":"local","sourceCount":0,"source":"csv"},"geometry":{"type":"Point","coordinates":[108.12988,26.920456]}},{"type":"Feature","properties":{"id":"st-280","name":"茨冲","province":"贵州","city":"六盘水","tier":"local","sourceCount":0,"source":"csv"},"geometry":{"type":"Point","coordinates":[105.10611,26.495585]}},{"type":"Feature","properties":{"id":"st-281","name":"双水","province":"贵州","city":"六盘水","tier":"local","sourceCount":0,"source":"csv"},"geometry":{"type":"Point","coordinates":[104.939051,26.554552]}},{"type":"Feature","properties":{"id":"st-282","name":"滥坝","province":"贵州","city":"六盘水","tier":"local","sourceCount":0,"source":"csv"},"geometry":{"type":"Point","coordinates":[105.03788,26.549859]}},{"type":"Feature","properties":{"id":"st-283","name":"二道岩","province":"贵州","city":"六盘水","tier":"local","sourceCount":0,"source":"csv"},"geometry":{"type":"Point","coordinates":[105.15773,26.367194]}},{"type":"Feature","properties":{"id":"st-284","name":"桐梓","province":"贵州","city":"遵义","tier":"local","sourceCount":0,"source":"csv"},"geometry":{"type":"Point","coordinates":[106.828134,28.133985]}},{"type":"Feature","properties":{"id":"st-285","name":"凉风垭","province":"贵州","city":"遵义","tier":"local","sourceCount":0,"source":"csv"},"geometry":{"type":"Point","coordinates":[106.824549,28.244753]}},{"type":"Feature","properties":{"id":"st-286","name":"大河坝","province":"贵州","city":"遵义","tier":"local","sourceCount":0,"source":"csv"},"geometry":{"type":"Point","coordinates":[106.840815,28.323252]}},{"type":"Feature","properties":{"id":"st-287","name":"红花园","province":"贵州","city":"遵义","tier":"local","sourceCount":0,"source":"csv"},"geometry":{"type":"Point","coordinates":[106.846868,28.068711]}},{"type":"Feature","properties":{"id":"st-288","name":"木竹河","province":"贵州","city":"遵义","tier":"local","sourceCount":0,"source":"csv"},"geometry":{"type":"Point","coordinates":[106.87257,28.639721]}},{"type":"Feature","properties":{"id":"st-289","name":"新场","province":"贵州","city":"遵义","tier":"local","sourceCount":0,"source":"csv"},"geometry":{"type":"Point","coordinates":[106.838218,28.295803]}},{"type":"Feature","properties":{"id":"st-290","name":"三元坝","province":"贵州","city":"遵义","tier":"local","sourceCount":0,"source":"csv"},"geometry":{"type":"Point","coordinates":[106.834554,28.49375]}},{"type":"Feature","properties":{"id":"st-291","name":"松坎","province":"贵州","city":"遵义","tier":"local","sourceCount":0,"source":"csv"},"geometry":{"type":"Point","coordinates":[106.869586,28.557565]}},{"type":"Feature","properties":{"id":"st-292","name":"九龙塘","province":"贵州","city":"遵义","tier":"local","sourceCount":0,"source":"csv"},"geometry":{"type":"Point","coordinates":[106.841785,28.362878]}},{"type":"Feature","properties":{"id":"st-293","name":"蒙渡","province":"贵州","city":"遵义","tier":"local","sourceCount":0,"source":"csv"},"geometry":{"type":"Point","coordinates":[106.839775,28.436625]}},{"type":"Feature","properties":{"id":"st-294","name":"太白","province":"贵州","city":"遵义","tier":"local","sourceCount":0,"source":"csv"},"geometry":{"type":"Point","coordinates":[106.849246,28.396609]}},{"type":"Feature","properties":{"id":"st-295","name":"元田坝","province":"贵州","city":"遵义","tier":"local","sourceCount":0,"source":"csv"},"geometry":{"type":"Point","coordinates":[106.836009,28.194706]}},{"type":"Feature","properties":{"id":"st-296","name":"玉屏","province":"贵州","city":"铜仁","tier":"local","sourceCount":1,"source":"csv"},"geometry":{"type":"Point","coordinates":[108.930547,27.243379]}},{"type":"Feature","properties":{"id":"st-297","name":"草海","province":"贵州","city":"毕节","tier":"regional-hub","sourceCount":4,"source":"csv"},"geometry":{"type":"Point","coordinates":[104.259189,26.889308]}},{"type":"Feature","properties":{"id":"st-298","name":"梅花山","province":"贵州","city":"毕节","tier":"local","sourceCount":0,"source":"csv"},"geometry":{"type":"Point","coordinates":[104.667677,26.703241]}},{"type":"Feature","properties":{"id":"st-299","name":"迤那","province":"贵州","city":"毕节","tier":"local","sourceCount":0,"source":"csv"},"geometry":{"type":"Point","coordinates":[103.884947,27.084899]}},{"type":"Feature","properties":{"id":"st-300","name":"花土坡","province":"贵州","city":"毕节","tier":"local","sourceCount":0,"source":"csv"},"geometry":{"type":"Point","coordinates":[103.839858,27.263904]}},{"type":"Feature","properties":{"id":"st-301","name":"蕉溪","province":"贵州","city":"黔西南布依族苗族自治州","tier":"local","sourceCount":0,"source":"csv"},"geometry":{"type":"Point","coordinates":[108.54802,27.082672]}},{"type":"Feature","properties":{"id":"st-302","name":"青溪","province":"贵州","city":"黔东南","tier":"local","sourceCount":0,"source":"csv"},"geometry":{"type":"Point","coordinates":[108.730564,27.123906]}},{"type":"Feature","properties":{"id":"st-303","name":"镇远","province":"贵州","city":"黔东南","tier":"local","sourceCount":0,"source":"csv"},"geometry":{"type":"Point","coordinates":[108.40559,27.037958]}},{"type":"Feature","properties":{"id":"st-304","name":"老王洞","province":"贵州","city":"黔东南","tier":"local","sourceCount":0,"source":"csv"},"geometry":{"type":"Point","coordinates":[108.476688,27.082932]}},{"type":"Feature","properties":{"id":"st-305","name":"羊坪","province":"贵州","city":"黔东南","tier":"local","sourceCount":0,"source":"csv"},"geometry":{"type":"Point","coordinates":[108.827211,27.182481]}},{"type":"Feature","properties":{"id":"st-306","name":"水花","province":"贵州","city":"黔东南","tier":"local","sourceCount":0,"source":"csv"},"geometry":{"type":"Point","coordinates":[108.273214,27.000103]}},{"type":"Feature","properties":{"id":"st-307","name":"织金","province":"贵州","city":"毕节","tier":"local","sourceCount":0,"source":"csv"},"geometry":{"type":"Point","coordinates":[105.758485,26.657423]}},{"type":"Feature","properties":{"id":"st-308","name":"遵义","province":"贵州","city":"遵义","tier":"regional-hub","sourceCount":4,"source":"csv"},"geometry":{"type":"Point","coordinates":[106.944361,27.706333]}},{"type":"Feature","properties":{"id":"st-309","name":"汇塘河","province":"贵州","city":"遵义","tier":"local","sourceCount":0,"source":"csv"},"geometry":{"type":"Point","coordinates":[106.919295,27.972158]}},{"type":"Feature","properties":{"id":"st-310","name":"松坝","province":"贵州","city":"遵义","tier":"local","sourceCount":0,"source":"csv"},"geometry":{"type":"Point","coordinates":[106.953721,27.918761]}},{"type":"Feature","properties":{"id":"st-311","name":"巴中","province":"四川","city":"巴中","tier":"local","sourceCount":2,"source":"csv"},"geometry":{"type":"Point","coordinates":[106.761628,31.875641]}},{"type":"Feature","properties":{"id":"st-312","name":"成都东","province":"四川","city":"成都","tier":"national-hub","sourceCount":205,"source":"csv"},"geometry":{"type":"Point","coordinates":[104.138771,30.631288]}},{"type":"Feature","properties":{"id":"st-313","name":"都江堰","province":"四川","city":"成都","tier":"local","sourceCount":3,"source":"csv"},"geometry":{"type":"Point","coordinates":[103.636326,30.959777]}},{"type":"Feature","properties":{"id":"st-314","name":"成都","province":"四川","city":"成都","tier":"national-hub","sourceCount":72,"source":"csv"},"geometry":{"type":"Point","coordinates":[104.070836,30.6997]}},{"type":"Feature","properties":{"id":"st-315","name":"洪安乡","province":"四川","city":"成都","tier":"local","sourceCount":0,"source":"csv"},"geometry":{"type":"Point","coordinates":[104.333932,30.712631]}},{"type":"Feature","properties":{"id":"st-316","name":"马街","province":"四川","city":"成都","tier":"local","sourceCount":0,"source":"csv"},"geometry":{"type":"Point","coordinates":[103.890353,22.662662]}},{"type":"Feature","properties":{"id":"st-317","name":"红光镇","province":"四川","city":"成都","tier":"local","sourceCount":0,"source":"csv"},"geometry":{"type":"Point","coordinates":[103.941584,30.774369]}},{"type":"Feature","properties":{"id":"st-318","name":"郫县西","province":"四川","city":"成都","tier":"regional-hub","sourceCount":0,"source":"csv"},"geometry":{"type":"Point","coordinates":[103.877648,30.826517]}},{"type":"Feature","properties":{"id":"st-319","name":"郫县东","province":"四川","city":"成都","tier":"regional-hub","sourceCount":0,"source":"csv"},"geometry":{"type":"Point","coordinates":[103.924047,30.795241]}},{"type":"Feature","properties":{"id":"st-320","name":"郫县","province":"四川","city":"成都","tier":"local","sourceCount":0,"source":"csv"},"geometry":{"type":"Point","coordinates":[103.906132,30.810864]}},{"type":"Feature","properties":{"id":"st-321","name":"犀浦","province":"四川","city":"成都","tier":"regional-hub","sourceCount":47,"source":"csv"},"geometry":{"type":"Point","coordinates":[103.970203,30.759594]}},{"type":"Feature","properties":{"id":"st-322","name":"红花塘","province":"四川","city":"成都","tier":"local","sourceCount":0,"source":"csv"},"geometry":{"type":"Point","coordinates":[104.475577,30.669267]}},{"type":"Feature","properties":{"id":"st-323","name":"陈家湾","province":"四川","city":"成都","tier":"local","sourceCount":0,"source":"csv"},"geometry":{"type":"Point","coordinates":[104.422098,30.705522]}},{"type":"Feature","properties":{"id":"st-324","name":"青城山","province":"四川","city":"成都","tier":"regional-hub","sourceCount":37,"source":"csv"},"geometry":{"type":"Point","coordinates":[103.604385,30.894386]}},{"type":"Feature","properties":{"id":"st-325","name":"公兴","province":"四川","city":"成都","tier":"local","sourceCount":0,"source":"csv"},"geometry":{"type":"Point","coordinates":[103.966309,30.48225]}},{"type":"Feature","properties":{"id":"st-326","name":"成都南","province":"四川","city":"成都","tier":"national-hub","sourceCount":10,"source":"csv"},"geometry":{"type":"Point","coordinates":[104.065981,30.608421]}},{"type":"Feature","properties":{"id":"st-327","name":"犀浦东","province":"四川","city":"成都","tier":"regional-hub","sourceCount":0,"source":"csv"},"geometry":{"type":"Point","coordinates":[103.988438,30.739059]}},{"type":"Feature","properties":{"id":"st-328","name":"新津","province":"四川","city":"成都","tier":"local","sourceCount":0,"source":"csv"},"geometry":{"type":"Point","coordinates":[103.871397,30.467242]}},{"type":"Feature","properties":{"id":"st-329","name":"渡市","province":"四川","city":"达州","tier":"local","sourceCount":0,"source":"csv"},"geometry":{"type":"Point","coordinates":[107.280403,31.028138]}},{"type":"Feature","properties":{"id":"st-330","name":"覃家坝","province":"四川","city":"达州","tier":"local","sourceCount":0,"source":"csv"},"geometry":{"type":"Point","coordinates":[107.348342,31.073601]}},{"type":"Feature","properties":{"id":"st-331","name":"三汇镇","province":"四川","city":"达州","tier":"local","sourceCount":0,"source":"csv"},"geometry":{"type":"Point","coordinates":[107.169935,31.017132]}},{"type":"Feature","properties":{"id":"st-332","name":"土溪","province":"四川","city":"达州","tier":"local","sourceCount":0,"source":"csv"},"geometry":{"type":"Point","coordinates":[107.071747,31.02292]}},{"type":"Feature","properties":{"id":"st-333","name":"达州","province":"四川","city":"达州","tier":"regional-hub","sourceCount":15,"source":"csv"},"geometry":{"type":"Point","coordinates":[107.44848,31.200698]}},{"type":"Feature","properties":{"id":"st-334","name":"永郎","province":"四川","city":"凉山彝族自治州","tier":"local","sourceCount":0,"source":"csv"},"geometry":{"type":"Point","coordinates":[102.2515,27.153046]}},{"type":"Feature","properties":{"id":"st-335","name":"德阳","province":"四川","city":"德阳","tier":"regional-hub","sourceCount":6,"source":"csv"},"geometry":{"type":"Point","coordinates":[104.38739,31.168089]}},{"type":"Feature","properties":{"id":"st-336","name":"罗江","province":"四川","city":"德阳","tier":"local","sourceCount":0,"source":"csv"},"geometry":{"type":"Point","coordinates":[104.497464,31.308984]}},{"type":"Feature","properties":{"id":"st-337","name":"迎宾路","province":"四川","city":"成都","tier":"local","sourceCount":0,"source":"csv"},"geometry":{"type":"Point","coordinates":[103.638942,30.983354]}},{"type":"Feature","properties":{"id":"st-338","name":"离堆公园","province":"四川","city":"成都","tier":"regional-hub","sourceCount":8,"source":"csv"},"geometry":{"type":"Point","coordinates":[103.62187,30.996022]}},{"type":"Feature","properties":{"id":"st-339","name":"燕岗","province":"四川","city":"乐山","tier":"local","sourceCount":1,"source":"csv"},"geometry":{"type":"Point","coordinates":[103.522081,29.555513]}},{"type":"Feature","properties":{"id":"st-340","name":"杨漩","province":"四川","city":"乐山","tier":"local","sourceCount":0,"source":"csv"},"geometry":{"type":"Point","coordinates":[103.39738,29.306841]}},{"type":"Feature","properties":{"id":"st-341","name":"峨眉","province":"四川","city":"乐山","tier":"local","sourceCount":0,"source":"csv"},"geometry":{"type":"Point","coordinates":[103.519953,29.594123]}},{"type":"Feature","properties":{"id":"st-342","name":"双福","province":"四川","city":"乐山","tier":"local","sourceCount":0,"source":"csv"},"geometry":{"type":"Point","coordinates":[103.529221,29.690826]}},{"type":"Feature","properties":{"id":"st-343","name":"苏雄","province":"四川","city":"凉山彝族自治州","tier":"local","sourceCount":0,"source":"csv"},"geometry":{"type":"Point","coordinates":[102.871309,29.149063]}},{"type":"Feature","properties":{"id":"st-344","name":"尼日","province":"四川","city":"凉山彝族自治州","tier":"local","sourceCount":0,"source":"csv"},"geometry":{"type":"Point","coordinates":[102.860315,29.205976]}},{"type":"Feature","properties":{"id":"st-345","name":"凉红","province":"四川","city":"凉山彝族自治州","tier":"local","sourceCount":0,"source":"csv"},"geometry":{"type":"Point","coordinates":[102.822085,29.090517]}},{"type":"Feature","properties":{"id":"st-346","name":"阿寨","province":"四川","city":"凉山彝族自治州","tier":"local","sourceCount":0,"source":"csv"},"geometry":{"type":"Point","coordinates":[102.676113,28.89369]}},{"type":"Feature","properties":{"id":"st-347","name":"广安","province":"四川","city":"广安","tier":"local","sourceCount":0,"source":"csv"},"geometry":{"type":"Point","coordinates":[106.892829,30.496775]}},{"type":"Feature","properties":{"id":"st-348","name":"岳池","province":"四川","city":"广安","tier":"local","sourceCount":0,"source":"csv"},"geometry":{"type":"Point","coordinates":[106.466564,30.538985]}},{"type":"Feature","properties":{"id":"st-349","name":"广安南","province":"四川","city":"广安","tier":"regional-hub","sourceCount":5,"source":"csv"},"geometry":{"type":"Point","coordinates":[106.588975,30.454593]}},{"type":"Feature","properties":{"id":"st-350","name":"广汉","province":"四川","city":"广元","tier":"local","sourceCount":0,"source":"csv"},"geometry":{"type":"Point","coordinates":[104.258544,30.981457]}},{"type":"Feature","properties":{"id":"st-351","name":"广元南","province":"四川","city":"广元","tier":"regional-hub","sourceCount":0,"source":"csv"},"geometry":{"type":"Point","coordinates":[105.794864,32.420096]}},{"type":"Feature","properties":{"id":"st-352","name":"广元","province":"四川","city":"广元","tier":"regional-hub","sourceCount":10,"source":"csv"},"geometry":{"type":"Point","coordinates":[105.817863,32.452438]}},{"type":"Feature","properties":{"id":"st-353","name":"广元东","province":"四川","city":"广元","tier":"regional-hub","sourceCount":0,"source":"csv"},"geometry":{"type":"Point","coordinates":[105.834708,32.444168]}},{"type":"Feature","properties":{"id":"st-354","name":"竹园坝","province":"四川","city":"广元","tier":"local","sourceCount":0,"source":"csv"},"geometry":{"type":"Point","coordinates":[105.166518,32.191696]}},{"type":"Feature","properties":{"id":"st-355","name":"白水","province":"四川","city":"广元","tier":"local","sourceCount":0,"source":"csv"},"geometry":{"type":"Point","coordinates":[106.023491,32.262398]}},{"type":"Feature","properties":{"id":"st-356","name":"旺苍","province":"四川","city":"广元","tier":"local","sourceCount":0,"source":"csv"},"geometry":{"type":"Point","coordinates":[106.359725,32.240746]}},{"type":"Feature","properties":{"id":"st-357","name":"黄洋","province":"四川","city":"广元","tier":"local","sourceCount":0,"source":"csv"},"geometry":{"type":"Point","coordinates":[106.355544,32.242827]}},{"type":"Feature","properties":{"id":"st-358","name":"嘉川","province":"四川","city":"广元","tier":"local","sourceCount":0,"source":"csv"},"geometry":{"type":"Point","coordinates":[106.198306,32.214592]}},{"type":"Feature","properties":{"id":"st-359","name":"普济","province":"四川","city":"广元","tier":"local","sourceCount":0,"source":"csv"},"geometry":{"type":"Point","coordinates":[106.451319,32.242156]}},{"type":"Feature","properties":{"id":"st-360","name":"尚武","province":"四川","city":"广元","tier":"local","sourceCount":0,"source":"csv"},"geometry":{"type":"Point","coordinates":[106.120207,32.23116]}},{"type":"Feature","properties":{"id":"st-361","name":"元坝","province":"四川","city":"凉山彝族自治州","tier":"local","sourceCount":0,"source":"csv"},"geometry":{"type":"Point","coordinates":[105.960827,32.329154]}},{"type":"Feature","properties":{"id":"st-362","name":"汉源","province":"四川","city":"凉山彝族自治州","tier":"local","sourceCount":0,"source":"csv"},"geometry":{"type":"Point","coordinates":[102.904193,29.236015]}},{"type":"Feature","properties":{"id":"st-363","name":"长河坝","province":"四川","city":"凉山彝族自治州","tier":"local","sourceCount":0,"source":"csv"},"geometry":{"type":"Point","coordinates":[102.940954,29.312623]}},{"type":"Feature","properties":{"id":"st-364","name":"华蓥","province":"四川","city":"广安","tier":"local","sourceCount":0,"source":"csv"},"geometry":{"type":"Point","coordinates":[106.777147,30.366102]}},{"type":"Feature","properties":{"id":"st-365","name":"高兴","province":"四川","city":"广安","tier":"local","sourceCount":0,"source":"csv"},"geometry":{"type":"Point","coordinates":[106.727065,30.278591]}},{"type":"Feature","properties":{"id":"st-366","name":"马村","province":"四川","city":"乐山","tier":"local","sourceCount":0,"source":"csv"},"geometry":{"type":"Point","coordinates":[103.605212,29.815543]}},{"type":"Feature","properties":{"id":"st-367","name":"吴场","province":"四川","city":"乐山","tier":"local","sourceCount":0,"source":"csv"},"geometry":{"type":"Point","coordinates":[103.655933,29.881411]}},{"type":"Feature","properties":{"id":"st-368","name":"简阳","province":"四川","city":"资阳","tier":"local","sourceCount":0,"source":"csv"},"geometry":{"type":"Point","coordinates":[104.55079,30.38199]}},{"type":"Feature","properties":{"id":"st-369","name":"石桥镇","province":"四川","city":"资阳","tier":"local","sourceCount":0,"source":"csv"},"geometry":{"type":"Point","coordinates":[104.5135,30.423484]}},{"type":"Feature","properties":{"id":"st-370","name":"庙子沟","province":"四川","city":"资阳","tier":"local","sourceCount":0,"source":"csv"},"geometry":{"type":"Point","coordinates":[104.609205,30.300166]}},{"type":"Feature","properties":{"id":"st-371","name":"灵仙庙","province":"四川","city":"资阳","tier":"local","sourceCount":0,"source":"csv"},"geometry":{"type":"Point","coordinates":[104.481165,30.581245]}},{"type":"Feature","properties":{"id":"st-372","name":"养马河","province":"四川","city":"资阳","tier":"local","sourceCount":0,"source":"csv"},"geometry":{"type":"Point","coordinates":[104.502334,30.512544]}},{"type":"Feature","properties":{"id":"st-373","name":"江油","province":"四川","city":"绵阳","tier":"regional-hub","sourceCount":7,"source":"csv"},"geometry":{"type":"Point","coordinates":[104.766712,31.784086]}},{"type":"Feature","properties":{"id":"st-374","name":"五凤溪","province":"四川","city":"绵阳","tier":"local","sourceCount":0,"source":"csv"},"geometry":{"type":"Point","coordinates":[104.490854,30.627129]}},{"type":"Feature","properties":{"id":"st-375","name":"开江","province":"四川","city":"达州","tier":"local","sourceCount":0,"source":"csv"},"geometry":{"type":"Point","coordinates":[107.797056,30.916041]}},{"type":"Feature","properties":{"id":"st-376","name":"共和","province":"四川","city":"乐山","tier":"local","sourceCount":0,"source":"csv"},"geometry":{"type":"Point","coordinates":[103.311235,29.300658]}},{"type":"Feature","properties":{"id":"st-377","name":"峨边","province":"四川","city":"乐山","tier":"local","sourceCount":0,"source":"csv"},"geometry":{"type":"Point","coordinates":[103.18351,29.261757]}},{"type":"Feature","properties":{"id":"st-378","name":"乐山","province":"四川","city":"乐山","tier":"regional-hub","sourceCount":5,"source":"csv"},"geometry":{"type":"Point","coordinates":[103.574525,29.752465]}},{"type":"Feature","properties":{"id":"st-379","name":"柏村","province":"四川","city":"乐山","tier":"local","sourceCount":0,"source":"csv"},"geometry":{"type":"Point","coordinates":[103.18351,29.261757]}},{"type":"Feature","properties":{"id":"st-380","name":"金口河","province":"四川","city":"乐山","tier":"local","sourceCount":0,"source":"csv"},"geometry":{"type":"Point","coordinates":[103.103973,29.291422]}},{"type":"Feature","properties":{"id":"st-381","name":"关村坝","province":"四川","city":"乐山","tier":"local","sourceCount":0,"source":"csv"},"geometry":{"type":"Point","coordinates":[103.025318,29.291464]}},{"type":"Feature","properties":{"id":"st-382","name":"代湾","province":"四川","city":"乐山","tier":"local","sourceCount":0,"source":"csv"},"geometry":{"type":"Point","coordinates":[103.458628,29.314952]}},{"type":"Feature","properties":{"id":"st-383","name":"刘沟","province":"四川","city":"乐山","tier":"local","sourceCount":0,"source":"csv"},"geometry":{"type":"Point","coordinates":[103.514838,29.268153]}},{"type":"Feature","properties":{"id":"st-384","name":"轸溪","province":"四川","city":"乐山","tier":"local","sourceCount":0,"source":"csv"},"geometry":{"type":"Point","coordinates":[103.560946,29.320581]}},{"type":"Feature","properties":{"id":"st-385","name":"沙湾","province":"四川","city":"乐山","tier":"local","sourceCount":0,"source":"csv"},"geometry":{"type":"Point","coordinates":[103.535653,29.415304]}},{"type":"Feature","properties":{"id":"st-386","name":"冕宁","province":"四川","city":"凉山彝族自治州","tier":"local","sourceCount":0,"source":"csv"},"geometry":{"type":"Point","coordinates":[102.191086,28.287449]}},{"type":"Feature","properties":{"id":"st-387","name":"黄家坝","province":"四川","city":"凉山彝族自治州","tier":"local","sourceCount":0,"source":"csv"},"geometry":{"type":"Point","coordinates":[102.169398,27.478109]}},{"type":"Feature","properties":{"id":"st-388","name":"德昌","province":"四川","city":"凉山彝族自治州","tier":"local","sourceCount":0,"source":"csv"},"geometry":{"type":"Point","coordinates":[102.184791,27.40002]}},{"type":"Feature","properties":{"id":"st-389","name":"蒲坝","province":"四川","city":"凉山彝族自治州","tier":"local","sourceCount":0,"source":"csv"},"geometry":{"type":"Point","coordinates":[102.304955,27.229015]}},{"type":"Feature","properties":{"id":"st-390","name":"乐跃","province":"四川","city":"凉山彝族自治州","tier":"local","sourceCount":0,"source":"csv"},"geometry":{"type":"Point","coordinates":[102.320938,27.298016]}},{"type":"Feature","properties":{"id":"st-391","name":"麻栗","province":"四川","city":"凉山彝族自治州","tier":"local","sourceCount":0,"source":"csv"},"geometry":{"type":"Point","coordinates":[102.190938,27.540765]}},{"type":"Feature","properties":{"id":"st-392","name":"小高","province":"四川","city":"凉山彝族自治州","tier":"local","sourceCount":0,"source":"csv"},"geometry":{"type":"Point","coordinates":[102.272395,27.357328]}},{"type":"Feature","properties":{"id":"st-393","name":"埃岱","province":"四川","city":"凉山彝族自治州","tier":"local","sourceCount":0,"source":"csv"},"geometry":{"type":"Point","coordinates":[102.803906,29.035556]}},{"type":"Feature","properties":{"id":"st-394","name":"甘洛","province":"四川","city":"凉山彝族自治州","tier":"local","sourceCount":0,"source":"csv"},"geometry":{"type":"Point","coordinates":[102.760268,28.98162]}},{"type":"Feature","properties":{"id":"st-395","name":"南尔岗","province":"四川","city":"凉山彝族自治州","tier":"local","sourceCount":0,"source":"csv"},"geometry":{"type":"Point","coordinates":[102.760268,28.98162]}},{"type":"Feature","properties":{"id":"st-396","name":"新铁村","province":"四川","city":"凉山彝族自治州","tier":"local","sourceCount":0,"source":"csv"},"geometry":{"type":"Point","coordinates":[102.239531,28.315645]}},{"type":"Feature","properties":{"id":"st-397","name":"漫水湾","province":"四川","city":"凉山彝族自治州","tier":"local","sourceCount":0,"source":"csv"},"geometry":{"type":"Point","coordinates":[102.161759,28.210511]}},{"type":"Feature","properties":{"id":"st-398","name":"西昌北","province":"四川","city":"凉山彝族自治州","tier":"regional-hub","sourceCount":0,"source":"csv"},"geometry":{"type":"Point","coordinates":[102.193022,27.967929]}},{"type":"Feature","properties":{"id":"st-399","name":"黄联关","province":"四川","city":"凉山彝族自治州","tier":"local","sourceCount":0,"source":"csv"},"geometry":{"type":"Point","coordinates":[102.199944,27.688985]}},{"type":"Feature","properties":{"id":"st-400","name":"黄水塘","province":"四川","city":"凉山彝族自治州","tier":"local","sourceCount":0,"source":"csv"},"geometry":{"type":"Point","coordinates":[102.186604,27.610927]}},{"type":"Feature","properties":{"id":"st-401","name":"经久","province":"四川","city":"凉山彝族自治州","tier":"local","sourceCount":0,"source":"csv"},"geometry":{"type":"Point","coordinates":[102.208292,27.773757]}},{"type":"Feature","properties":{"id":"st-402","name":"礼州","province":"四川","city":"凉山彝族自治州","tier":"local","sourceCount":0,"source":"csv"},"geometry":{"type":"Point","coordinates":[102.189433,28.059095]}},{"type":"Feature","properties":{"id":"st-403","name":"西昌南","province":"四川","city":"凉山彝族自治州","tier":"regional-hub","sourceCount":0,"source":"csv"},"geometry":{"type":"Point","coordinates":[102.212747,27.841449]}},{"type":"Feature","properties":{"id":"st-404","name":"西昌","province":"四川","city":"凉山彝族自治州","tier":"local","sourceCount":1,"source":"csv"},"geometry":{"type":"Point","coordinates":[102.222875,27.880695]}},{"type":"Feature","properties":{"id":"st-405","name":"月华","province":"四川","city":"凉山彝族自治州","tier":"local","sourceCount":0,"source":"csv"},"geometry":{"type":"Point","coordinates":[102.17989,28.147557]}},{"type":"Feature","properties":{"id":"st-406","name":"联合乡","province":"四川","city":"凉山彝族自治州","tier":"local","sourceCount":0,"source":"csv"},"geometry":{"type":"Point","coordinates":[102.465702,28.275957]}},{"type":"Feature","properties":{"id":"st-407","name":"铁口","province":"四川","city":"凉山彝族自治州","tier":"local","sourceCount":0,"source":"csv"},"geometry":{"type":"Point","coordinates":[102.531716,28.245398]}},{"type":"Feature","properties":{"id":"st-408","name":"新凉","province":"四川","city":"凉山彝族自治州","tier":"local","sourceCount":0,"source":"csv"},"geometry":{"type":"Point","coordinates":[102.525612,28.244048]}},{"type":"Feature","properties":{"id":"st-409","name":"冕山","province":"四川","city":"凉山彝族自治州","tier":"local","sourceCount":0,"source":"csv"},"geometry":{"type":"Point","coordinates":[102.308814,28.358041]}},{"type":"Feature","properties":{"id":"st-410","name":"瓦祖","province":"四川","city":"凉山彝族自治州","tier":"local","sourceCount":0,"source":"csv"},"geometry":{"type":"Point","coordinates":[102.553462,28.207615]}},{"type":"Feature","properties":{"id":"st-411","name":"沙马拉达","province":"四川","city":"凉山彝族自治州","tier":"local","sourceCount":0,"source":"csv"},"geometry":{"type":"Point","coordinates":[102.564712,28.230989]}},{"type":"Feature","properties":{"id":"st-412","name":"白果","province":"四川","city":"凉山彝族自治州","tier":"local","sourceCount":0,"source":"csv"},"geometry":{"type":"Point","coordinates":[102.602755,28.817037]}},{"type":"Feature","properties":{"id":"st-413","name":"鲜滩","province":"四川","city":"眉山","tier":"local","sourceCount":0,"source":"csv"},"geometry":{"type":"Point","coordinates":[103.754424,29.997168]}},{"type":"Feature","properties":{"id":"st-414","name":"眉山","province":"四川","city":"眉山","tier":"local","sourceCount":0,"source":"csv"},"geometry":{"type":"Point","coordinates":[103.8105,30.067375]}},{"type":"Feature","properties":{"id":"st-415","name":"太和","province":"四川","city":"眉山","tier":"local","sourceCount":0,"source":"csv"},"geometry":{"type":"Point","coordinates":[103.826858,30.127232]}},{"type":"Feature","properties":{"id":"st-416","name":"青龙场","province":"四川","city":"眉山","tier":"local","sourceCount":0,"source":"csv"},"geometry":{"type":"Point","coordinates":[103.86395,30.300712]}},{"type":"Feature","properties":{"id":"st-417","name":"绵阳","province":"四川","city":"绵阳","tier":"regional-hub","sourceCount":5,"source":"csv"},"geometry":{"type":"Point","coordinates":[104.714707,31.461407]}},{"type":"Feature","properties":{"id":"st-418","name":"南充东","province":"四川","city":"南充","tier":"regional-hub","sourceCount":0,"source":"csv"},"geometry":{"type":"Point","coordinates":[106.15683,30.846632]}},{"type":"Feature","properties":{"id":"st-419","name":"蓬安","province":"四川","city":"南充","tier":"local","sourceCount":0,"source":"csv"},"geometry":{"type":"Point","coordinates":[106.420138,31.002823]}},{"type":"Feature","properties":{"id":"st-420","name":"南充","province":"四川","city":"南充","tier":"regional-hub","sourceCount":6,"source":"csv"},"geometry":{"type":"Point","coordinates":[106.081673,30.809653]}},{"type":"Feature","properties":{"id":"st-421","name":"椑木镇","province":"四川","city":"内江","tier":"local","sourceCount":0,"source":"csv"},"geometry":{"type":"Point","coordinates":[105.094114,29.508328]}},{"type":"Feature","properties":{"id":"st-422","name":"隆昌","province":"四川","city":"内江","tier":"local","sourceCount":0,"source":"csv"},"geometry":{"type":"Point","coordinates":[105.277615,29.35793]}},{"type":"Feature","properties":{"id":"st-423","name":"李市镇","province":"四川","city":"内江","tier":"local","sourceCount":0,"source":"csv"},"geometry":{"type":"Point","coordinates":[105.395151,29.316885]}},{"type":"Feature","properties":{"id":"st-424","name":"双凤驿","province":"四川","city":"内江","tier":"local","sourceCount":0,"source":"csv"},"geometry":{"type":"Point","coordinates":[105.138693,29.446345]}},{"type":"Feature","properties":{"id":"st-425","name":"迎祥街","province":"四川","city":"内江","tier":"local","sourceCount":0,"source":"csv"},"geometry":{"type":"Point","coordinates":[105.213149,29.391213]}},{"type":"Feature","properties":{"id":"st-426","name":"内江南","province":"四川","city":"内江","tier":"regional-hub","sourceCount":0,"source":"csv"},"geometry":{"type":"Point","coordinates":[104.987762,29.543075]}},{"type":"Feature","properties":{"id":"st-427","name":"内江","province":"四川","city":"内江","tier":"local","sourceCount":2,"source":"csv"},"geometry":{"type":"Point","coordinates":[105.034293,29.59067]}},{"type":"Feature","properties":{"id":"st-428","name":"登瀛崖","province":"四川","city":"内江","tier":"local","sourceCount":0,"source":"csv"},"geometry":{"type":"Point","coordinates":[104.725425,29.913502]}},{"type":"Feature","properties":{"id":"st-429","name":"陶家沟","province":"四川","city":"内江","tier":"local","sourceCount":0,"source":"csv"},"geometry":{"type":"Point","coordinates":[104.811078,29.814105]}},{"type":"Feature","properties":{"id":"st-430","name":"资中","province":"四川","city":"内江","tier":"local","sourceCount":0,"source":"csv"},"geometry":{"type":"Point","coordinates":[104.860851,29.771081]}},{"type":"Feature","properties":{"id":"st-431","name":"丙谷","province":"四川","city":"攀枝花","tier":"local","sourceCount":0,"source":"csv"},"geometry":{"type":"Point","coordinates":[102.087928,26.837031]}},{"type":"Feature","properties":{"id":"st-432","name":"沙坝","province":"四川","city":"攀枝花","tier":"local","sourceCount":0,"source":"csv"},"geometry":{"type":"Point","coordinates":[102.125005,26.959189]}},{"type":"Feature","properties":{"id":"st-433","name":"米易","province":"四川","city":"攀枝花","tier":"local","sourceCount":0,"source":"csv"},"geometry":{"type":"Point","coordinates":[102.111725,26.878569]}},{"type":"Feature","properties":{"id":"st-434","name":"枣子林","province":"四川","city":"攀枝花","tier":"local","sourceCount":0,"source":"csv"},"geometry":{"type":"Point","coordinates":[101.94839,26.754229]}},{"type":"Feature","properties":{"id":"st-435","name":"攀枝花","province":"四川","city":"攀枝花","tier":"regional-hub","sourceCount":5,"source":"csv"},"geometry":{"type":"Point","coordinates":[101.849594,26.546884]}},{"type":"Feature","properties":{"id":"st-436","name":"牛坪子","province":"四川","city":"攀枝花","tier":"local","sourceCount":0,"source":"csv"},"geometry":{"type":"Point","coordinates":[101.823135,26.638248]}},{"type":"Feature","properties":{"id":"st-437","name":"桐子林","province":"四川","city":"攀枝花","tier":"local","sourceCount":0,"source":"csv"},"geometry":{"type":"Point","coordinates":[101.853916,26.713719]}},{"type":"Feature","properties":{"id":"st-438","name":"三堆子","province":"四川","city":"攀枝花","tier":"local","sourceCount":0,"source":"csv"},"geometry":{"type":"Point","coordinates":[101.836545,26.579794]}},{"type":"Feature","properties":{"id":"st-439","name":"彭州","province":"四川","city":"成都","tier":"regional-hub","sourceCount":11,"source":"csv"},"geometry":{"type":"Point","coordinates":[103.922913,30.981743]}},{"type":"Feature","properties":{"id":"st-440","name":"安德","province":"四川","city":"成都","tier":"local","sourceCount":0,"source":"csv"},"geometry":{"type":"Point","coordinates":[103.809594,30.876821]}},{"type":"Feature","properties":{"id":"st-441","name":"临巴溪","province":"四川","city":"成都","tier":"local","sourceCount":0,"source":"csv"},"geometry":{"type":"Point","coordinates":[107.063581,30.888215]}},{"type":"Feature","properties":{"id":"st-442","name":"渠县","province":"四川","city":"达州","tier":"local","sourceCount":0,"source":"csv"},"geometry":{"type":"Point","coordinates":[107.008166,30.806857]}},{"type":"Feature","properties":{"id":"st-443","name":"遂宁","province":"四川","city":"遂宁","tier":"local","sourceCount":1,"source":"csv"},"geometry":{"type":"Point","coordinates":[105.539462,30.54489]}},{"type":"Feature","properties":{"id":"st-444","name":"大英东","province":"四川","city":"遂宁","tier":"regional-hub","sourceCount":0,"source":"csv"},"geometry":{"type":"Point","coordinates":[105.276039,30.570083]}},{"type":"Feature","properties":{"id":"st-445","name":"蓬溪","province":"四川","city":"遂宁","tier":"local","sourceCount":0,"source":"csv"},"geometry":{"type":"Point","coordinates":[105.70211,30.682212]}},{"type":"Feature","properties":{"id":"st-446","name":"喜德","province":"四川","city":"凉山彝族自治州","tier":"local","sourceCount":0,"source":"csv"},"geometry":{"type":"Point","coordinates":[102.40509,28.319458]}},{"type":"Feature","properties":{"id":"st-447","name":"乐武","province":"四川","city":"凉山彝族自治州","tier":"local","sourceCount":0,"source":"csv"},"geometry":{"type":"Point","coordinates":[102.624231,28.304203]}},{"type":"Feature","properties":{"id":"st-448","name":"红峰","province":"四川","city":"凉山彝族自治州","tier":"local","sourceCount":0,"source":"csv"},"geometry":{"type":"Point","coordinates":[102.620301,28.286798]}},{"type":"Feature","properties":{"id":"st-449","name":"尼波","province":"四川","city":"凉山彝族自治州","tier":"local","sourceCount":0,"source":"csv"},"geometry":{"type":"Point","coordinates":[102.627695,28.344478]}},{"type":"Feature","properties":{"id":"st-450","name":"一步滩","province":"四川","city":"宜宾","tier":"local","sourceCount":0,"source":"csv"},"geometry":{"type":"Point","coordinates":[104.685906,28.891857]}},{"type":"Feature","properties":{"id":"st-451","name":"南岸坝","province":"四川","city":"宜宾","tier":"local","sourceCount":0,"source":"csv"},"geometry":{"type":"Point","coordinates":[104.648211,28.754469]}},{"type":"Feature","properties":{"id":"st-452","name":"宜宾","province":"四川","city":"宜宾","tier":"local","sourceCount":0,"source":"csv"},"geometry":{"type":"Point","coordinates":[104.598754,28.754811]}},{"type":"Feature","properties":{"id":"st-453","name":"敬梓场","province":"四川","city":"宜宾","tier":"local","sourceCount":0,"source":"csv"},"geometry":{"type":"Point","coordinates":[104.661471,28.982461]}},{"type":"Feature","properties":{"id":"st-454","name":"金沙湾","province":"四川","city":"宜宾","tier":"local","sourceCount":0,"source":"csv"},"geometry":{"type":"Point","coordinates":[104.713294,28.480622]}},{"type":"Feature","properties":{"id":"st-455","name":"宜宾南","province":"四川","city":"宜宾","tier":"regional-hub","sourceCount":0,"source":"csv"},"geometry":{"type":"Point","coordinates":[104.544328,28.707671]}},{"type":"Feature","properties":{"id":"st-456","name":"孔滩","province":"四川","city":"自贡","tier":"local","sourceCount":0,"source":"csv"},"geometry":{"type":"Point","coordinates":[104.678493,29.150112]}},{"type":"Feature","properties":{"id":"st-457","name":"王场","province":"四川","city":"宜宾","tier":"local","sourceCount":0,"source":"csv"},"geometry":{"type":"Point","coordinates":[104.67589,29.071879]}},{"type":"Feature","properties":{"id":"st-458","name":"横江","province":"四川","city":"宜宾","tier":"local","sourceCount":0,"source":"csv"},"geometry":{"type":"Point","coordinates":[104.351797,28.554741]}},{"type":"Feature","properties":{"id":"st-459","name":"营山","province":"四川","city":"南充","tier":"regional-hub","sourceCount":5,"source":"csv"},"geometry":{"type":"Point","coordinates":[106.564789,31.067532]}},{"type":"Feature","properties":{"id":"st-460","name":"尔赛河","province":"四川","city":"凉山彝族自治州","tier":"local","sourceCount":0,"source":"csv"},"geometry":{"type":"Point","coordinates":[102.639459,28.405299]}},{"type":"Feature","properties":{"id":"st-461","name":"拉白","province":"四川","city":"凉山彝族自治州","tier":"local","sourceCount":0,"source":"csv"},"geometry":{"type":"Point","coordinates":[102.63505,28.577497]}},{"type":"Feature","properties":{"id":"st-462","name":"越西","province":"四川","city":"凉山彝族自治州","tier":"regional-hub","sourceCount":0,"source":"csv"},"geometry":{"type":"Point","coordinates":[102.602158,28.740272]}},{"type":"Feature","properties":{"id":"st-463","name":"白石岩","province":"四川","city":"凉山彝族自治州","tier":"local","sourceCount":0,"source":"csv"},"geometry":{"type":"Point","coordinates":[102.609102,28.758959]}},{"type":"Feature","properties":{"id":"st-464","name":"普雄","province":"四川","city":"凉山彝族自治州","tier":"local","sourceCount":2,"source":"csv"},"geometry":{"type":"Point","coordinates":[102.648589,28.518048]}},{"type":"Feature","properties":{"id":"st-465","name":"上普雄","province":"四川","city":"凉山彝族自治州","tier":"local","sourceCount":0,"source":"csv"},"geometry":{"type":"Point","coordinates":[102.657218,28.465583]}},{"type":"Feature","properties":{"id":"st-466","name":"下普雄","province":"四川","city":"凉山彝族自治州","tier":"local","sourceCount":0,"source":"csv"},"geometry":{"type":"Point","coordinates":[102.625618,28.634483]}},{"type":"Feature","properties":{"id":"st-467","name":"铁西","province":"四川","city":"凉山彝族自治州","tier":"regional-hub","sourceCount":0,"source":"csv"},"geometry":{"type":"Point","coordinates":[102.597598,28.693706]}},{"type":"Feature","properties":{"id":"st-468","name":"民福寺","province":"重庆","city":"江津区","tier":"local","sourceCount":0,"source":"csv"},"geometry":{"type":"Point","coordinates":[106.466347,29.158061]}},{"type":"Feature","properties":{"id":"st-469","name":"七龙星","province":"重庆","city":"江津区","tier":"local","sourceCount":0,"source":"csv"},"geometry":{"type":"Point","coordinates":[106.432357,29.233843]}},{"type":"Feature","properties":{"id":"st-470","name":"小南垭","province":"重庆","city":"江津区","tier":"local","sourceCount":0,"source":"csv"},"geometry":{"type":"Point","coordinates":[106.395998,29.726532]}},{"type":"Feature","properties":{"id":"st-471","name":"夏坝","province":"重庆","city":"江津区","tier":"local","sourceCount":0,"source":"csv"},"geometry":{"type":"Point","coordinates":[106.508685,29.075806]}},{"type":"Feature","properties":{"id":"st-472","name":"綦江","province":"重庆","city":"綦江区","tier":"local","sourceCount":0,"source":"csv"},"geometry":{"type":"Point","coordinates":[106.660068,29.020682]}},{"type":"Feature","properties":{"id":"st-473","name":"资阳","province":"四川","city":"资阳","tier":"local","sourceCount":0,"source":"csv"},"geometry":{"type":"Point","coordinates":[104.649874,30.127304]}},{"type":"Feature","properties":{"id":"st-474","name":"临江寺","province":"四川","city":"资阳","tier":"local","sourceCount":0,"source":"csv"},"geometry":{"type":"Point","coordinates":[104.617356,30.225729]}},{"type":"Feature","properties":{"id":"st-475","name":"墨池坝","province":"四川","city":"资阳","tier":"local","sourceCount":0,"source":"csv"},"geometry":{"type":"Point","coordinates":[104.661151,30.209182]}},{"type":"Feature","properties":{"id":"st-476","name":"侯家坪","province":"四川","city":"资阳","tier":"local","sourceCount":0,"source":"csv"},"geometry":{"type":"Point","coordinates":[104.643092,30.079816]}},{"type":"Feature","properties":{"id":"st-477","name":"长沙埂","province":"四川","city":"资阳","tier":"national-hub","sourceCount":0,"source":"csv"},"geometry":{"type":"Point","coordinates":[104.659252,30.007963]}},{"type":"Feature","properties":{"id":"st-478","name":"顺河场","province":"四川","city":"资阳","tier":"local","sourceCount":0,"source":"csv"},"geometry":{"type":"Point","coordinates":[104.657284,29.947116]}},{"type":"Feature","properties":{"id":"st-479","name":"大山铺","province":"四川","city":"自贡","tier":"local","sourceCount":0,"source":"csv"},"geometry":{"type":"Point","coordinates":[104.847962,29.417751]}},{"type":"Feature","properties":{"id":"st-480","name":"自贡","province":"四川","city":"自贡","tier":"local","sourceCount":0,"source":"csv"},"geometry":{"type":"Point","coordinates":[104.788452,29.358806]}},{"type":"Feature","properties":{"id":"st-481","name":"俞冲","province":"四川","city":"自贡","tier":"local","sourceCount":0,"source":"csv"},"geometry":{"type":"Point","coordinates":[104.697608,29.220069]}},{"type":"Feature","properties":{"id":"st-482","name":"双石桥","province":"重庆","city":"永川区","tier":"local","sourceCount":0,"source":"csv"},"geometry":{"type":"Point","coordinates":[105.834116,29.401288]}},{"type":"Feature","properties":{"id":"st-483","name":"沙沙坡","province":"云南","city":"昭通","tier":"local","sourceCount":0,"source":"csv"},"geometry":{"type":"Point","coordinates":[104.048554,28.014736]}},{"type":"Feature","properties":{"id":"st-484","name":"豆沙关","province":"云南","city":"昭通","tier":"local","sourceCount":0,"source":"csv"},"geometry":{"type":"Point","coordinates":[104.12889,28.028245]}},{"type":"Feature","properties":{"id":"st-485","name":"盐津","province":"云南","city":"昭通","tier":"local","sourceCount":0,"source":"csv"},"geometry":{"type":"Point","coordinates":[104.240585,28.081072]}},{"type":"Feature","properties":{"id":"st-486","name":"盐津北","province":"云南","city":"昭通","tier":"regional-hub","sourceCount":0,"source":"csv"},"geometry":{"type":"Point","coordinates":[104.240585,28.081072]}},{"type":"Feature","properties":{"id":"st-487","name":"昭通北","province":"云南","city":"昭通","tier":"regional-hub","sourceCount":0,"source":"csv"},"geometry":{"type":"Point","coordinates":[104.240585,28.081072]}},{"type":"Feature","properties":{"id":"st-488","name":"小关溪","province":"云南","city":"昭通","tier":"local","sourceCount":0,"source":"csv"},"geometry":{"type":"Point","coordinates":[103.969157,27.983895]}},{"type":"Feature","properties":{"id":"st-489","name":"大关","province":"云南","city":"昭通","tier":"local","sourceCount":0,"source":"csv"},"geometry":{"type":"Point","coordinates":[103.976847,27.836778]}},{"type":"Feature","properties":{"id":"st-490","name":"曾家坪子","province":"云南","city":"昭通","tier":"local","sourceCount":0,"source":"csv"},"geometry":{"type":"Point","coordinates":[103.979118,27.702659]}},{"type":"Feature","properties":{"id":"st-491","name":"苍坪","province":"云南","city":"昭通","tier":"local","sourceCount":0,"source":"csv"},"geometry":{"type":"Point","coordinates":[103.981914,27.689473]}},{"type":"Feature","properties":{"id":"st-492","name":"岔河","province":"云南","city":"昭通","tier":"local","sourceCount":0,"source":"csv"},"geometry":{"type":"Point","coordinates":[103.868813,27.841086]}},{"type":"Feature","properties":{"id":"st-493","name":"水富","province":"云南","city":"昭通","tier":"local","sourceCount":0,"source":"csv"},"geometry":{"type":"Point","coordinates":[104.414414,28.610059]}},{"type":"Feature","properties":{"id":"st-494","name":"小儿坪","province":"云南","city":"昭通","tier":"local","sourceCount":0,"source":"csv"},"geometry":{"type":"Point","coordinates":[104.262756,28.501429]}},{"type":"Feature","properties":{"id":"st-495","name":"铜鼓溪","province":"云南","city":"昭通","tier":"local","sourceCount":0,"source":"csv"},"geometry":{"type":"Point","coordinates":[104.252828,28.420062]}},{"type":"Feature","properties":{"id":"st-496","name":"临江溪","province":"云南","city":"昭通","tier":"local","sourceCount":0,"source":"csv"},"geometry":{"type":"Point","coordinates":[104.22709,28.174628]}},{"type":"Feature","properties":{"id":"st-497","name":"普洱渡","province":"云南","city":"昭通","tier":"local","sourceCount":0,"source":"csv"},"geometry":{"type":"Point","coordinates":[104.199562,28.2563]}},{"type":"Feature","properties":{"id":"st-498","name":"滩头","province":"云南","city":"昭通","tier":"local","sourceCount":0,"source":"csv"},"geometry":{"type":"Point","coordinates":[104.267039,28.317606]}},{"type":"Feature","properties":{"id":"st-499","name":"邓家湾","province":"云南","city":"昭通","tier":"local","sourceCount":0,"source":"csv"},"geometry":{"type":"Point","coordinates":[104.005879,27.602797]}},{"type":"Feature","properties":{"id":"st-500","name":"田梁子","province":"云南","city":"昭通","tier":"local","sourceCount":0,"source":"csv"},"geometry":{"type":"Point","coordinates":[103.961104,27.55556]}},{"type":"Feature","properties":{"id":"st-501","name":"彝良","province":"云南","city":"昭通","tier":"local","sourceCount":0,"source":"csv"},"geometry":{"type":"Point","coordinates":[103.92099,27.50932]}},{"type":"Feature","properties":{"id":"st-502","name":"彝良南","province":"云南","city":"昭通","tier":"regional-hub","sourceCount":0,"source":"csv"},"geometry":{"type":"Point","coordinates":[103.923052,27.52396]}},{"type":"Feature","properties":{"id":"st-503","name":"二道桥","province":"云南","city":"昭通","tier":"local","sourceCount":0,"source":"csv"},"geometry":{"type":"Point","coordinates":[103.836368,27.48065]}},{"type":"Feature","properties":{"id":"st-504","name":"昭通","province":"云南","city":"昭通","tier":"local","sourceCount":3,"source":"csv"},"geometry":{"type":"Point","coordinates":[103.789138,27.388748]}},{"type":"Feature","properties":{"id":"st-505","name":"昭通南","province":"云南","city":"昭通","tier":"regional-hub","sourceCount":0,"source":"csv"},"geometry":{"type":"Point","coordinates":[103.961104,27.55556]}},{"type":"Feature","properties":{"id":"st-506","name":"磨心坡","province":"重庆","city":"北碚区","tier":"local","sourceCount":0,"source":"csv"},"geometry":{"type":"Point","coordinates":[106.464666,29.855194]}},{"type":"Feature","properties":{"id":"st-507","name":"北碚","province":"重庆","city":"北碚区","tier":"local","sourceCount":0,"source":"csv"},"geometry":{"type":"Point","coordinates":[106.427714,29.805098]}},{"type":"Feature","properties":{"id":"st-508","name":"茄子溪","province":"重庆","city":"大渡口区","tier":"local","sourceCount":0,"source":"csv"},"geometry":{"type":"Point","coordinates":[106.498232,29.429535]}},{"type":"Feature","properties":{"id":"st-509","name":"小南海","province":"重庆","city":"大渡口区","tier":"local","sourceCount":0,"source":"csv"},"geometry":{"type":"Point","coordinates":[106.428804,29.358673]}},{"type":"Feature","properties":{"id":"st-510","name":"石场","province":"重庆","city":"大渡口区","tier":"local","sourceCount":0,"source":"csv"},"geometry":{"type":"Point","coordinates":[106.406199,29.346848]}},{"type":"Feature","properties":{"id":"st-511","name":"大足","province":"重庆","city":"永川区","tier":"local","sourceCount":0,"source":"csv"},"geometry":{"type":"Point","coordinates":[105.733573,29.434901]}},{"type":"Feature","properties":{"id":"st-512","name":"长河碥","province":"重庆","city":"永川区","tier":"local","sourceCount":0,"source":"csv"},"geometry":{"type":"Point","coordinates":[105.77705,29.4185]}},{"type":"Feature","properties":{"id":"st-513","name":"丰都","province":"重庆","city":"丰都县","tier":"regional-hub","sourceCount":4,"source":"csv"},"geometry":{"type":"Point","coordinates":[107.685813,29.848293]}},{"type":"Feature","properties":{"id":"st-514","name":"白涛","province":"重庆","city":"涪陵区","tier":"local","sourceCount":0,"source":"csv"},"geometry":{"type":"Point","coordinates":[107.49768,29.551418]}},{"type":"Feature","properties":{"id":"st-515","name":"磨溪","province":"重庆","city":"涪陵区","tier":"local","sourceCount":0,"source":"csv"},"geometry":{"type":"Point","coordinates":[107.404993,29.639622]}},{"type":"Feature","properties":{"id":"st-516","name":"涪陵北","province":"重庆","city":"涪陵区","tier":"regional-hub","sourceCount":0,"source":"csv"},"geometry":{"type":"Point","coordinates":[107.272305,29.770968]}},{"type":"Feature","properties":{"id":"st-517","name":"涪陵","province":"重庆","city":"涪陵区","tier":"local","sourceCount":0,"source":"csv"},"geometry":{"type":"Point","coordinates":[107.328996,29.703541]}},{"type":"Feature","properties":{"id":"st-518","name":"白沙沱","province":"重庆","city":"涪陵区","tier":"local","sourceCount":0,"source":"csv"},"geometry":{"type":"Point","coordinates":[107.484469,29.518978]}},{"type":"Feature","properties":{"id":"st-519","name":"合川","province":"重庆","city":"合川区","tier":"local","sourceCount":2,"source":"csv"},"geometry":{"type":"Point","coordinates":[106.274265,29.963311]}},{"type":"Feature","properties":{"id":"st-520","name":"三汇坝","province":"重庆","city":"合川区","tier":"local","sourceCount":0,"source":"csv"},"geometry":{"type":"Point","coordinates":[106.575074,30.062438]}},{"type":"Feature","properties":{"id":"st-521","name":"白沙","province":"重庆","city":"江津区","tier":"local","sourceCount":0,"source":"csv"},"geometry":{"type":"Point","coordinates":[106.122368,29.072808]}},{"type":"Feature","properties":{"id":"st-522","name":"古家沱","province":"重庆","city":"江津区","tier":"local","sourceCount":0,"source":"csv"},"geometry":{"type":"Point","coordinates":[106.20959,29.224219]}},{"type":"Feature","properties":{"id":"st-523","name":"江津","province":"重庆","city":"江津区","tier":"local","sourceCount":0,"source":"csv"},"geometry":{"type":"Point","coordinates":[106.237152,29.264353]}},{"type":"Feature","properties":{"id":"st-524","name":"平等","province":"重庆","city":"江津区","tier":"local","sourceCount":0,"source":"csv"},"geometry":{"type":"Point","coordinates":[106.022791,29.102322]}},{"type":"Feature","properties":{"id":"st-525","name":"油溪","province":"重庆","city":"江津区","tier":"local","sourceCount":0,"source":"csv"},"geometry":{"type":"Point","coordinates":[106.146071,29.20278]}},{"type":"Feature","properties":{"id":"st-526","name":"金刚沱","province":"重庆","city":"江津区","tier":"local","sourceCount":0,"source":"csv"},"geometry":{"type":"Point","coordinates":[106.10674,29.145623]}},{"type":"Feature","properties":{"id":"st-527","name":"茨坝","province":"重庆","city":"江津区","tier":"local","sourceCount":0,"source":"csv"},"geometry":{"type":"Point","coordinates":[105.930938,29.113342]}},{"type":"Feature","properties":{"id":"st-528","name":"朱杨溪","province":"重庆","city":"江津区","tier":"local","sourceCount":0,"source":"csv"},"geometry":{"type":"Point","coordinates":[105.947484,29.06466]}},{"type":"Feature","properties":{"id":"st-529","name":"重庆南","province":"重庆","city":"九龙坡区","tier":"national-hub","sourceCount":0,"source":"csv"},"geometry":{"type":"Point","coordinates":[106.535871,29.498462]}},{"type":"Feature","properties":{"id":"st-530","name":"铜罐驿","province":"重庆","city":"九龙坡区","tier":"local","sourceCount":0,"source":"csv"},"geometry":{"type":"Point","coordinates":[106.384765,29.297073]}},{"type":"Feature","properties":{"id":"st-531","name":"黄磏","province":"重庆","city":"九龙坡区","tier":"local","sourceCount":0,"source":"csv"},"geometry":{"type":"Point","coordinates":[106.294766,29.271902]}},{"type":"Feature","properties":{"id":"st-532","name":"重庆西","province":"重庆","city":"九龙坡区","tier":"national-hub","sourceCount":99,"source":"csv"},"geometry":{"type":"Point","coordinates":[106.425029,29.433023]}},{"type":"Feature","properties":{"id":"st-533","name":"梁平","province":"重庆","city":"梁平县","tier":"local","sourceCount":0,"source":"csv"},"geometry":{"type":"Point","coordinates":[107.812524,30.717687]}},{"type":"Feature","properties":{"id":"st-534","name":"保家楼","province":"重庆","city":"彭水苗族土家族自治县","tier":"local","sourceCount":0,"source":"csv"},"geometry":{"type":"Point","coordinates":[108.303235,29.427872]}},{"type":"Feature","properties":{"id":"st-535","name":"郁山","province":"重庆","city":"彭水苗族土家族自治县","tier":"local","sourceCount":0,"source":"csv"},"geometry":{"type":"Point","coordinates":[108.426517,29.533878]}},{"type":"Feature","properties":{"id":"st-536","name":"高谷","province":"重庆","city":"彭水苗族土家族自治县","tier":"local","sourceCount":0,"source":"csv"},"geometry":{"type":"Point","coordinates":[108.069112,29.383725]}},{"type":"Feature","properties":{"id":"st-537","name":"干溪沟","province":"重庆","city":"彭水苗族土家族自治县","tier":"local","sourceCount":0,"source":"csv"},"geometry":{"type":"Point","coordinates":[108.536545,29.485866]}},{"type":"Feature","properties":{"id":"st-538","name":"彭水","province":"重庆","city":"彭水苗族土家族自治县","tier":"local","sourceCount":0,"source":"csv"},"geometry":{"type":"Point","coordinates":[108.231277,29.364413]}},{"type":"Feature","properties":{"id":"st-539","name":"石门坎","province":"重庆","city":"綦江区","tier":"local","sourceCount":0,"source":"csv"},"geometry":{"type":"Point","coordinates":[106.817788,28.673325]}},{"type":"Feature","properties":{"id":"st-540","name":"镇紫街","province":"重庆","city":"綦江区","tier":"local","sourceCount":0,"source":"csv"},"geometry":{"type":"Point","coordinates":[106.671808,28.790417]}},{"type":"Feature","properties":{"id":"st-541","name":"赶水","province":"重庆","city":"綦江区","tier":"local","sourceCount":0,"source":"csv"},"geometry":{"type":"Point","coordinates":[106.70793,28.749835]}},{"type":"Feature","properties":{"id":"st-542","name":"东升坝","province":"重庆","city":"綦江区","tier":"local","sourceCount":0,"source":"csv"},"geometry":{"type":"Point","coordinates":[106.675021,28.890689]}},{"type":"Feature","properties":{"id":"st-543","name":"三江","province":"重庆","city":"綦江区","tier":"local","sourceCount":0,"source":"csv"},"geometry":{"type":"Point","coordinates":[106.698446,28.950621]}},{"type":"Feature","properties":{"id":"st-544","name":"核桃园","province":"重庆","city":"黔江区","tier":"local","sourceCount":0,"source":"csv"},"geometry":{"type":"Point","coordinates":[108.733083,29.479082]}},{"type":"Feature","properties":{"id":"st-545","name":"鱼泉","province":"重庆","city":"酉阳土家族苗族自治县","tier":"local","sourceCount":0,"source":"csv"},"geometry":{"type":"Point","coordinates":[108.899104,29.168515]}},{"type":"Feature","properties":{"id":"st-546","name":"黔江","province":"重庆","city":"黔江区","tier":"local","sourceCount":0,"source":"csv"},"geometry":{"type":"Point","coordinates":[108.786186,29.446051]}},{"type":"Feature","properties":{"id":"st-547","name":"安富镇","province":"重庆","city":"荣昌县","tier":"local","sourceCount":0,"source":"csv"},"geometry":{"type":"Point","coordinates":[105.475689,29.367515]}},{"type":"Feature","properties":{"id":"st-548","name":"荣昌","province":"重庆","city":"荣昌县","tier":"local","sourceCount":0,"source":"csv"},"geometry":{"type":"Point","coordinates":[105.5775,29.397858]}},{"type":"Feature","properties":{"id":"st-549","name":"峰高铺","province":"重庆","city":"荣昌县","tier":"local","sourceCount":0,"source":"csv"},"geometry":{"type":"Point","coordinates":[105.63294,29.436203]}},{"type":"Feature","properties":{"id":"st-550","name":"广顺场","province":"重庆","city":"荣昌县","tier":"local","sourceCount":0,"source":"csv"},"geometry":{"type":"Point","coordinates":[105.52388,29.372027]}},{"type":"Feature","properties":{"id":"st-551","name":"梨树湾","province":"重庆","city":"沙坪坝区","tier":"local","sourceCount":0,"source":"csv"},"geometry":{"type":"Point","coordinates":[106.42854,29.552406]}},{"type":"Feature","properties":{"id":"st-552","name":"重庆东","province":"重庆","city":"沙坪坝区","tier":"national-hub","sourceCount":0,"source":"csv"},"geometry":{"type":"Point","coordinates":[106.432083,29.509178]}},{"type":"Feature","properties":{"id":"st-553","name":"团结村","province":"重庆","city":"沙坪坝区","tier":"local","sourceCount":0,"source":"csv"},"geometry":{"type":"Point","coordinates":[106.37269,29.644873]}},{"type":"Feature","properties":{"id":"st-554","name":"石柱县","province":"重庆","city":"石柱土家族自治县","tier":"local","sourceCount":3,"source":"csv"},"geometry":{"type":"Point","coordinates":[108.092991,29.967734]}},{"type":"Feature","properties":{"id":"st-555","name":"潼南","province":"重庆","city":"潼南县","tier":"regional-hub","sourceCount":2,"source":"csv"},"geometry":{"type":"Point","coordinates":[105.874073,30.222321]}},{"type":"Feature","properties":{"id":"st-556","name":"万州","province":"重庆","city":"万州区","tier":"local","sourceCount":1,"source":"csv"},"geometry":{"type":"Point","coordinates":[108.395238,30.757227]}},{"type":"Feature","properties":{"id":"st-557","name":"白马","province":"重庆","city":"武隆县","tier":"local","sourceCount":0,"source":"csv"},"geometry":{"type":"Point","coordinates":[107.556406,29.409789]}},{"type":"Feature","properties":{"id":"st-558","name":"武隆","province":"重庆","city":"武隆县","tier":"local","sourceCount":0,"source":"csv"},"geometry":{"type":"Point","coordinates":[107.772077,29.328999]}},{"type":"Feature","properties":{"id":"st-559","name":"中嘴","province":"重庆","city":"武隆县","tier":"local","sourceCount":0,"source":"csv"},"geometry":{"type":"Point","coordinates":[107.844779,29.304662]}},{"type":"Feature","properties":{"id":"st-560","name":"珞璜","province":"重庆","city":"江津区","tier":"local","sourceCount":0,"source":"csv"},"geometry":{"type":"Point","coordinates":[106.428022,29.336248]}},{"type":"Feature","properties":{"id":"st-561","name":"龙池","province":"重庆","city":"秀山土家族苗族自治县","tier":"local","sourceCount":0,"source":"csv"},"geometry":{"type":"Point","coordinates":[109.045293,28.606152]}},{"type":"Feature","properties":{"id":"st-562","name":"秀山","province":"重庆","city":"秀山土家族苗族自治县","tier":"local","sourceCount":1,"source":"csv"},"geometry":{"type":"Point","coordinates":[109.011052,28.449608]}},{"type":"Feature","properties":{"id":"st-563","name":"柏林","province":"重庆","city":"永川区","tier":"local","sourceCount":0,"source":"csv"},"geometry":{"type":"Point","coordinates":[105.943885,29.167604]}},{"type":"Feature","properties":{"id":"st-564","name":"永川","province":"重庆","city":"永川区","tier":"local","sourceCount":0,"source":"csv"},"geometry":{"type":"Point","coordinates":[105.897005,29.344021]}},{"type":"Feature","properties":{"id":"st-565","name":"临江场","province":"重庆","city":"永川区","tier":"local","sourceCount":0,"source":"csv"},"geometry":{"type":"Point","coordinates":[105.946835,29.233144]}},{"type":"Feature","properties":{"id":"st-566","name":"长潭沟","province":"重庆","city":"酉阳土家族苗族自治县","tier":"local","sourceCount":0,"source":"csv"},"geometry":{"type":"Point","coordinates":[108.973195,29.071018]}},{"type":"Feature","properties":{"id":"st-567","name":"泔溪","province":"重庆","city":"酉阳土家族苗族自治县","tier":"local","sourceCount":0,"source":"csv"},"geometry":{"type":"Point","coordinates":[108.938958,28.98065]}},{"type":"Feature","properties":{"id":"st-568","name":"酉阳","province":"重庆","city":"酉阳土家族苗族自治县","tier":"local","sourceCount":0,"source":"csv"},"geometry":{"type":"Point","coordinates":[108.95779,28.81164]}},{"type":"Feature","properties":{"id":"st-569","name":"重庆北","province":"重庆","city":"渝北区","tier":"national-hub","sourceCount":105,"source":"csv"},"geometry":{"type":"Point","coordinates":[106.547216,29.610613]}},{"type":"Feature","properties":{"id":"st-570","name":"重庆","province":"重庆","city":"渝中区","tier":"national-hub","sourceCount":16,"source":"csv"},"geometry":{"type":"Point","coordinates":[106.543764,29.552726]}},{"type":"Feature","properties":{"id":"st-571","name":"长寿北","province":"重庆","city":"长寿区","tier":"regional-hub","sourceCount":2,"source":"csv"},"geometry":{"type":"Point","coordinates":[107.07091,29.882464]}},{"type":"Feature","properties":{"id":"st-572","name":"长寿","province":"重庆","city":"长寿区","tier":"local","sourceCount":0,"source":"csv"},"geometry":{"type":"Point","coordinates":[106.959329,29.793257]}},{"type":"Feature","properties":{"id":"st-573","name":"潮汕","province":"广东","city":"潮州","tier":"regional-hub","sourceCount":41,"source":"csv"},"geometry":{"type":"Point","coordinates":[116.583575,23.539379]}},{"type":"Feature","properties":{"id":"st-574","name":"潮州","province":"广东","city":"潮州","tier":"local","sourceCount":0,"source":"csv"},"geometry":{"type":"Point","coordinates":[116.579882,23.641098]}},{"type":"Feature","properties":{"id":"st-575","name":"饶平","province":"广东","city":"潮州","tier":"regional-hub","sourceCount":4,"source":"csv"},"geometry":{"type":"Point","coordinates":[116.928733,23.714379]}},{"type":"Feature","properties":{"id":"st-576","name":"常平","province":"广东","city":"东莞","tier":"local","sourceCount":0,"source":"csv"},"geometry":{"type":"Point","coordinates":[114.00127,22.985826]}},{"type":"Feature","properties":{"id":"st-577","name":"东莞东","province":"广东","city":"东莞","tier":"regional-hub","sourceCount":7,"source":"csv"},"geometry":{"type":"Point","coordinates":[114.033952,22.969893]}},{"type":"Feature","properties":{"id":"st-578","name":"虎门","province":"广东","city":"东莞","tier":"local","sourceCount":0,"source":"csv"},"geometry":{"type":"Point","coordinates":[113.668295,22.864348]}},{"type":"Feature","properties":{"id":"st-579","name":"东莞","province":"广东","city":"东莞","tier":"local","sourceCount":0,"source":"csv"},"geometry":{"type":"Point","coordinates":[113.853979,23.090335]}},{"type":"Feature","properties":{"id":"st-580","name":"樟木头","province":"广东","city":"东莞","tier":"local","sourceCount":0,"source":"csv"},"geometry":{"type":"Point","coordinates":[114.062222,22.904118]}},{"type":"Feature","properties":{"id":"st-581","name":"丰顺","province":"广东","city":"梅州","tier":"local","sourceCount":0,"source":"csv"},"geometry":{"type":"Point","coordinates":[116.186067,23.753183]}},{"type":"Feature","properties":{"id":"st-582","name":"顺德学院","province":"广东","city":"佛山","tier":"local","sourceCount":0,"source":"csv"},"geometry":{"type":"Point","coordinates":[113.314216,22.825507]}},{"type":"Feature","properties":{"id":"st-583","name":"顺德","province":"广东","city":"佛山","tier":"local","sourceCount":0,"source":"csv"},"geometry":{"type":"Point","coordinates":[113.271093,22.878452]}},{"type":"Feature","properties":{"id":"st-584","name":"高州","province":"广东","city":"茂名","tier":"local","sourceCount":0,"source":"csv"},"geometry":{"type":"Point","coordinates":[110.884539,21.898483]}},{"type":"Feature","properties":{"id":"st-585","name":"佛山","province":"广东","city":"佛山","tier":"local","sourceCount":0,"source":"csv"},"geometry":{"type":"Point","coordinates":[113.098416,23.049878]}},{"type":"Feature","properties":{"id":"st-586","name":"三水","province":"广东","city":"佛山","tier":"local","sourceCount":0,"source":"csv"},"geometry":{"type":"Point","coordinates":[112.882764,23.161973]}},{"type":"Feature","properties":{"id":"st-587","name":"碧江","province":"广东","city":"佛山","tier":"local","sourceCount":0,"source":"csv"},"geometry":{"type":"Point","coordinates":[113.257123,22.952555]}},{"type":"Feature","properties":{"id":"st-588","name":"北滘","province":"广东","city":"佛山","tier":"local","sourceCount":0,"source":"csv"},"geometry":{"type":"Point","coordinates":[113.25832,22.918195]}},{"type":"Feature","properties":{"id":"st-589","name":"容桂","province":"广东","city":"佛山","tier":"local","sourceCount":0,"source":"csv"},"geometry":{"type":"Point","coordinates":[113.304395,22.754728]}},{"type":"Feature","properties":{"id":"st-590","name":"光明城","province":"广东","city":"深圳","tier":"local","sourceCount":0,"source":"csv"},"geometry":{"type":"Point","coordinates":[113.949612,22.736195]}},{"type":"Feature","properties":{"id":"st-591","name":"广州南","province":"广东","city":"广州","tier":"national-hub","sourceCount":382,"source":"csv"},"geometry":{"type":"Point","coordinates":[113.264122,22.991459]}},{"type":"Feature","properties":{"id":"st-592","name":"广州北","province":"广东","city":"广州","tier":"national-hub","sourceCount":3,"source":"csv"},"geometry":{"type":"Point","coordinates":[113.199136,23.379599]}},{"type":"Feature","properties":{"id":"st-593","name":"广州","province":"广东","city":"广州","tier":"national-hub","sourceCount":108,"source":"csv"},"geometry":{"type":"Point","coordinates":[113.252242,23.151582]}},{"type":"Feature","properties":{"id":"st-594","name":"庆盛","province":"广东","city":"广州","tier":"local","sourceCount":0,"source":"csv"},"geometry":{"type":"Point","coordinates":[113.486103,22.868901]}},{"type":"Feature","properties":{"id":"st-595","name":"广州东","province":"广东","city":"广州","tier":"national-hub","sourceCount":127,"source":"csv"},"geometry":{"type":"Point","coordinates":[113.31917,23.152693]}},{"type":"Feature","properties":{"id":"st-596","name":"和平","province":"广东","city":"河源","tier":"local","sourceCount":0,"source":"csv"},"geometry":{"type":"Point","coordinates":[114.964084,24.460519]}},{"type":"Feature","properties":{"id":"st-597","name":"河源","province":"广东","city":"河源","tier":"local","sourceCount":3,"source":"csv"},"geometry":{"type":"Point","coordinates":[114.67854,23.762084]}},{"type":"Feature","properties":{"id":"st-598","name":"惠东","province":"广东","city":"惠州","tier":"regional-hub","sourceCount":0,"source":"csv"},"geometry":{"type":"Point","coordinates":[114.789929,22.846909]}},{"type":"Feature","properties":{"id":"st-599","name":"葵潭","province":"广东","city":"揭阳","tier":"local","sourceCount":0,"source":"csv"},"geometry":{"type":"Point","coordinates":[115.991827,23.067425]}},{"type":"Feature","properties":{"id":"st-600","name":"惠州西","province":"广东","city":"惠州","tier":"regional-hub","sourceCount":0,"source":"csv"},"geometry":{"type":"Point","coordinates":[114.35761,23.094354]}},{"type":"Feature","properties":{"id":"st-601","name":"惠州南","province":"广东","city":"惠州","tier":"regional-hub","sourceCount":2,"source":"csv"},"geometry":{"type":"Point","coordinates":[114.487596,22.787114]}},{"type":"Feature","properties":{"id":"st-602","name":"惠州","province":"广东","city":"惠州","tier":"regional-hub","sourceCount":4,"source":"csv"},"geometry":{"type":"Point","coordinates":[114.411621,23.154265]}},{"type":"Feature","properties":{"id":"st-603","name":"江门","province":"广东","city":"江门","tier":"local","sourceCount":0,"source":"csv"},"geometry":{"type":"Point","coordinates":[113.097804,22.563665]}},{"type":"Feature","properties":{"id":"st-604","name":"新会","province":"广东","city":"江门","tier":"regional-hub","sourceCount":15,"source":"csv"},"geometry":{"type":"Point","coordinates":[113.065717,22.52035]}},{"type":"Feature","properties":{"id":"st-605","name":"揭阳","province":"广东","city":"揭阳","tier":"local","sourceCount":0,"source":"csv"},"geometry":{"type":"Point","coordinates":[116.365121,23.572747]}},{"type":"Feature","properties":{"id":"st-606","name":"乐昌","province":"广东","city":"韶关","tier":"local","sourceCount":0,"source":"csv"},"geometry":{"type":"Point","coordinates":[113.351569,25.132015]}},{"type":"Feature","properties":{"id":"st-607","name":"坪石","province":"广东","city":"韶关","tier":"local","sourceCount":0,"source":"csv"},"geometry":{"type":"Point","coordinates":[113.0485,25.287196]}},{"type":"Feature","properties":{"id":"st-608","name":"雷州","province":"广东","city":"湛江","tier":"local","sourceCount":0,"source":"csv"},"geometry":{"type":"Point","coordinates":[110.041764,20.921502]}},{"type":"Feature","properties":{"id":"st-609","name":"龙川","province":"广东","city":"河源","tier":"local","sourceCount":0,"source":"csv"},"geometry":{"type":"Point","coordinates":[115.232621,24.11506]}},{"type":"Feature","properties":{"id":"st-610","name":"信宜","province":"广东","city":"茂名","tier":"regional-hub","sourceCount":11,"source":"csv"},"geometry":{"type":"Point","coordinates":[110.961314,22.333301]}},{"type":"Feature","properties":{"id":"st-611","name":"茂名东","province":"广东","city":"茂名","tier":"regional-hub","sourceCount":0,"source":"csv"},"geometry":{"type":"Point","coordinates":[110.923389,21.645998]}},{"type":"Feature","properties":{"id":"st-612","name":"梅州","province":"广东","city":"梅州","tier":"local","sourceCount":3,"source":"csv"},"geometry":{"type":"Point","coordinates":[116.126468,24.261733]}},{"type":"Feature","properties":{"id":"st-613","name":"大埔","province":"广东","city":"梅州","tier":"local","sourceCount":2,"source":"csv"},"geometry":{"type":"Point","coordinates":[116.5728,24.412592]}},{"type":"Feature","properties":{"id":"st-614","name":"华城","province":"广东","city":"梅州","tier":"local","sourceCount":0,"source":"csv"},"geometry":{"type":"Point","coordinates":[115.62027,24.073674]}},{"type":"Feature","properties":{"id":"st-615","name":"普宁","province":"广东","city":"揭阳","tier":"local","sourceCount":0,"source":"csv"},"geometry":{"type":"Point","coordinates":[116.194832,23.269274]}},{"type":"Feature","properties":{"id":"st-616","name":"源潭","province":"广东","city":"清远","tier":"local","sourceCount":0,"source":"csv"},"geometry":{"type":"Point","coordinates":[113.196672,23.665004]}},{"type":"Feature","properties":{"id":"st-617","name":"清远","province":"广东","city":"清远","tier":"local","sourceCount":0,"source":"csv"},"geometry":{"type":"Point","coordinates":[113.12901,23.696526]}},{"type":"Feature","properties":{"id":"st-618","name":"潮阳","province":"广东","city":"汕头","tier":"local","sourceCount":0,"source":"csv"},"geometry":{"type":"Point","coordinates":[116.417305,23.383736]}},{"type":"Feature","properties":{"id":"st-619","name":"汕头","province":"广东","city":"汕头","tier":"regional-hub","sourceCount":32,"source":"csv"},"geometry":{"type":"Point","coordinates":[116.750151,23.374581]}},{"type":"Feature","properties":{"id":"st-620","name":"汕尾","province":"广东","city":"汕尾","tier":"regional-hub","sourceCount":5,"source":"csv"},"geometry":{"type":"Point","coordinates":[115.423704,22.813301]}},{"type":"Feature","properties":{"id":"st-621","name":"韶关","province":"广东","city":"韶关","tier":"local","sourceCount":0,"source":"csv"},"geometry":{"type":"Point","coordinates":[113.508943,24.753418]}},{"type":"Feature","properties":{"id":"st-622","name":"韶关东","province":"广东","city":"韶关","tier":"regional-hub","sourceCount":0,"source":"csv"},"geometry":{"type":"Point","coordinates":[113.599162,24.797119]}},{"type":"Feature","properties":{"id":"st-623","name":"深圳东","province":"广东","city":"深圳","tier":"national-hub","sourceCount":26,"source":"csv"},"geometry":{"type":"Point","coordinates":[114.113686,22.603841]}},{"type":"Feature","properties":{"id":"st-624","name":"深圳坪山","province":"广东","city":"深圳","tier":"national-hub","sourceCount":13,"source":"csv"},"geometry":{"type":"Point","coordinates":[114.321406,22.710511]}},{"type":"Feature","properties":{"id":"st-625","name":"深圳北","province":"广东","city":"深圳","tier":"national-hub","sourceCount":219,"source":"csv"},"geometry":{"type":"Point","coordinates":[114.023922,22.611958]}},{"type":"Feature","properties":{"id":"st-626","name":"深圳","province":"广东","city":"深圳","tier":"national-hub","sourceCount":121,"source":"csv"},"geometry":{"type":"Point","coordinates":[114.112069,22.534299]}},{"type":"Feature","properties":{"id":"st-627","name":"深圳西","province":"广东","city":"深圳","tier":"national-hub","sourceCount":18,"source":"csv"},"geometry":{"type":"Point","coordinates":[113.902647,22.531105]}},{"type":"Feature","properties":{"id":"st-628","name":"兴宁","province":"广东","city":"梅州","tier":"local","sourceCount":0,"source":"csv"},"geometry":{"type":"Point","coordinates":[115.72395,24.105162]}},{"type":"Feature","properties":{"id":"st-629","name":"徐闻","province":"广东","city":"湛江","tier":"local","sourceCount":0,"source":"csv"},"geometry":{"type":"Point","coordinates":[110.141549,20.348473]}},{"type":"Feature","properties":{"id":"st-630","name":"阳春","province":"广东","city":"阳江","tier":"local","sourceCount":0,"source":"csv"},"geometry":{"type":"Point","coordinates":[111.756315,22.192776]}},{"type":"Feature","properties":{"id":"st-631","name":"英德","province":"广东","city":"清远","tier":"local","sourceCount":0,"source":"csv"},"geometry":{"type":"Point","coordinates":[113.433867,24.161715]}},{"type":"Feature","properties":{"id":"st-632","name":"英德西","province":"广东","city":"清远","tier":"regional-hub","sourceCount":0,"source":"csv"},"geometry":{"type":"Point","coordinates":[113.345093,24.162602]}},{"type":"Feature","properties":{"id":"st-633","name":"陆丰","province":"广东","city":"汕尾","tier":"local","sourceCount":0,"source":"csv"},"geometry":{"type":"Point","coordinates":[115.728464,22.950765]}},{"type":"Feature","properties":{"id":"st-634","name":"湛江西","province":"广东","city":"湛江","tier":"regional-hub","sourceCount":25,"source":"csv"},"geometry":{"type":"Point","coordinates":[110.276244,21.218425]}},{"type":"Feature","properties":{"id":"st-635","name":"肇庆","province":"广东","city":"肇庆","tier":"regional-hub","sourceCount":19,"source":"csv"},"geometry":{"type":"Point","coordinates":[112.442563,23.084038]}},{"type":"Feature","properties":{"id":"st-636","name":"古镇","province":"广东","city":"中山","tier":"local","sourceCount":0,"source":"csv"},"geometry":{"type":"Point","coordinates":[113.200815,22.600802]}},{"type":"Feature","properties":{"id":"st-637","name":"中山","province":"广东","city":"中山","tier":"local","sourceCount":0,"source":"csv"},"geometry":{"type":"Point","coordinates":[113.42776,22.546492]}},{"type":"Feature","properties":{"id":"st-638","name":"南朗","province":"广东","city":"中山","tier":"local","sourceCount":0,"source":"csv"},"geometry":{"type":"Point","coordinates":[113.528695,22.492684]}},{"type":"Feature","properties":{"id":"st-639","name":"南头","province":"广东","city":"深圳","tier":"local","sourceCount":0,"source":"csv"},"geometry":{"type":"Point","coordinates":[113.902647,22.531105]}},{"type":"Feature","properties":{"id":"st-640","name":"中山北","province":"广东","city":"中山","tier":"regional-hub","sourceCount":0,"source":"csv"},"geometry":{"type":"Point","coordinates":[113.377117,22.559978]}},{"type":"Feature","properties":{"id":"st-641","name":"东升","province":"广东","city":"中山","tier":"local","sourceCount":0,"source":"csv"},"geometry":{"type":"Point","coordinates":[113.279088,22.60757]}},{"type":"Feature","properties":{"id":"st-642","name":"小榄","province":"广东","city":"中山","tier":"local","sourceCount":0,"source":"csv"},"geometry":{"type":"Point","coordinates":[113.264653,22.650114]}},{"type":"Feature","properties":{"id":"st-643","name":"唐家湾","province":"广东","city":"珠海","tier":"local","sourceCount":0,"source":"csv"},"geometry":{"type":"Point","coordinates":[113.54633,22.365825]}},{"type":"Feature","properties":{"id":"st-644","name":"珠海","province":"广东","city":"珠海","tier":"regional-hub","sourceCount":80,"source":"csv"},"geometry":{"type":"Point","coordinates":[113.544287,22.218163]}},{"type":"Feature","properties":{"id":"st-645","name":"珠海北","province":"广东","city":"珠海","tier":"regional-hub","sourceCount":0,"source":"csv"},"geometry":{"type":"Point","coordinates":[113.546743,22.404127]}},{"type":"Feature","properties":{"id":"st-646","name":"明珠","province":"广东","city":"珠海","tier":"local","sourceCount":0,"source":"csv"},"geometry":{"type":"Point","coordinates":[113.509787,22.271626]}},{"type":"Feature","properties":{"id":"st-647","name":"前山","province":"广东","city":"珠海","tier":"local","sourceCount":0,"source":"csv"},"geometry":{"type":"Point","coordinates":[113.521051,22.237345]}},{"type":"Feature","properties":{"id":"st-648","name":"桃映","province":"贵州","city":"铜仁","tier":"local","sourceCount":0,"source":"csv"},"geometry":{"type":"Point","coordinates":[109.016866,27.863878]}},{"type":"Feature","properties":{"id":"st-649","name":"松桃","province":"贵州","city":"铜仁","tier":"local","sourceCount":0,"source":"csv"},"geometry":{"type":"Point","coordinates":[108.968518,28.080044]}},{"type":"Feature","properties":{"id":"st-650","name":"铜仁","province":"贵州","city":"铜仁","tier":"regional-hub","sourceCount":7,"source":"csv"},"geometry":{"type":"Point","coordinates":[109.200042,27.743538]}},{"type":"Feature","properties":{"id":"st-651","name":"美兰","province":"海南","city":"海口","tier":"local","sourceCount":0,"source":"csv"},"geometry":{"type":"Point","coordinates":[110.456958,19.943532]}},{"type":"Feature","properties":{"id":"st-652","name":"海口","province":"海南","city":"海口","tier":"regional-hub","sourceCount":12,"source":"csv"},"geometry":{"type":"Point","coordinates":[110.158159,20.029411]}},{"type":"Feature","properties":{"id":"st-653","name":"海口东","province":"海南","city":"海口","tier":"regional-hub","sourceCount":37,"source":"csv"},"geometry":{"type":"Point","coordinates":[110.338805,19.985634]}},{"type":"Feature","properties":{"id":"st-654","name":"陵水","province":"海南","city":"陵水黎族自治县","tier":"local","sourceCount":0,"source":"csv"},"geometry":{"type":"Point","coordinates":[110.028531,18.53784]}},{"type":"Feature","properties":{"id":"st-655","name":"琼海","province":"海南","city":"琼海","tier":"local","sourceCount":0,"source":"csv"},"geometry":{"type":"Point","coordinates":[110.486977,19.242111]}},{"type":"Feature","properties":{"id":"st-656","name":"博鳌","province":"海南","city":"琼海","tier":"local","sourceCount":0,"source":"csv"},"geometry":{"type":"Point","coordinates":[110.482231,19.1385]}},{"type":"Feature","properties":{"id":"st-657","name":"亚龙湾","province":"海南","city":"三亚","tier":"local","sourceCount":0,"source":"csv"},"geometry":{"type":"Point","coordinates":[109.598336,18.304451]}},{"type":"Feature","properties":{"id":"st-658","name":"三亚","province":"海南","city":"三亚","tier":"regional-hub","sourceCount":54,"source":"csv"},"geometry":{"type":"Point","coordinates":[109.488728,18.298039]}},{"type":"Feature","properties":{"id":"st-659","name":"神州","province":"海南","city":"万宁","tier":"local","sourceCount":0,"source":"csv"},"geometry":{"type":"Point","coordinates":[110.303711,18.726485]}},{"type":"Feature","properties":{"id":"st-660","name":"万宁","province":"海南","city":"万宁","tier":"local","sourceCount":0,"source":"csv"},"geometry":{"type":"Point","coordinates":[110.376885,18.809312]}},{"type":"Feature","properties":{"id":"st-661","name":"文昌","province":"海南","city":"文昌","tier":"local","sourceCount":0,"source":"csv"},"geometry":{"type":"Point","coordinates":[110.73316,19.608351]}},{"type":"Feature","properties":{"id":"st-662","name":"安化","province":"湖南","city":"益阳","tier":"local","sourceCount":0,"source":"csv"},"geometry":{"type":"Point","coordinates":[111.095099,28.037406]}},{"type":"Feature","properties":{"id":"st-663","name":"澧县","province":"湖南","city":"常德","tier":"local","sourceCount":1,"source":"csv"},"geometry":{"type":"Point","coordinates":[111.599038,29.822118]}},{"type":"Feature","properties":{"id":"st-664","name":"石门县北","province":"湖南","city":"常德","tier":"regional-hub","sourceCount":5,"source":"csv"},"geometry":{"type":"Point","coordinates":[111.428829,29.603133]}},{"type":"Feature","properties":{"id":"st-665","name":"常德","province":"湖南","city":"常德","tier":"regional-hub","sourceCount":5,"source":"csv"},"geometry":{"type":"Point","coordinates":[111.689446,29.074366]}},{"type":"Feature","properties":{"id":"st-666","name":"郴州","province":"湖南","city":"郴州","tier":"local","sourceCount":1,"source":"csv"},"geometry":{"type":"Point","coordinates":[113.027642,25.811128]}},{"type":"Feature","properties":{"id":"st-667","name":"郴州西","province":"湖南","city":"郴州","tier":"regional-hub","sourceCount":0,"source":"csv"},"geometry":{"type":"Point","coordinates":[112.96463,25.739141]}},{"type":"Feature","properties":{"id":"st-668","name":"辰溪","province":"湖南","city":"怀化","tier":"local","sourceCount":0,"source":"csv"},"geometry":{"type":"Point","coordinates":[110.250631,27.8821]}},{"type":"Feature","properties":{"id":"st-669","name":"衡山西","province":"湖南","city":"衡阳","tier":"regional-hub","sourceCount":0,"source":"csv"},"geometry":{"type":"Point","coordinates":[112.783731,27.251123]}},{"type":"Feature","properties":{"id":"st-670","name":"衡山","province":"湖南","city":"衡阳","tier":"local","sourceCount":0,"source":"csv"},"geometry":{"type":"Point","coordinates":[112.783731,27.251123]}},{"type":"Feature","properties":{"id":"st-671","name":"祁东","province":"湖南","city":"衡阳","tier":"regional-hub","sourceCount":0,"source":"csv"},"geometry":{"type":"Point","coordinates":[112.06007,26.76327]}},{"type":"Feature","properties":{"id":"st-672","name":"衡阳","province":"湖南","city":"衡阳","tier":"local","sourceCount":3,"source":"csv"},"geometry":{"type":"Point","coordinates":[112.625838,26.893414]}},{"type":"Feature","properties":{"id":"st-673","name":"衡阳东","province":"湖南","city":"衡阳","tier":"regional-hub","sourceCount":7,"source":"csv"},"geometry":{"type":"Point","coordinates":[112.704232,26.89989]}},{"type":"Feature","properties":{"id":"st-674","name":"怀化","province":"湖南","city":"怀化","tier":"regional-hub","sourceCount":11,"source":"csv"},"geometry":{"type":"Point","coordinates":[109.962743,27.560605]}},{"type":"Feature","properties":{"id":"st-675","name":"麻阳","province":"湖南","city":"怀化","tier":"local","sourceCount":0,"source":"csv"},"geometry":{"type":"Point","coordinates":[109.798732,27.859002]}},{"type":"Feature","properties":{"id":"st-676","name":"会同","province":"湖南","city":"怀化","tier":"local","sourceCount":0,"source":"csv"},"geometry":{"type":"Point","coordinates":[109.727632,26.885774]}},{"type":"Feature","properties":{"id":"st-677","name":"吉首","province":"湖南","city":"湘西土家族苗族自治州","tier":"local","sourceCount":0,"source":"csv"},"geometry":{"type":"Point","coordinates":[109.730367,28.327892]}},{"type":"Feature","properties":{"id":"st-678","name":"靖州","province":"湖南","city":"怀化","tier":"local","sourceCount":0,"source":"csv"},"geometry":{"type":"Point","coordinates":[109.683656,26.569926]}},{"type":"Feature","properties":{"id":"st-679","name":"耒阳西","province":"湖南","city":"衡阳","tier":"regional-hub","sourceCount":0,"source":"csv"},"geometry":{"type":"Point","coordinates":[112.782851,26.417771]}},{"type":"Feature","properties":{"id":"st-680","name":"耒阳","province":"湖南","city":"衡阳","tier":"local","sourceCount":0,"source":"csv"},"geometry":{"type":"Point","coordinates":[112.817396,26.407482]}},{"type":"Feature","properties":{"id":"st-681","name":"冷水江东","province":"湖南","city":"娄底","tier":"regional-hub","sourceCount":0,"source":"csv"},"geometry":{"type":"Point","coordinates":[111.488417,27.688198]}},{"type":"Feature","properties":{"id":"st-682","name":"涟源","province":"湖南","city":"娄底","tier":"local","sourceCount":0,"source":"csv"},"geometry":{"type":"Point","coordinates":[111.670233,27.688157]}},{"type":"Feature","properties":{"id":"st-683","name":"临湘","province":"湖南","city":"岳阳","tier":"local","sourceCount":0,"source":"csv"},"geometry":{"type":"Point","coordinates":[113.478177,29.477547]}},{"type":"Feature","properties":{"id":"st-684","name":"娄底","province":"湖南","city":"娄底","tier":"local","sourceCount":1,"source":"csv"},"geometry":{"type":"Point","coordinates":[112.000766,27.742841]}},{"type":"Feature","properties":{"id":"st-685","name":"锦和","province":"湖南","city":"怀化","tier":"local","sourceCount":0,"source":"csv"},"geometry":{"type":"Point","coordinates":[109.600736,27.724328]}},{"type":"Feature","properties":{"id":"st-686","name":"汨罗东","province":"湖南","city":"岳阳","tier":"regional-hub","sourceCount":0,"source":"csv"},"geometry":{"type":"Point","coordinates":[113.138353,28.748798]}},{"type":"Feature","properties":{"id":"st-687","name":"汨罗","province":"湖南","city":"岳阳","tier":"local","sourceCount":0,"source":"csv"},"geometry":{"type":"Point","coordinates":[113.069769,28.81672]}},{"type":"Feature","properties":{"id":"st-688","name":"祁阳","province":"湖南","city":"永州","tier":"local","sourceCount":0,"source":"csv"},"geometry":{"type":"Point","coordinates":[111.826518,26.612049]}},{"type":"Feature","properties":{"id":"st-689","name":"韶山","province":"湖南","city":"湘潭","tier":"local","sourceCount":0,"source":"csv"},"geometry":{"type":"Point","coordinates":[112.518588,27.928216]}},{"type":"Feature","properties":{"id":"st-690","name":"邵东","province":"湖南","city":"邵阳","tier":"regional-hub","sourceCount":0,"source":"csv"},"geometry":{"type":"Point","coordinates":[111.74467,27.274755]}},{"type":"Feature","properties":{"id":"st-691","name":"邵阳","province":"湖南","city":"邵阳","tier":"regional-hub","sourceCount":16,"source":"csv"},"geometry":{"type":"Point","coordinates":[111.455568,27.216658]}},{"type":"Feature","properties":{"id":"st-692","name":"石门县","province":"湖南","city":"邵阳","tier":"local","sourceCount":0,"source":"csv"},"geometry":{"type":"Point","coordinates":[111.362032,29.591332]}},{"type":"Feature","properties":{"id":"st-693","name":"通道","province":"湖南","city":"怀化","tier":"local","sourceCount":0,"source":"csv"},"geometry":{"type":"Point","coordinates":[109.627776,26.31953]}},{"type":"Feature","properties":{"id":"st-694","name":"塘豹","province":"湖南","city":"怀化","tier":"local","sourceCount":1,"source":"csv"},"geometry":{"type":"Point","coordinates":[109.617821,26.21048]}},{"type":"Feature","properties":{"id":"st-695","name":"湘潭","province":"湖南","city":"湘潭","tier":"regional-hub","sourceCount":47,"source":"csv"},"geometry":{"type":"Point","coordinates":[112.907681,27.878751]}},{"type":"Feature","properties":{"id":"st-696","name":"猛洞河","province":"湖南","city":"湘西土家族苗族自治州","tier":"local","sourceCount":0,"source":"csv"},"geometry":{"type":"Point","coordinates":[109.984277,28.695532]}},{"type":"Feature","properties":{"id":"st-697","name":"湘乡","province":"湖南","city":"湘潭","tier":"local","sourceCount":0,"source":"csv"},"geometry":{"type":"Point","coordinates":[112.524006,27.74804]}},{"type":"Feature","properties":{"id":"st-698","name":"新化","province":"湖南","city":"娄底","tier":"local","sourceCount":0,"source":"csv"},"geometry":{"type":"Point","coordinates":[111.299113,27.731262]}},{"type":"Feature","properties":{"id":"st-699","name":"新晃","province":"湖南","city":"怀化","tier":"local","sourceCount":1,"source":"csv"},"geometry":{"type":"Point","coordinates":[109.192231,27.351795]}},{"type":"Feature","properties":{"id":"st-700","name":"低庄","province":"湖南","city":"怀化","tier":"local","sourceCount":0,"source":"csv"},"geometry":{"type":"Point","coordinates":[110.710731,28.052639]}},{"type":"Feature","properties":{"id":"st-701","name":"溆浦","province":"湖南","city":"怀化","tier":"local","sourceCount":0,"source":"csv"},"geometry":{"type":"Point","coordinates":[110.573237,27.930051]}},{"type":"Feature","properties":{"id":"st-702","name":"益阳","province":"湖南","city":"益阳","tier":"local","sourceCount":2,"source":"csv"},"geometry":{"type":"Point","coordinates":[112.389426,28.499887]}},{"type":"Feature","properties":{"id":"st-703","name":"马田墟","province":"湖南","city":"益阳","tier":"local","sourceCount":0,"source":"csv"},"geometry":{"type":"Point","coordinates":[112.880387,26.105839]}},{"type":"Feature","properties":{"id":"st-704","name":"永州","province":"湖南","city":"永州","tier":"regional-hub","sourceCount":10,"source":"csv"},"geometry":{"type":"Point","coordinates":[111.565697,26.457695]}},{"type":"Feature","properties":{"id":"st-705","name":"路口铺","province":"湖南","city":"岳阳","tier":"local","sourceCount":0,"source":"csv"},"geometry":{"type":"Point","coordinates":[113.36,29.512452]}},{"type":"Feature","properties":{"id":"st-706","name":"岳阳东","province":"湖南","city":"岳阳","tier":"regional-hub","sourceCount":6,"source":"csv"},"geometry":{"type":"Point","coordinates":[113.202239,29.368933]}},{"type":"Feature","properties":{"id":"st-707","name":"岳阳","province":"湖南","city":"岳阳","tier":"regional-hub","sourceCount":4,"source":"csv"},"geometry":{"type":"Point","coordinates":[113.114104,29.378943]}},{"type":"Feature","properties":{"id":"st-708","name":"慈利","province":"湖南","city":"张家界","tier":"local","sourceCount":0,"source":"csv"},"geometry":{"type":"Point","coordinates":[111.113294,29.419568]}},{"type":"Feature","properties":{"id":"st-709","name":"张家界","province":"湖南","city":"张家界","tier":"regional-hub","sourceCount":12,"source":"csv"},"geometry":{"type":"Point","coordinates":[110.481632,29.107435]}},{"type":"Feature","properties":{"id":"st-710","name":"长沙","province":"湖南","city":"长沙","tier":"national-hub","sourceCount":72,"source":"csv"},"geometry":{"type":"Point","coordinates":[113.007342,28.197261]}},{"type":"Feature","properties":{"id":"st-711","name":"长沙南","province":"湖南","city":"长沙","tier":"national-hub","sourceCount":116,"source":"csv"},"geometry":{"type":"Point","coordinates":[113.059419,28.150177]}},{"type":"Feature","properties":{"id":"st-712","name":"泸阳","province":"湖南","city":"长沙","tier":"local","sourceCount":0,"source":"csv"},"geometry":{"type":"Point","coordinates":[110.08989,27.605202]}},{"type":"Feature","properties":{"id":"st-713","name":"株洲","province":"湖南","city":"株洲","tier":"local","sourceCount":0,"source":"csv"},"geometry":{"type":"Point","coordinates":[113.150937,27.838655]}},{"type":"Feature","properties":{"id":"st-714","name":"株洲西","province":"湖南","city":"株洲","tier":"regional-hub","sourceCount":0,"source":"csv"},"geometry":{"type":"Point","coordinates":[113.062796,27.794172]}},{"type":"Feature","properties":{"id":"st-715","name":"梅江","province":"重庆","city":"秀山县","tier":"local","sourceCount":1,"source":"csv"},"geometry":{"type":"Point","coordinates":[109.044955,28.265525]}},{"type":"Feature","properties":{"id":"st-716","name":"古里金","province":"黑龙江","city":"大兴安岭地区","tier":"local","sourceCount":0,"source":"csv"},"geometry":{"type":"Point","coordinates":[122.805651,47.849443]}},{"type":"Feature","properties":{"id":"st-717","name":"完工","province":"内蒙古自治区","city":"呼伦贝尔","tier":"local","sourceCount":0,"source":"csv"},"geometry":{"type":"Point","coordinates":[118.89071,49.184862]}},{"type":"Feature","properties":{"id":"st-718","name":"哈尔滨东","province":"黑龙江","city":"哈尔滨","tier":"national-hub","sourceCount":16,"source":"csv"},"geometry":{"type":"Point","coordinates":[126.704704,45.786416]}},{"type":"Feature","properties":{"id":"st-719","name":"换新天","province":"黑龙江","city":"佳木斯","tier":"local","sourceCount":0,"source":"csv"},"geometry":{"type":"Point","coordinates":[133.061863,47.365915]}},{"type":"Feature","properties":{"id":"st-720","name":"建三江","province":"黑龙江","city":"佳木斯","tier":"local","sourceCount":0,"source":"csv"},"geometry":{"type":"Point","coordinates":[132.63529,47.250855]}},{"type":"Feature","properties":{"id":"st-721","name":"安达","province":"黑龙江","city":"绥化","tier":"local","sourceCount":0,"source":"csv"},"geometry":{"type":"Point","coordinates":[125.315195,46.401109]}},{"type":"Feature","properties":{"id":"st-722","name":"羊草","province":"黑龙江","city":"绥化","tier":"local","sourceCount":0,"source":"csv"},"geometry":{"type":"Point","coordinates":[125.41835,46.332419]}},{"type":"Feature","properties":{"id":"st-723","name":"北安","province":"黑龙江","city":"黑河","tier":"regional-hub","sourceCount":5,"source":"csv"},"geometry":{"type":"Point","coordinates":[126.505719,48.233558]}},{"type":"Feature","properties":{"id":"st-724","name":"二井","province":"黑龙江","city":"黑河","tier":"local","sourceCount":0,"source":"csv"},"geometry":{"type":"Point","coordinates":[126.521477,48.354814]}},{"type":"Feature","properties":{"id":"st-725","name":"佛岭","province":"黑龙江","city":"七台河","tier":"local","sourceCount":0,"source":"csv"},"geometry":{"type":"Point","coordinates":[130.569228,45.62569]}},{"type":"Feature","properties":{"id":"st-726","name":"勃利","province":"黑龙江","city":"七台河","tier":"local","sourceCount":0,"source":"csv"},"geometry":{"type":"Point","coordinates":[130.552535,45.753942]}},{"type":"Feature","properties":{"id":"st-727","name":"互助","province":"黑龙江","city":"七台河","tier":"local","sourceCount":0,"source":"csv"},"geometry":{"type":"Point","coordinates":[130.676905,45.79469]}},{"type":"Feature","properties":{"id":"st-728","name":"通天屯","province":"黑龙江","city":"七台河","tier":"local","sourceCount":0,"source":"csv"},"geometry":{"type":"Point","coordinates":[130.539386,45.709805]}},{"type":"Feature","properties":{"id":"st-729","name":"八村","province":"黑龙江","city":"大庆","tier":"local","sourceCount":0,"source":"csv"},"geometry":{"type":"Point","coordinates":[124.728091,46.29627]}},{"type":"Feature","properties":{"id":"st-730","name":"林源","province":"黑龙江","city":"大庆","tier":"local","sourceCount":0,"source":"csv"},"geometry":{"type":"Point","coordinates":[124.757565,46.342713]}},{"type":"Feature","properties":{"id":"st-731","name":"向阳村","province":"黑龙江","city":"大庆","tier":"local","sourceCount":0,"source":"csv"},"geometry":{"type":"Point","coordinates":[124.5667,46.067904]}},{"type":"Feature","properties":{"id":"st-732","name":"新华屯","province":"黑龙江","city":"大庆","tier":"local","sourceCount":0,"source":"csv"},"geometry":{"type":"Point","coordinates":[124.625312,46.14632]}},{"type":"Feature","properties":{"id":"st-733","name":"立志","province":"黑龙江","city":"大庆","tier":"local","sourceCount":0,"source":"csv"},"geometry":{"type":"Point","coordinates":[124.564708,45.993323]}},{"type":"Feature","properties":{"id":"st-734","name":"兴无","province":"黑龙江","city":"大庆","tier":"local","sourceCount":0,"source":"csv"},"geometry":{"type":"Point","coordinates":[124.674461,46.209083]}},{"type":"Feature","properties":{"id":"st-735","name":"泰康","province":"黑龙江","city":"大庆","tier":"local","sourceCount":0,"source":"csv"},"geometry":{"type":"Point","coordinates":[124.441243,46.869072]}},{"type":"Feature","properties":{"id":"st-736","name":"烟筒屯","province":"黑龙江","city":"大庆","tier":"local","sourceCount":0,"source":"csv"},"geometry":{"type":"Point","coordinates":[124.161208,47.001207]}},{"type":"Feature","properties":{"id":"st-737","name":"高家","province":"黑龙江","city":"大庆","tier":"local","sourceCount":0,"source":"csv"},"geometry":{"type":"Point","coordinates":[124.548518,46.812523]}},{"type":"Feature","properties":{"id":"st-738","name":"银浪","province":"黑龙江","city":"大庆","tier":"local","sourceCount":0,"source":"csv"},"geometry":{"type":"Point","coordinates":[124.855363,46.495232]}},{"type":"Feature","properties":{"id":"st-739","name":"创业村","province":"黑龙江","city":"大庆","tier":"local","sourceCount":0,"source":"csv"},"geometry":{"type":"Point","coordinates":[124.793562,46.403428]}},{"type":"Feature","properties":{"id":"st-740","name":"卧里屯","province":"黑龙江","city":"大庆","tier":"local","sourceCount":0,"source":"csv"},"geometry":{"type":"Point","coordinates":[125.211431,46.468029]}},{"type":"Feature","properties":{"id":"st-741","name":"喇嘛甸","province":"黑龙江","city":"大庆","tier":"local","sourceCount":0,"source":"csv"},"geometry":{"type":"Point","coordinates":[124.773994,46.706125]}},{"type":"Feature","properties":{"id":"st-742","name":"壮志","province":"黑龙江","city":"大庆","tier":"local","sourceCount":0,"source":"csv"},"geometry":{"type":"Point","coordinates":[124.842817,46.639411]}},{"type":"Feature","properties":{"id":"st-743","name":"独立屯","province":"黑龙江","city":"大庆","tier":"local","sourceCount":0,"source":"csv"},"geometry":{"type":"Point","coordinates":[124.843388,46.570928]}},{"type":"Feature","properties":{"id":"st-744","name":"大庆西","province":"黑龙江","city":"大庆","tier":"regional-hub","sourceCount":4,"source":"csv"},"geometry":{"type":"Point","coordinates":[124.879554,46.655044]}},{"type":"Feature","properties":{"id":"st-745","name":"大庆","province":"黑龙江","city":"大庆","tier":"local","sourceCount":0,"source":"csv"},"geometry":{"type":"Point","coordinates":[125.005451,46.596349]}},{"type":"Feature","properties":{"id":"st-746","name":"韩家园","province":"黑龙江","city":"大兴安岭地区","tier":"local","sourceCount":0,"source":"csv"},"geometry":{"type":"Point","coordinates":[125.735963,52.067537]}},{"type":"Feature","properties":{"id":"st-747","name":"碧水","province":"黑龙江","city":"大兴安岭地区","tier":"local","sourceCount":0,"source":"csv"},"geometry":{"type":"Point","coordinates":[123.658702,52.116658]}},{"type":"Feature","properties":{"id":"st-748","name":"呼源","province":"黑龙江","city":"大兴安岭地区","tier":"local","sourceCount":0,"source":"csv"},"geometry":{"type":"Point","coordinates":[123.570511,51.731976]}},{"type":"Feature","properties":{"id":"st-749","name":"呼中","province":"黑龙江","city":"大兴安岭地区","tier":"local","sourceCount":0,"source":"csv"},"geometry":{"type":"Point","coordinates":[123.599246,52.034873]}},{"type":"Feature","properties":{"id":"st-750","name":"加格达奇","province":"内蒙古自治区","city":"呼伦贝尔","tier":"regional-hub","sourceCount":9,"source":"csv"},"geometry":{"type":"Point","coordinates":[124.118614,50.418861]}},{"type":"Feature","properties":{"id":"st-751","name":"加南","province":"内蒙古自治区","city":"呼伦贝尔","tier":"regional-hub","sourceCount":0,"source":"csv"},"geometry":{"type":"Point","coordinates":[124.154858,50.323752]}},{"type":"Feature","properties":{"id":"st-752","name":"松树林","province":"内蒙古自治区","city":"呼伦贝尔","tier":"local","sourceCount":0,"source":"csv"},"geometry":{"type":"Point","coordinates":[124.239235,50.527453]}},{"type":"Feature","properties":{"id":"st-753","name":"白桦排","province":"内蒙古自治区","city":"呼伦贝尔","tier":"local","sourceCount":0,"source":"csv"},"geometry":{"type":"Point","coordinates":[124.19108,50.23558]}},{"type":"Feature","properties":{"id":"st-754","name":"翠峰","province":"内蒙古自治区","city":"呼伦贝尔","tier":"local","sourceCount":0,"source":"csv"},"geometry":{"type":"Point","coordinates":[124.280881,50.615064]}},{"type":"Feature","properties":{"id":"st-755","name":"漠河","province":"黑龙江","city":"大兴安岭地区","tier":"local","sourceCount":2,"source":"csv"},"geometry":{"type":"Point","coordinates":[122.504609,52.988379]}},{"type":"Feature","properties":{"id":"st-756","name":"古莲","province":"黑龙江","city":"大兴安岭地区","tier":"local","sourceCount":1,"source":"csv"},"geometry":{"type":"Point","coordinates":[122.371608,52.958966]}},{"type":"Feature","properties":{"id":"st-757","name":"阿木尔","province":"黑龙江","city":"大兴安岭地区","tier":"local","sourceCount":0,"source":"csv"},"geometry":{"type":"Point","coordinates":[123.154801,52.859923]}},{"type":"Feature","properties":{"id":"st-758","name":"长缨","province":"黑龙江","city":"大兴安岭地区","tier":"local","sourceCount":0,"source":"csv"},"geometry":{"type":"Point","coordinates":[123.321173,52.865651]}},{"type":"Feature","properties":{"id":"st-759","name":"图强","province":"黑龙江","city":"大兴安岭地区","tier":"local","sourceCount":0,"source":"csv"},"geometry":{"type":"Point","coordinates":[122.791042,52.936177]}},{"type":"Feature","properties":{"id":"st-760","name":"大扬气","province":"内蒙古自治区","city":"呼伦贝尔","tier":"local","sourceCount":0,"source":"csv"},"geometry":{"type":"Point","coordinates":[124.192916,51.003627]}},{"type":"Feature","properties":{"id":"st-761","name":"古源","province":"内蒙古自治区","city":"呼伦贝尔","tier":"local","sourceCount":0,"source":"csv"},"geometry":{"type":"Point","coordinates":[124.312786,50.929653]}},{"type":"Feature","properties":{"id":"st-762","name":"劲松","province":"内蒙古自治区","city":"呼伦贝尔","tier":"local","sourceCount":0,"source":"csv"},"geometry":{"type":"Point","coordinates":[124.181788,51.065492]}},{"type":"Feature","properties":{"id":"st-763","name":"小扬气","province":"内蒙古自治区","city":"呼伦贝尔","tier":"local","sourceCount":0,"source":"csv"},"geometry":{"type":"Point","coordinates":[124.280433,50.793852]}},{"type":"Feature","properties":{"id":"st-764","name":"新天","province":"内蒙古自治区","city":"呼伦贝尔","tier":"local","sourceCount":0,"source":"csv"},"geometry":{"type":"Point","coordinates":[124.23098,51.291495]}},{"type":"Feature","properties":{"id":"st-765","name":"塔河","province":"黑龙江","city":"大兴安岭地区","tier":"local","sourceCount":3,"source":"csv"},"geometry":{"type":"Point","coordinates":[124.698432,52.337876]}},{"type":"Feature","properties":{"id":"st-766","name":"蒙克山","province":"黑龙江","city":"大兴安岭地区","tier":"local","sourceCount":0,"source":"csv"},"geometry":{"type":"Point","coordinates":[124.208914,52.644926]}},{"type":"Feature","properties":{"id":"st-767","name":"聂河","province":"黑龙江","city":"大兴安岭地区","tier":"local","sourceCount":0,"source":"csv"},"geometry":{"type":"Point","coordinates":[123.559853,52.758615]}},{"type":"Feature","properties":{"id":"st-768","name":"盘古","province":"黑龙江","city":"大兴安岭地区","tier":"local","sourceCount":0,"source":"csv"},"geometry":{"type":"Point","coordinates":[123.871078,52.703001]}},{"type":"Feature","properties":{"id":"st-769","name":"瓦拉干","province":"黑龙江","city":"大兴安岭地区","tier":"local","sourceCount":0,"source":"csv"},"geometry":{"type":"Point","coordinates":[124.539246,52.58836]}},{"type":"Feature","properties":{"id":"st-770","name":"绣峰","province":"黑龙江","city":"大兴安岭地区","tier":"local","sourceCount":0,"source":"csv"},"geometry":{"type":"Point","coordinates":[124.600024,52.492616]}},{"type":"Feature","properties":{"id":"st-771","name":"育英","province":"黑龙江","city":"大兴安岭地区","tier":"local","sourceCount":0,"source":"csv"},"geometry":{"type":"Point","coordinates":[122.616767,52.961895]}},{"type":"Feature","properties":{"id":"st-772","name":"碧州","province":"黑龙江","city":"大兴安岭地区","tier":"local","sourceCount":0,"source":"csv"},"geometry":{"type":"Point","coordinates":[124.607042,51.948313]}},{"type":"Feature","properties":{"id":"st-773","name":"翠岗","province":"黑龙江","city":"大兴安岭地区","tier":"local","sourceCount":0,"source":"csv"},"geometry":{"type":"Point","coordinates":[124.687346,52.042243]}},{"type":"Feature","properties":{"id":"st-774","name":"大乌苏","province":"黑龙江","city":"大兴安岭地区","tier":"local","sourceCount":0,"source":"csv"},"geometry":{"type":"Point","coordinates":[124.528401,51.789629]}},{"type":"Feature","properties":{"id":"st-775","name":"宏图","province":"黑龙江","city":"大兴安岭地区","tier":"local","sourceCount":0,"source":"csv"},"geometry":{"type":"Point","coordinates":[124.151685,51.60883]}},{"type":"Feature","properties":{"id":"st-776","name":"塔尔根","province":"黑龙江","city":"大兴安岭地区","tier":"local","sourceCount":0,"source":"csv"},"geometry":{"type":"Point","coordinates":[124.715345,52.240736]}},{"type":"Feature","properties":{"id":"st-777","name":"塔源","province":"黑龙江","city":"大兴安岭地区","tier":"local","sourceCount":0,"source":"csv"},"geometry":{"type":"Point","coordinates":[124.28239,51.449863]}},{"type":"Feature","properties":{"id":"st-778","name":"太阳沟","province":"黑龙江","city":"大兴安岭地区","tier":"local","sourceCount":0,"source":"csv"},"geometry":{"type":"Point","coordinates":[124.316901,51.32478]}},{"type":"Feature","properties":{"id":"st-779","name":"林海","province":"黑龙江","city":"大兴安岭地区","tier":"local","sourceCount":0,"source":"csv"},"geometry":{"type":"Point","coordinates":[124.350915,51.577631]}},{"type":"Feature","properties":{"id":"st-780","name":"新林","province":"黑龙江","city":"大兴安岭地区","tier":"local","sourceCount":0,"source":"csv"},"geometry":{"type":"Point","coordinates":[124.404037,51.679078]}},{"type":"Feature","properties":{"id":"st-781","name":"东方红","province":"黑龙江","city":"鸡西","tier":"regional-hub","sourceCount":4,"source":"csv"},"geometry":{"type":"Point","coordinates":[133.082876,46.204336]}},{"type":"Feature","properties":{"id":"st-782","name":"绥阳","province":"黑龙江","city":"牡丹江","tier":"local","sourceCount":0,"source":"csv"},"geometry":{"type":"Point","coordinates":[130.88735,44.420127]}},{"type":"Feature","properties":{"id":"st-783","name":"绥西","province":"黑龙江","city":"牡丹江","tier":"regional-hub","sourceCount":0,"source":"csv"},"geometry":{"type":"Point","coordinates":[130.821074,44.438899]}},{"type":"Feature","properties":{"id":"st-784","name":"太岭","province":"黑龙江","city":"牡丹江","tier":"local","sourceCount":0,"source":"csv"},"geometry":{"type":"Point","coordinates":[130.671104,44.557448]}},{"type":"Feature","properties":{"id":"st-785","name":"东二道河","province":"黑龙江","city":"佳木斯","tier":"local","sourceCount":0,"source":"csv"},"geometry":{"type":"Point","coordinates":[134.114654,47.684191]}},{"type":"Feature","properties":{"id":"st-786","name":"抚远","province":"黑龙江","city":"佳木斯","tier":"local","sourceCount":3,"source":"csv"},"geometry":{"type":"Point","coordinates":[134.394237,48.343462]}},{"type":"Feature","properties":{"id":"st-787","name":"寒葱沟","province":"黑龙江","city":"佳木斯","tier":"local","sourceCount":0,"source":"csv"},"geometry":{"type":"Point","coordinates":[134.149798,47.969252]}},{"type":"Feature","properties":{"id":"st-788","name":"洪河","province":"黑龙江","city":"佳木斯","tier":"local","sourceCount":0,"source":"csv"},"geometry":{"type":"Point","coordinates":[133.513849,47.579342]}},{"type":"Feature","properties":{"id":"st-789","name":"前锋","province":"黑龙江","city":"佳木斯","tier":"local","sourceCount":0,"source":"csv"},"geometry":{"type":"Point","coordinates":[133.881459,47.600038]}},{"type":"Feature","properties":{"id":"st-790","name":"双龙山","province":"黑龙江","city":"佳木斯","tier":"local","sourceCount":0,"source":"csv"},"geometry":{"type":"Point","coordinates":[132.490456,47.307229]}},{"type":"Feature","properties":{"id":"st-791","name":"二道岗","province":"黑龙江","city":"佳木斯","tier":"local","sourceCount":0,"source":"csv"},"geometry":{"type":"Point","coordinates":[131.858261,47.090549]}},{"type":"Feature","properties":{"id":"st-792","name":"富锦","province":"黑龙江","city":"佳木斯","tier":"local","sourceCount":0,"source":"csv"},"geometry":{"type":"Point","coordinates":[132.039058,47.235217]}},{"type":"Feature","properties":{"id":"st-793","name":"向阳川","province":"黑龙江","city":"佳木斯","tier":"local","sourceCount":0,"source":"csv"},"geometry":{"type":"Point","coordinates":[132.329432,47.305639]}},{"type":"Feature","properties":{"id":"st-794","name":"富海","province":"黑龙江","city":"齐齐哈尔","tier":"local","sourceCount":0,"source":"csv"},"geometry":{"type":"Point","coordinates":[124.842556,47.865154]}},{"type":"Feature","properties":{"id":"st-795","name":"冯屯","province":"黑龙江","city":"齐齐哈尔","tier":"local","sourceCount":0,"source":"csv"},"geometry":{"type":"Point","coordinates":[124.124387,47.46292]}},{"type":"Feature","properties":{"id":"st-796","name":"塔哈","province":"黑龙江","city":"齐齐哈尔","tier":"local","sourceCount":0,"source":"csv"},"geometry":{"type":"Point","coordinates":[124.231338,47.556098]}},{"type":"Feature","properties":{"id":"st-797","name":"二道湾","province":"黑龙江","city":"齐齐哈尔","tier":"local","sourceCount":0,"source":"csv"},"geometry":{"type":"Point","coordinates":[124.539671,47.959198]}},{"type":"Feature","properties":{"id":"st-798","name":"哈川","province":"黑龙江","city":"齐齐哈尔","tier":"local","sourceCount":0,"source":"csv"},"geometry":{"type":"Point","coordinates":[124.428994,47.733517]}},{"type":"Feature","properties":{"id":"st-799","name":"群力","province":"黑龙江","city":"齐齐哈尔","tier":"local","sourceCount":0,"source":"csv"},"geometry":{"type":"Point","coordinates":[124.30701,47.616302]}},{"type":"Feature","properties":{"id":"st-800","name":"小榆树","province":"黑龙江","city":"齐齐哈尔","tier":"local","sourceCount":0,"source":"csv"},"geometry":{"type":"Point","coordinates":[124.463139,47.865245]}},{"type":"Feature","properties":{"id":"st-801","name":"中和","province":"黑龙江","city":"齐齐哈尔","tier":"local","sourceCount":0,"source":"csv"},"geometry":{"type":"Point","coordinates":[124.375343,47.677632]}},{"type":"Feature","properties":{"id":"st-802","name":"富裕","province":"黑龙江","city":"齐齐哈尔","tier":"local","sourceCount":0,"source":"csv"},"geometry":{"type":"Point","coordinates":[124.45369,47.79512]}},{"type":"Feature","properties":{"id":"st-803","name":"阿城","province":"黑龙江","city":"哈尔滨","tier":"local","sourceCount":0,"source":"csv"},"geometry":{"type":"Point","coordinates":[126.989812,45.548774]}},{"type":"Feature","properties":{"id":"st-804","name":"平山","province":"黑龙江","city":"哈尔滨","tier":"local","sourceCount":0,"source":"csv"},"geometry":{"type":"Point","coordinates":[127.397878,45.320031]}},{"type":"Feature","properties":{"id":"st-805","name":"小岭","province":"黑龙江","city":"哈尔滨","tier":"local","sourceCount":0,"source":"csv"},"geometry":{"type":"Point","coordinates":[127.315724,45.331043]}},{"type":"Feature","properties":{"id":"st-806","name":"亚沟","province":"黑龙江","city":"哈尔滨","tier":"local","sourceCount":0,"source":"csv"},"geometry":{"type":"Point","coordinates":[127.069262,45.479846]}},{"type":"Feature","properties":{"id":"st-807","name":"玉泉","province":"黑龙江","city":"哈尔滨","tier":"local","sourceCount":0,"source":"csv"},"geometry":{"type":"Point","coordinates":[127.15564,45.414354]}},{"type":"Feature","properties":{"id":"st-808","name":"滨江","province":"黑龙江","city":"哈尔滨","tier":"local","sourceCount":0,"source":"csv"},"geometry":{"type":"Point","coordinates":[126.650096,45.773899]}},{"type":"Feature","properties":{"id":"st-809","name":"呼兰","province":"黑龙江","city":"哈尔滨","tier":"local","sourceCount":0,"source":"csv"},"geometry":{"type":"Point","coordinates":[126.640287,45.996492]}},{"type":"Feature","properties":{"id":"st-810","name":"白奎堡","province":"黑龙江","city":"哈尔滨","tier":"local","sourceCount":0,"source":"csv"},"geometry":{"type":"Point","coordinates":[126.997782,46.369016]}},{"type":"Feature","properties":{"id":"st-811","name":"康金井","province":"黑龙江","city":"哈尔滨","tier":"local","sourceCount":0,"source":"csv"},"geometry":{"type":"Point","coordinates":[126.810718,46.194809]}},{"type":"Feature","properties":{"id":"st-812","name":"徐家","province":"黑龙江","city":"哈尔滨","tier":"local","sourceCount":0,"source":"csv"},"geometry":{"type":"Point","coordinates":[126.637409,45.907847]}},{"type":"Feature","properties":{"id":"st-813","name":"沈家","province":"黑龙江","city":"哈尔滨","tier":"local","sourceCount":0,"source":"csv"},"geometry":{"type":"Point","coordinates":[126.764655,46.094774]}},{"type":"Feature","properties":{"id":"st-814","name":"石人城","province":"黑龙江","city":"哈尔滨","tier":"local","sourceCount":0,"source":"csv"},"geometry":{"type":"Point","coordinates":[126.890143,46.297431]}},{"type":"Feature","properties":{"id":"st-815","name":"哈尔滨西","province":"黑龙江","city":"哈尔滨","tier":"national-hub","sourceCount":78,"source":"csv"},"geometry":{"type":"Point","coordinates":[126.572002,45.704964]}},{"type":"Feature","properties":{"id":"st-816","name":"哈尔滨","province":"黑龙江","city":"哈尔滨","tier":"national-hub","sourceCount":57,"source":"csv"},"geometry":{"type":"Point","coordinates":[126.626363,45.759174]}},{"type":"Feature","properties":{"id":"st-817","name":"平房","province":"黑龙江","city":"哈尔滨","tier":"local","sourceCount":0,"source":"csv"},"geometry":{"type":"Point","coordinates":[126.669366,45.583611]}},{"type":"Feature","properties":{"id":"st-818","name":"对青山","province":"黑龙江","city":"哈尔滨","tier":"local","sourceCount":0,"source":"csv"},"geometry":{"type":"Point","coordinates":[126.338878,45.9288]}},{"type":"Feature","properties":{"id":"st-819","name":"万乐","province":"黑龙江","city":"哈尔滨","tier":"local","sourceCount":0,"source":"csv"},"geometry":{"type":"Point","coordinates":[126.458569,45.882929]}},{"type":"Feature","properties":{"id":"st-820","name":"庙台子","province":"黑龙江","city":"哈尔滨","tier":"local","sourceCount":0,"source":"csv"},"geometry":{"type":"Point","coordinates":[126.562078,45.828452]}},{"type":"Feature","properties":{"id":"st-821","name":"新松浦","province":"黑龙江","city":"哈尔滨","tier":"local","sourceCount":0,"source":"csv"},"geometry":{"type":"Point","coordinates":[126.65941,45.83937]}},{"type":"Feature","properties":{"id":"st-822","name":"孙家","province":"黑龙江","city":"哈尔滨","tier":"local","sourceCount":0,"source":"csv"},"geometry":{"type":"Point","coordinates":[126.67695,45.6935]}},{"type":"Feature","properties":{"id":"st-823","name":"王岗","province":"黑龙江","city":"哈尔滨","tier":"local","sourceCount":0,"source":"csv"},"geometry":{"type":"Point","coordinates":[126.538775,45.668464]}},{"type":"Feature","properties":{"id":"st-824","name":"新香坊","province":"黑龙江","city":"哈尔滨","tier":"local","sourceCount":0,"source":"csv"},"geometry":{"type":"Point","coordinates":[126.761673,45.709914]}},{"type":"Feature","properties":{"id":"st-825","name":"东门","province":"黑龙江","city":"哈尔滨","tier":"local","sourceCount":0,"source":"csv"},"geometry":{"type":"Point","coordinates":[126.710013,45.738194]}},{"type":"Feature","properties":{"id":"st-826","name":"香坊","province":"黑龙江","city":"哈尔滨","tier":"regional-hub","sourceCount":7,"source":"csv"},"geometry":{"type":"Point","coordinates":[126.673349,45.719325]}},{"type":"Feature","properties":{"id":"st-827","name":"王兆屯","province":"黑龙江","city":"哈尔滨","tier":"local","sourceCount":0,"source":"csv"},"geometry":{"type":"Point","coordinates":[126.651059,45.734092]}},{"type":"Feature","properties":{"id":"st-828","name":"成高子","province":"黑龙江","city":"哈尔滨","tier":"local","sourceCount":0,"source":"csv"},"geometry":{"type":"Point","coordinates":[126.830566,45.697889]}},{"type":"Feature","properties":{"id":"st-829","name":"长汀镇","province":"黑龙江","city":"牡丹江","tier":"local","sourceCount":2,"source":"csv"},"geometry":{"type":"Point","coordinates":[128.928397,44.46509]}},{"type":"Feature","properties":{"id":"st-830","name":"柴河","province":"黑龙江","city":"牡丹江","tier":"local","sourceCount":0,"source":"csv"},"geometry":{"type":"Point","coordinates":[129.67973,44.765294]}},{"type":"Feature","properties":{"id":"st-831","name":"海林","province":"黑龙江","city":"牡丹江","tier":"local","sourceCount":0,"source":"csv"},"geometry":{"type":"Point","coordinates":[129.380624,44.56508]}},{"type":"Feature","properties":{"id":"st-832","name":"敖头","province":"黑龙江","city":"牡丹江","tier":"local","sourceCount":0,"source":"csv"},"geometry":{"type":"Point","coordinates":[129.261547,44.530133]}},{"type":"Feature","properties":{"id":"st-833","name":"横道河子","province":"黑龙江","city":"牡丹江","tier":"local","sourceCount":0,"source":"csv"},"geometry":{"type":"Point","coordinates":[129.06775,44.811946]}},{"type":"Feature","properties":{"id":"st-834","name":"拉古","province":"黑龙江","city":"牡丹江","tier":"local","sourceCount":0,"source":"csv"},"geometry":{"type":"Point","coordinates":[129.49064,44.563181]}},{"type":"Feature","properties":{"id":"st-835","name":"治山","province":"黑龙江","city":"牡丹江","tier":"local","sourceCount":0,"source":"csv"},"geometry":{"type":"Point","coordinates":[128.982043,44.8525]}},{"type":"Feature","properties":{"id":"st-836","name":"山市","province":"黑龙江","city":"牡丹江","tier":"local","sourceCount":0,"source":"csv"},"geometry":{"type":"Point","coordinates":[129.094438,44.576769]}},{"type":"Feature","properties":{"id":"st-837","name":"青岭子","province":"黑龙江","city":"牡丹江","tier":"local","sourceCount":0,"source":"csv"},"geometry":{"type":"Point","coordinates":[129.061508,44.637145]}},{"type":"Feature","properties":{"id":"st-838","name":"宝泉岭","province":"黑龙江","city":"鹤岗","tier":"local","sourceCount":0,"source":"csv"},"geometry":{"type":"Point","coordinates":[130.52121,47.433773]}},{"type":"Feature","properties":{"id":"st-839","name":"鹤北","province":"黑龙江","city":"鹤岗","tier":"regional-hub","sourceCount":2,"source":"csv"},"geometry":{"type":"Point","coordinates":[130.462907,47.539553]}},{"type":"Feature","properties":{"id":"st-840","name":"鹤岗","province":"黑龙江","city":"鹤岗","tier":"regional-hub","sourceCount":9,"source":"csv"},"geometry":{"type":"Point","coordinates":[130.276481,47.337805]}},{"type":"Feature","properties":{"id":"st-841","name":"峻德","province":"黑龙江","city":"鹤岗","tier":"local","sourceCount":0,"source":"csv"},"geometry":{"type":"Point","coordinates":[130.28502,47.194312]}},{"type":"Feature","properties":{"id":"st-842","name":"新华","province":"黑龙江","city":"鹤岗","tier":"local","sourceCount":0,"source":"csv"},"geometry":{"type":"Point","coordinates":[130.297583,47.11526]}},{"type":"Feature","properties":{"id":"st-843","name":"黑河","province":"黑龙江","city":"黑河","tier":"regional-hub","sourceCount":5,"source":"csv"},"geometry":{"type":"Point","coordinates":[127.493004,50.231619]}},{"type":"Feature","properties":{"id":"st-844","name":"通北","province":"黑龙江","city":"黑河","tier":"regional-hub","sourceCount":0,"source":"csv"},"geometry":{"type":"Point","coordinates":[126.754765,47.765861]}},{"type":"Feature","properties":{"id":"st-845","name":"杨家","province":"黑龙江","city":"黑河","tier":"local","sourceCount":0,"source":"csv"},"geometry":{"type":"Point","coordinates":[126.73463,47.835562]}},{"type":"Feature","properties":{"id":"st-846","name":"赵光","province":"黑龙江","city":"黑河","tier":"local","sourceCount":0,"source":"csv"},"geometry":{"type":"Point","coordinates":[126.731796,48.066793]}},{"type":"Feature","properties":{"id":"st-847","name":"西岗子","province":"黑龙江","city":"黑河","tier":"local","sourceCount":0,"source":"csv"},"geometry":{"type":"Point","coordinates":[127.340983,49.901272]}},{"type":"Feature","properties":{"id":"st-848","name":"李家","province":"黑龙江","city":"黑河","tier":"local","sourceCount":0,"source":"csv"},"geometry":{"type":"Point","coordinates":[126.750286,47.938058]}},{"type":"Feature","properties":{"id":"st-849","name":"潮水","province":"黑龙江","city":"黑河","tier":"local","sourceCount":0,"source":"csv"},"geometry":{"type":"Point","coordinates":[127.362496,49.736762]}},{"type":"Feature","properties":{"id":"st-850","name":"锦河","province":"黑龙江","city":"黑河","tier":"local","sourceCount":0,"source":"csv"},"geometry":{"type":"Point","coordinates":[127.406542,50.13517]}},{"type":"Feature","properties":{"id":"st-851","name":"龙门河","province":"黑龙江","city":"黑河","tier":"local","sourceCount":0,"source":"csv"},"geometry":{"type":"Point","coordinates":[126.864084,48.892936]}},{"type":"Feature","properties":{"id":"st-852","name":"辰清","province":"黑龙江","city":"黑河","tier":"local","sourceCount":0,"source":"csv"},"geometry":{"type":"Point","coordinates":[127.241846,49.133659]}},{"type":"Feature","properties":{"id":"st-853","name":"孙吴","province":"黑龙江","city":"黑河","tier":"local","sourceCount":0,"source":"csv"},"geometry":{"type":"Point","coordinates":[127.316127,49.424202]}},{"type":"Feature","properties":{"id":"st-854","name":"二龙山屯","province":"黑龙江","city":"黑河","tier":"local","sourceCount":0,"source":"csv"},"geometry":{"type":"Point","coordinates":[126.641563,48.493877]}},{"type":"Feature","properties":{"id":"st-855","name":"五大连池","province":"黑龙江","city":"黑河","tier":"national-hub","sourceCount":0,"source":"csv"},"geometry":{"type":"Point","coordinates":[126.612094,48.627439]}},{"type":"Feature","properties":{"id":"st-856","name":"龙镇","province":"黑龙江","city":"黑河","tier":"local","sourceCount":1,"source":"csv"},"geometry":{"type":"Point","coordinates":[126.710735,48.68427]}},{"type":"Feature","properties":{"id":"st-857","name":"襄河","province":"黑龙江","city":"黑河","tier":"local","sourceCount":0,"source":"csv"},"geometry":{"type":"Point","coordinates":[126.848858,48.800577]}},{"type":"Feature","properties":{"id":"st-858","name":"宝东","province":"黑龙江","city":"黑河","tier":"regional-hub","sourceCount":0,"source":"csv"},"geometry":{"type":"Point","coordinates":[132.793728,45.741405]}},{"type":"Feature","properties":{"id":"st-859","name":"卫星","province":"黑龙江","city":"鸡西","tier":"local","sourceCount":0,"source":"csv"},"geometry":{"type":"Point","coordinates":[132.485839,45.720953]}},{"type":"Feature","properties":{"id":"st-860","name":"虎林","province":"黑龙江","city":"鸡西","tier":"local","sourceCount":3,"source":"csv"},"geometry":{"type":"Point","coordinates":[132.970044,45.762848]}},{"type":"Feature","properties":{"id":"st-861","name":"凯北","province":"黑龙江","city":"鸡西","tier":"regional-hub","sourceCount":0,"source":"csv"},"geometry":{"type":"Point","coordinates":[132.408621,45.721181]}},{"type":"Feature","properties":{"id":"st-862","name":"杨岗","province":"黑龙江","city":"鸡西","tier":"local","sourceCount":0,"source":"csv"},"geometry":{"type":"Point","coordinates":[132.281483,45.714517]}},{"type":"Feature","properties":{"id":"st-863","name":"迎春","province":"黑龙江","city":"鸡西","tier":"local","sourceCount":0,"source":"csv"},"geometry":{"type":"Point","coordinates":[132.939333,46.035482]}},{"type":"Feature","properties":{"id":"st-864","name":"东海","province":"黑龙江","city":"鸡西","tier":"local","sourceCount":0,"source":"csv"},"geometry":{"type":"Point","coordinates":[131.318721,45.288666]}},{"type":"Feature","properties":{"id":"st-865","name":"鸡东","province":"黑龙江","city":"鸡西","tier":"regional-hub","sourceCount":0,"source":"csv"},"geometry":{"type":"Point","coordinates":[131.143937,45.250276]}},{"type":"Feature","properties":{"id":"st-866","name":"永安乡","province":"黑龙江","city":"鸡西","tier":"local","sourceCount":0,"source":"csv"},"geometry":{"type":"Point","coordinates":[131.469934,45.336951]}},{"type":"Feature","properties":{"id":"st-867","name":"滴道","province":"黑龙江","city":"鸡西","tier":"local","sourceCount":0,"source":"csv"},"geometry":{"type":"Point","coordinates":[130.826121,45.343705]}},{"type":"Feature","properties":{"id":"st-868","name":"兰岭","province":"黑龙江","city":"鸡西","tier":"local","sourceCount":0,"source":"csv"},"geometry":{"type":"Point","coordinates":[130.698728,45.295128]}},{"type":"Feature","properties":{"id":"st-869","name":"柳毛","province":"黑龙江","city":"鸡西","tier":"local","sourceCount":0,"source":"csv"},"geometry":{"type":"Point","coordinates":[130.775798,45.233884]}},{"type":"Feature","properties":{"id":"st-870","name":"鸡西","province":"黑龙江","city":"鸡西","tier":"regional-hub","sourceCount":8,"source":"csv"},"geometry":{"type":"Point","coordinates":[130.970615,45.30251]}},{"type":"Feature","properties":{"id":"st-871","name":"梨树镇","province":"黑龙江","city":"鸡西","tier":"local","sourceCount":0,"source":"csv"},"geometry":{"type":"Point","coordinates":[130.674929,45.076219]}},{"type":"Feature","properties":{"id":"st-872","name":"西麻山","province":"黑龙江","city":"鸡西","tier":"local","sourceCount":0,"source":"csv"},"geometry":{"type":"Point","coordinates":[130.472397,45.211082]}},{"type":"Feature","properties":{"id":"st-873","name":"麻山","province":"黑龙江","city":"鸡西","tier":"local","sourceCount":0,"source":"csv"},"geometry":{"type":"Point","coordinates":[130.472397,45.211082]}},{"type":"Feature","properties":{"id":"st-874","name":"青龙","province":"黑龙江","city":"鸡西","tier":"local","sourceCount":0,"source":"csv"},"geometry":{"type":"Point","coordinates":[130.579234,45.245701]}},{"type":"Feature","properties":{"id":"st-875","name":"新家","province":"黑龙江","city":"鸡西","tier":"local","sourceCount":0,"source":"csv"},"geometry":{"type":"Point","coordinates":[130.574639,45.212246]}},{"type":"Feature","properties":{"id":"st-876","name":"五龙","province":"黑龙江","city":"鸡西","tier":"local","sourceCount":0,"source":"csv"},"geometry":{"type":"Point","coordinates":[130.612167,45.273273]}},{"type":"Feature","properties":{"id":"st-877","name":"东佳木斯","province":"黑龙江","city":"佳木斯","tier":"local","sourceCount":0,"source":"csv"},"geometry":{"type":"Point","coordinates":[130.43011,46.786321]}},{"type":"Feature","properties":{"id":"st-878","name":"申家店","province":"黑龙江","city":"佳木斯","tier":"local","sourceCount":0,"source":"csv"},"geometry":{"type":"Point","coordinates":[130.65011,46.595464]}},{"type":"Feature","properties":{"id":"st-879","name":"四马架","province":"黑龙江","city":"佳木斯","tier":"local","sourceCount":0,"source":"csv"},"geometry":{"type":"Point","coordinates":[130.620124,46.773041]}},{"type":"Feature","properties":{"id":"st-880","name":"永胜","province":"黑龙江","city":"佳木斯","tier":"local","sourceCount":0,"source":"csv"},"geometry":{"type":"Point","coordinates":[130.544898,46.772084]}},{"type":"Feature","properties":{"id":"st-881","name":"八虎力","province":"黑龙江","city":"佳木斯","tier":"local","sourceCount":0,"source":"csv"},"geometry":{"type":"Point","coordinates":[130.638755,46.333036]}},{"type":"Feature","properties":{"id":"st-882","name":"孟家岗","province":"黑龙江","city":"佳木斯","tier":"local","sourceCount":0,"source":"csv"},"geometry":{"type":"Point","coordinates":[130.652639,46.419922]}},{"type":"Feature","properties":{"id":"st-883","name":"桦南","province":"黑龙江","city":"佳木斯","tier":"regional-hub","sourceCount":4,"source":"csv"},"geometry":{"type":"Point","coordinates":[130.575609,46.242234]}},{"type":"Feature","properties":{"id":"st-884","name":"阎家","province":"黑龙江","city":"佳木斯","tier":"local","sourceCount":0,"source":"csv"},"geometry":{"type":"Point","coordinates":[130.516496,46.106798]}},{"type":"Feature","properties":{"id":"st-885","name":"莲江口","province":"黑龙江","city":"佳木斯","tier":"local","sourceCount":0,"source":"csv"},"geometry":{"type":"Point","coordinates":[130.320796,46.877476]}},{"type":"Feature","properties":{"id":"st-886","name":"望江","province":"黑龙江","city":"佳木斯","tier":"local","sourceCount":0,"source":"csv"},"geometry":{"type":"Point","coordinates":[130.164911,46.860492]}},{"type":"Feature","properties":{"id":"st-887","name":"半截河","province":"黑龙江","city":"佳木斯","tier":"local","sourceCount":0,"source":"csv"},"geometry":{"type":"Point","coordinates":[130.30876,46.945434]}},{"type":"Feature","properties":{"id":"st-888","name":"鹤立","province":"黑龙江","city":"佳木斯","tier":"local","sourceCount":0,"source":"csv"},"geometry":{"type":"Point","coordinates":[130.284271,47.050438]}},{"type":"Feature","properties":{"id":"st-889","name":"汤原","province":"黑龙江","city":"佳木斯","tier":"local","sourceCount":0,"source":"csv"},"geometry":{"type":"Point","coordinates":[129.917316,46.745864]}},{"type":"Feature","properties":{"id":"st-890","name":"香兰","province":"黑龙江","city":"佳木斯","tier":"local","sourceCount":0,"source":"csv"},"geometry":{"type":"Point","coordinates":[129.75048,46.650294]}},{"type":"Feature","properties":{"id":"st-891","name":"兴莲","province":"黑龙江","city":"佳木斯","tier":"local","sourceCount":0,"source":"csv"},"geometry":{"type":"Point","coordinates":[130.288019,46.876645]}},{"type":"Feature","properties":{"id":"st-892","name":"佳木斯","province":"黑龙江","city":"佳木斯","tier":"regional-hub","sourceCount":61,"source":"csv"},"geometry":{"type":"Point","coordinates":[130.375307,46.802393]}},{"type":"Feature","properties":{"id":"st-893","name":"长发屯","province":"黑龙江","city":"佳木斯","tier":"local","sourceCount":0,"source":"csv"},"geometry":{"type":"Point","coordinates":[130.475598,46.734419]}},{"type":"Feature","properties":{"id":"st-894","name":"奎山","province":"黑龙江","city":"牡丹江","tier":"local","sourceCount":0,"source":"csv"},"geometry":{"type":"Point","coordinates":[130.402014,45.226228]}},{"type":"Feature","properties":{"id":"st-895","name":"杨木","province":"黑龙江","city":"牡丹江","tier":"local","sourceCount":0,"source":"csv"},"geometry":{"type":"Point","coordinates":[130.334927,45.258497]}},{"type":"Feature","properties":{"id":"st-896","name":"林口","province":"黑龙江","city":"牡丹江","tier":"local","sourceCount":1,"source":"csv"},"geometry":{"type":"Point","coordinates":[130.262942,45.290095]}},{"type":"Feature","properties":{"id":"st-897","name":"宝林","province":"黑龙江","city":"牡丹江","tier":"local","sourceCount":0,"source":"csv"},"geometry":{"type":"Point","coordinates":[129.970676,45.026625]}},{"type":"Feature","properties":{"id":"st-898","name":"楚山","province":"黑龙江","city":"牡丹江","tier":"local","sourceCount":0,"source":"csv"},"geometry":{"type":"Point","coordinates":[130.02187,45.116839]}},{"type":"Feature","properties":{"id":"st-899","name":"向阳","province":"黑龙江","city":"牡丹江","tier":"local","sourceCount":0,"source":"csv"},"geometry":{"type":"Point","coordinates":[130.293371,47.34847]}},{"type":"Feature","properties":{"id":"st-900","name":"虎山","province":"黑龙江","city":"牡丹江","tier":"local","sourceCount":0,"source":"csv"},"geometry":{"type":"Point","coordinates":[130.616244,45.567385]}},{"type":"Feature","properties":{"id":"st-901","name":"青山","province":"黑龙江","city":"牡丹江","tier":"local","sourceCount":0,"source":"csv"},"geometry":{"type":"Point","coordinates":[130.561974,45.44425]}},{"type":"Feature","properties":{"id":"st-902","name":"五林","province":"黑龙江","city":"牡丹江","tier":"local","sourceCount":0,"source":"csv"},"geometry":{"type":"Point","coordinates":[129.785147,44.818663]}},{"type":"Feature","properties":{"id":"st-903","name":"白山乡","province":"黑龙江","city":"齐齐哈尔","tier":"local","sourceCount":0,"source":"csv"},"geometry":{"type":"Point","coordinates":[123.271301,47.279288]}},{"type":"Feature","properties":{"id":"st-904","name":"鲁河","province":"黑龙江","city":"齐齐哈尔","tier":"local","sourceCount":0,"source":"csv"},"geometry":{"type":"Point","coordinates":[122.981847,47.447596]}},{"type":"Feature","properties":{"id":"st-905","name":"龙江","province":"黑龙江","city":"齐齐哈尔","tier":"local","sourceCount":0,"source":"csv"},"geometry":{"type":"Point","coordinates":[123.178286,47.332633]}},{"type":"Feature","properties":{"id":"st-906","name":"黑台","province":"黑龙江","city":"鸡西","tier":"local","sourceCount":0,"source":"csv"},"geometry":{"type":"Point","coordinates":[131.616875,45.407722]}},{"type":"Feature","properties":{"id":"st-907","name":"连珠山","province":"黑龙江","city":"鸡西","tier":"local","sourceCount":0,"source":"csv"},"geometry":{"type":"Point","coordinates":[131.801343,45.510295]}},{"type":"Feature","properties":{"id":"st-908","name":"密山","province":"黑龙江","city":"鸡西","tier":"local","sourceCount":3,"source":"csv"},"geometry":{"type":"Point","coordinates":[131.867279,45.548774]}},{"type":"Feature","properties":{"id":"st-909","name":"密山西","province":"黑龙江","city":"鸡西","tier":"regional-hub","sourceCount":0,"source":"csv"},"geometry":{"type":"Point","coordinates":[131.816344,45.512891]}},{"type":"Feature","properties":{"id":"st-910","name":"裴德","province":"黑龙江","city":"鸡西","tier":"local","sourceCount":0,"source":"csv"},"geometry":{"type":"Point","coordinates":[131.898583,45.635611]}},{"type":"Feature","properties":{"id":"st-911","name":"兴凯","province":"黑龙江","city":"鸡西","tier":"local","sourceCount":0,"source":"csv"},"geometry":{"type":"Point","coordinates":[132.061691,45.703746]}},{"type":"Feature","properties":{"id":"st-912","name":"牡丹江","province":"黑龙江","city":"牡丹江","tier":"regional-hub","sourceCount":47,"source":"csv"},"geometry":{"type":"Point","coordinates":[129.605896,44.588158]}},{"type":"Feature","properties":{"id":"st-913","name":"古城镇","province":"黑龙江","city":"牡丹江","tier":"local","sourceCount":0,"source":"csv"},"geometry":{"type":"Point","coordinates":[130.287549,45.352506]}},{"type":"Feature","properties":{"id":"st-914","name":"亚河","province":"黑龙江","city":"牡丹江","tier":"local","sourceCount":0,"source":"csv"},"geometry":{"type":"Point","coordinates":[130.426946,45.394979]}},{"type":"Feature","properties":{"id":"st-915","name":"朱家沟","province":"黑龙江","city":"牡丹江","tier":"local","sourceCount":0,"source":"csv"},"geometry":{"type":"Point","coordinates":[129.85077,44.874756]}},{"type":"Feature","properties":{"id":"st-916","name":"海浪","province":"黑龙江","city":"牡丹江","tier":"local","sourceCount":0,"source":"csv"},"geometry":{"type":"Point","coordinates":[129.548734,44.538563]}},{"type":"Feature","properties":{"id":"st-917","name":"卡路屯","province":"黑龙江","city":"牡丹江","tier":"local","sourceCount":0,"source":"csv"},"geometry":{"type":"Point","coordinates":[129.556499,44.550797]}},{"type":"Feature","properties":{"id":"st-918","name":"温春","province":"黑龙江","city":"牡丹江","tier":"local","sourceCount":0,"source":"csv"},"geometry":{"type":"Point","coordinates":[129.494128,44.433422]}},{"type":"Feature","properties":{"id":"st-919","name":"桦林","province":"黑龙江","city":"牡丹江","tier":"local","sourceCount":0,"source":"csv"},"geometry":{"type":"Point","coordinates":[129.667864,44.675588]}},{"type":"Feature","properties":{"id":"st-920","name":"爱河","province":"黑龙江","city":"牡丹江","tier":"local","sourceCount":0,"source":"csv"},"geometry":{"type":"Point","coordinates":[129.691786,44.579168]}},{"type":"Feature","properties":{"id":"st-921","name":"八面通","province":"黑龙江","city":"牡丹江","tier":"local","sourceCount":1,"source":"csv"},"geometry":{"type":"Point","coordinates":[130.534221,44.924187]}},{"type":"Feature","properties":{"id":"st-922","name":"马桥河","province":"黑龙江","city":"牡丹江","tier":"local","sourceCount":0,"source":"csv"},"geometry":{"type":"Point","coordinates":[130.548509,44.681638]}},{"type":"Feature","properties":{"id":"st-923","name":"红房子","province":"黑龙江","city":"牡丹江","tier":"local","sourceCount":0,"source":"csv"},"geometry":{"type":"Point","coordinates":[130.604873,44.596432]}},{"type":"Feature","properties":{"id":"st-924","name":"磨刀石","province":"黑龙江","city":"牡丹江","tier":"local","sourceCount":0,"source":"csv"},"geometry":{"type":"Point","coordinates":[129.861496,44.559942]}},{"type":"Feature","properties":{"id":"st-925","name":"大观岭","province":"黑龙江","city":"牡丹江","tier":"local","sourceCount":0,"source":"csv"},"geometry":{"type":"Point","coordinates":[129.895235,44.568891]}},{"type":"Feature","properties":{"id":"st-926","name":"代马沟","province":"黑龙江","city":"牡丹江","tier":"local","sourceCount":0,"source":"csv"},"geometry":{"type":"Point","coordinates":[130.011891,44.538463]}},{"type":"Feature","properties":{"id":"st-927","name":"穆棱","province":"黑龙江","city":"牡丹江","tier":"local","sourceCount":0,"source":"csv"},"geometry":{"type":"Point","coordinates":[130.253879,44.525147]}},{"type":"Feature","properties":{"id":"st-928","name":"北林","province":"黑龙江","city":"牡丹江","tier":"local","sourceCount":0,"source":"csv"},"geometry":{"type":"Point","coordinates":[130.145511,44.515329]}},{"type":"Feature","properties":{"id":"st-929","name":"下城子","province":"黑龙江","city":"牡丹江","tier":"local","sourceCount":0,"source":"csv"},"geometry":{"type":"Point","coordinates":[130.439235,44.66941]}},{"type":"Feature","properties":{"id":"st-930","name":"伊林","province":"黑龙江","city":"牡丹江","tier":"local","sourceCount":0,"source":"csv"},"geometry":{"type":"Point","coordinates":[130.346127,44.597839]}},{"type":"Feature","properties":{"id":"st-931","name":"拉哈","province":"黑龙江","city":"齐齐哈尔","tier":"local","sourceCount":0,"source":"csv"},"geometry":{"type":"Point","coordinates":[124.629821,48.209251]}},{"type":"Feature","properties":{"id":"st-932","name":"恒地营","province":"黑龙江","city":"齐齐哈尔","tier":"local","sourceCount":0,"source":"csv"},"geometry":{"type":"Point","coordinates":[124.956669,48.559846]}},{"type":"Feature","properties":{"id":"st-933","name":"老莱","province":"黑龙江","city":"齐齐哈尔","tier":"local","sourceCount":0,"source":"csv"},"geometry":{"type":"Point","coordinates":[124.999904,48.648708]}},{"type":"Feature","properties":{"id":"st-934","name":"八方","province":"黑龙江","city":"齐齐哈尔","tier":"local","sourceCount":0,"source":"csv"},"geometry":{"type":"Point","coordinates":[124.779573,48.407149]}},{"type":"Feature","properties":{"id":"st-935","name":"六合镇","province":"黑龙江","city":"齐齐哈尔","tier":"local","sourceCount":0,"source":"csv"},"geometry":{"type":"Point","coordinates":[124.690716,48.348305]}},{"type":"Feature","properties":{"id":"st-936","name":"光明","province":"黑龙江","city":"齐齐哈尔","tier":"local","sourceCount":0,"source":"csv"},"geometry":{"type":"Point","coordinates":[124.629343,48.27681]}},{"type":"Feature","properties":{"id":"st-937","name":"讷河","province":"黑龙江","city":"齐齐哈尔","tier":"local","sourceCount":1,"source":"csv"},"geometry":{"type":"Point","coordinates":[124.841796,48.479343]}},{"type":"Feature","properties":{"id":"st-938","name":"青水山","province":"黑龙江","city":"齐齐哈尔","tier":"local","sourceCount":0,"source":"csv"},"geometry":{"type":"Point","coordinates":[124.609935,48.101808]}},{"type":"Feature","properties":{"id":"st-939","name":"团结","province":"黑龙江","city":"齐齐哈尔","tier":"local","sourceCount":0,"source":"csv"},"geometry":{"type":"Point","coordinates":[124.609583,48.101754]}},{"type":"Feature","properties":{"id":"st-940","name":"鹤山","province":"黑龙江","city":"黑河","tier":"local","sourceCount":0,"source":"csv"},"geometry":{"type":"Point","coordinates":[125.23839,49.014263]}},{"type":"Feature","properties":{"id":"st-941","name":"九三","province":"黑龙江","city":"黑河","tier":"local","sourceCount":0,"source":"csv"},"geometry":{"type":"Point","coordinates":[125.249166,48.879592]}},{"type":"Feature","properties":{"id":"st-942","name":"新彦","province":"黑龙江","city":"黑河","tier":"local","sourceCount":0,"source":"csv"},"geometry":{"type":"Point","coordinates":[125.251947,49.131218]}},{"type":"Feature","properties":{"id":"st-943","name":"伊拉哈","province":"黑龙江","city":"黑河","tier":"local","sourceCount":0,"source":"csv"},"geometry":{"type":"Point","coordinates":[125.157009,48.824071]}},{"type":"Feature","properties":{"id":"st-944","name":"嫩江","province":"黑龙江","city":"黑河","tier":"local","sourceCount":2,"source":"csv"},"geometry":{"type":"Point","coordinates":[125.241587,49.17564]}},{"type":"Feature","properties":{"id":"st-945","name":"新高峰","province":"黑龙江","city":"黑河","tier":"local","sourceCount":0,"source":"csv"},"geometry":{"type":"Point","coordinates":[125.275148,49.067022]}},{"type":"Feature","properties":{"id":"st-946","name":"东京城","province":"黑龙江","city":"牡丹江","tier":"regional-hub","sourceCount":8,"source":"csv"},"geometry":{"type":"Point","coordinates":[129.218092,44.115903]}},{"type":"Feature","properties":{"id":"st-947","name":"兰岗","province":"黑龙江","city":"牡丹江","tier":"local","sourceCount":0,"source":"csv"},"geometry":{"type":"Point","coordinates":[129.405066,44.264885]}},{"type":"Feature","properties":{"id":"st-948","name":"马莲河","province":"黑龙江","city":"牡丹江","tier":"local","sourceCount":0,"source":"csv"},"geometry":{"type":"Point","coordinates":[129.198616,44.018761]}},{"type":"Feature","properties":{"id":"st-949","name":"宁安","province":"黑龙江","city":"牡丹江","tier":"local","sourceCount":1,"source":"csv"},"geometry":{"type":"Point","coordinates":[129.455687,44.357385]}},{"type":"Feature","properties":{"id":"st-950","name":"斗沟子","province":"黑龙江","city":"牡丹江","tier":"local","sourceCount":0,"source":"csv"},"geometry":{"type":"Point","coordinates":[129.254316,43.938887]}},{"type":"Feature","properties":{"id":"st-951","name":"石头","province":"黑龙江","city":"牡丹江","tier":"local","sourceCount":0,"source":"csv"},"geometry":{"type":"Point","coordinates":[129.330537,44.175306]}},{"type":"Feature","properties":{"id":"st-952","name":"倭肯","province":"黑龙江","city":"七台河","tier":"local","sourceCount":0,"source":"csv"},"geometry":{"type":"Point","coordinates":[130.523139,46.002714]}},{"type":"Feature","properties":{"id":"st-953","name":"杏树","province":"黑龙江","city":"七台河","tier":"local","sourceCount":0,"source":"csv"},"geometry":{"type":"Point","coordinates":[130.55659,45.920558]}},{"type":"Feature","properties":{"id":"st-954","name":"大西","province":"黑龙江","city":"七台河","tier":"regional-hub","sourceCount":0,"source":"csv"},"geometry":{"type":"Point","coordinates":[130.574746,45.842028]}},{"type":"Feature","properties":{"id":"st-955","name":"七台河","province":"黑龙江","city":"七台河","tier":"regional-hub","sourceCount":4,"source":"csv"},"geometry":{"type":"Point","coordinates":[130.894806,45.809457]}},{"type":"Feature","properties":{"id":"st-956","name":"昂昂溪","province":"黑龙江","city":"齐齐哈尔","tier":"local","sourceCount":0,"source":"csv"},"geometry":{"type":"Point","coordinates":[123.808063,47.159759]}},{"type":"Feature","properties":{"id":"st-957","name":"红旗营","province":"黑龙江","city":"齐齐哈尔","tier":"local","sourceCount":0,"source":"csv"},"geometry":{"type":"Point","coordinates":[123.906828,47.121157]}},{"type":"Feature","properties":{"id":"st-958","name":"三间房","province":"黑龙江","city":"齐齐哈尔","tier":"local","sourceCount":3,"source":"csv"},"geometry":{"type":"Point","coordinates":[123.837114,47.096366]}},{"type":"Feature","properties":{"id":"st-959","name":"榆树屯","province":"黑龙江","city":"齐齐哈尔","tier":"local","sourceCount":0,"source":"csv"},"geometry":{"type":"Point","coordinates":[123.889233,47.153235]}},{"type":"Feature","properties":{"id":"st-960","name":"富拉尔基","province":"黑龙江","city":"齐齐哈尔","tier":"regional-hub","sourceCount":4,"source":"csv"},"geometry":{"type":"Point","coordinates":[123.639512,47.208523]}},{"type":"Feature","properties":{"id":"st-961","name":"虎尔虎拉","province":"黑龙江","city":"齐齐哈尔","tier":"local","sourceCount":0,"source":"csv"},"geometry":{"type":"Point","coordinates":[123.543218,47.244737]}},{"type":"Feature","properties":{"id":"st-962","name":"高头","province":"黑龙江","city":"齐齐哈尔","tier":"local","sourceCount":0,"source":"csv"},"geometry":{"type":"Point","coordinates":[124.065331,47.411293]}},{"type":"Feature","properties":{"id":"st-963","name":"克东","province":"黑龙江","city":"齐齐哈尔","tier":"regional-hub","sourceCount":0,"source":"csv"},"geometry":{"type":"Point","coordinates":[126.204785,48.158184]}},{"type":"Feature","properties":{"id":"st-964","name":"古城","province":"黑龙江","city":"齐齐哈尔","tier":"local","sourceCount":0,"source":"csv"},"geometry":{"type":"Point","coordinates":[125.673795,47.957898]}},{"type":"Feature","properties":{"id":"st-965","name":"克山","province":"黑龙江","city":"齐齐哈尔","tier":"local","sourceCount":0,"source":"csv"},"geometry":{"type":"Point","coordinates":[125.844083,48.014069]}},{"type":"Feature","properties":{"id":"st-966","name":"吉新河","province":"黑龙江","city":"齐齐哈尔","tier":"local","sourceCount":0,"source":"csv"},"geometry":{"type":"Point","coordinates":[122.865226,47.641165]}},{"type":"Feature","properties":{"id":"st-967","name":"碾子山","province":"黑龙江","city":"齐齐哈尔","tier":"local","sourceCount":2,"source":"csv"},"geometry":{"type":"Point","coordinates":[122.877346,47.513588]}},{"type":"Feature","properties":{"id":"st-968","name":"大民屯","province":"黑龙江","city":"齐齐哈尔","tier":"local","sourceCount":0,"source":"csv"},"geometry":{"type":"Point","coordinates":[123.955773,47.254127]}},{"type":"Feature","properties":{"id":"st-969","name":"齐齐哈尔","province":"黑龙江","city":"齐齐哈尔","tier":"regional-hub","sourceCount":58,"source":"csv"},"geometry":{"type":"Point","coordinates":[123.988343,47.337459]}},{"type":"Feature","properties":{"id":"st-970","name":"帽儿山","province":"黑龙江","city":"哈尔滨","tier":"local","sourceCount":0,"source":"csv"},"geometry":{"type":"Point","coordinates":[127.51415,45.27515]}},{"type":"Feature","properties":{"id":"st-971","name":"苇河","province":"黑龙江","city":"哈尔滨","tier":"local","sourceCount":0,"source":"csv"},"geometry":{"type":"Point","coordinates":[128.373701,44.950182]}},{"type":"Feature","properties":{"id":"st-972","name":"亚布力","province":"黑龙江","city":"哈尔滨","tier":"local","sourceCount":0,"source":"csv"},"geometry":{"type":"Point","coordinates":[128.608966,44.927042]}},{"type":"Feature","properties":{"id":"st-973","name":"亚布力南","province":"黑龙江","city":"哈尔滨","tier":"regional-hub","sourceCount":1,"source":"csv"},"geometry":{"type":"Point","coordinates":[128.482301,44.790609]}},{"type":"Feature","properties":{"id":"st-974","name":"一面坡","province":"黑龙江","city":"哈尔滨","tier":"local","sourceCount":2,"source":"csv"},"geometry":{"type":"Point","coordinates":[128.073695,45.060231]}},{"type":"Feature","properties":{"id":"st-975","name":"虎峰","province":"黑龙江","city":"哈尔滨","tier":"local","sourceCount":0,"source":"csv"},"geometry":{"type":"Point","coordinates":[128.961457,44.912355]}},{"type":"Feature","properties":{"id":"st-976","name":"开道","province":"黑龙江","city":"哈尔滨","tier":"local","sourceCount":0,"source":"csv"},"geometry":{"type":"Point","coordinates":[128.893432,44.930004]}},{"type":"Feature","properties":{"id":"st-977","name":"尚志","province":"黑龙江","city":"哈尔滨","tier":"local","sourceCount":0,"source":"csv"},"geometry":{"type":"Point","coordinates":[127.955878,45.207095]}},{"type":"Feature","properties":{"id":"st-978","name":"双城堡","province":"黑龙江","city":"哈尔滨","tier":"local","sourceCount":2,"source":"csv"},"geometry":{"type":"Point","coordinates":[126.286499,45.393874]}},{"type":"Feature","properties":{"id":"st-979","name":"兰棱","province":"黑龙江","city":"哈尔滨","tier":"local","sourceCount":0,"source":"csv"},"geometry":{"type":"Point","coordinates":[126.182942,45.218371]}},{"type":"Feature","properties":{"id":"st-980","name":"五家","province":"黑龙江","city":"哈尔滨","tier":"local","sourceCount":0,"source":"csv"},"geometry":{"type":"Point","coordinates":[126.386642,45.542032]}},{"type":"Feature","properties":{"id":"st-981","name":"周家","province":"黑龙江","city":"哈尔滨","tier":"local","sourceCount":0,"source":"csv"},"geometry":{"type":"Point","coordinates":[126.666285,45.459668]}},{"type":"Feature","properties":{"id":"st-982","name":"太平镇","province":"黑龙江","city":"双鸭山","tier":"local","sourceCount":0,"source":"csv"},"geometry":{"type":"Point","coordinates":[130.716909,46.774088]}},{"type":"Feature","properties":{"id":"st-983","name":"丰乐镇","province":"黑龙江","city":"双鸭山","tier":"local","sourceCount":0,"source":"csv"},"geometry":{"type":"Point","coordinates":[130.867559,46.809741]}},{"type":"Feature","properties":{"id":"st-984","name":"福利屯","province":"黑龙江","city":"双鸭山","tier":"local","sourceCount":0,"source":"csv"},"geometry":{"type":"Point","coordinates":[131.132917,46.726308]}},{"type":"Feature","properties":{"id":"st-985","name":"升昌","province":"黑龙江","city":"双鸭山","tier":"local","sourceCount":0,"source":"csv"},"geometry":{"type":"Point","coordinates":[131.366339,46.72438]}},{"type":"Feature","properties":{"id":"st-986","name":"笔架山","province":"黑龙江","city":"双鸭山","tier":"local","sourceCount":0,"source":"csv"},"geometry":{"type":"Point","coordinates":[130.996808,46.784875]}},{"type":"Feature","properties":{"id":"st-987","name":"双鸭山","province":"黑龙江","city":"双鸭山","tier":"regional-hub","sourceCount":5,"source":"csv"},"geometry":{"type":"Point","coordinates":[131.144035,46.643065]}},{"type":"Feature","properties":{"id":"st-988","name":"金沙岗","province":"黑龙江","city":"双鸭山","tier":"local","sourceCount":0,"source":"csv"},"geometry":{"type":"Point","coordinates":[131.201391,46.734531]}},{"type":"Feature","properties":{"id":"st-989","name":"新友谊","province":"黑龙江","city":"双鸭山","tier":"local","sourceCount":0,"source":"csv"},"geometry":{"type":"Point","coordinates":[131.813959,46.769706]}},{"type":"Feature","properties":{"id":"st-990","name":"红兴隆","province":"黑龙江","city":"双鸭山","tier":"local","sourceCount":0,"source":"csv"},"geometry":{"type":"Point","coordinates":[131.594251,46.729678]}},{"type":"Feature","properties":{"id":"st-991","name":"九营","province":"黑龙江","city":"双鸭山","tier":"local","sourceCount":0,"source":"csv"},"geometry":{"type":"Point","coordinates":[131.946043,46.917698]}},{"type":"Feature","properties":{"id":"st-992","name":"绥芬河","province":"黑龙江","city":"牡丹江","tier":"regional-hub","sourceCount":12,"source":"csv"},"geometry":{"type":"Point","coordinates":[131.149936,44.390547]}},{"type":"Feature","properties":{"id":"st-993","name":"兴隆镇","province":"黑龙江","city":"哈尔滨","tier":"local","sourceCount":0,"source":"csv"},"geometry":{"type":"Point","coordinates":[127.113179,46.442056]}},{"type":"Feature","properties":{"id":"st-994","name":"绥化","province":"黑龙江","city":"绥化","tier":"regional-hub","sourceCount":9,"source":"csv"},"geometry":{"type":"Point","coordinates":[127.009072,46.642626]}},{"type":"Feature","properties":{"id":"st-995","name":"东津","province":"黑龙江","city":"绥化","tier":"local","sourceCount":0,"source":"csv"},"geometry":{"type":"Point","coordinates":[127.209369,46.737822]}},{"type":"Feature","properties":{"id":"st-996","name":"兴福","province":"黑龙江","city":"绥化","tier":"local","sourceCount":0,"source":"csv"},"geometry":{"type":"Point","coordinates":[127.113656,46.688837]}},{"type":"Feature","properties":{"id":"st-997","name":"秦家","province":"黑龙江","city":"绥化","tier":"local","sourceCount":0,"source":"csv"},"geometry":{"type":"Point","coordinates":[127.003042,46.802577]}},{"type":"Feature","properties":{"id":"st-998","name":"沙园","province":"黑龙江","city":"绥化","tier":"local","sourceCount":0,"source":"csv"},"geometry":{"type":"Point","coordinates":[127.004195,46.756899]}},{"type":"Feature","properties":{"id":"st-999","name":"四方台","province":"黑龙江","city":"双鸭山","tier":"local","sourceCount":0,"source":"csv"},"geometry":{"type":"Point","coordinates":[131.300639,46.667596]}},{"type":"Feature","properties":{"id":"st-1000","name":"万发屯","province":"黑龙江","city":"哈尔滨","tier":"local","sourceCount":0,"source":"csv"},"geometry":{"type":"Point","coordinates":[127.121214,46.542687]}},{"type":"Feature","properties":{"id":"st-1001","name":"张维屯","province":"黑龙江","city":"绥化","tier":"local","sourceCount":0,"source":"csv"},"geometry":{"type":"Point","coordinates":[126.999216,47.060245]}},{"type":"Feature","properties":{"id":"st-1002","name":"海伦","province":"黑龙江","city":"绥化","tier":"local","sourceCount":3,"source":"csv"},"geometry":{"type":"Point","coordinates":[126.98751,47.464858]}},{"type":"Feature","properties":{"id":"st-1003","name":"东边井","province":"黑龙江","city":"绥化","tier":"local","sourceCount":0,"source":"csv"},"geometry":{"type":"Point","coordinates":[127.111776,47.414624]}},{"type":"Feature","properties":{"id":"st-1004","name":"海北","province":"黑龙江","city":"绥化","tier":"regional-hub","sourceCount":0,"source":"csv"},"geometry":{"type":"Point","coordinates":[126.870841,47.667692]}},{"type":"Feature","properties":{"id":"st-1005","name":"扎音河","province":"黑龙江","city":"绥化","tier":"local","sourceCount":0,"source":"csv"},"geometry":{"type":"Point","coordinates":[126.936513,47.59162]}},{"type":"Feature","properties":{"id":"st-1006","name":"全胜","province":"黑龙江","city":"绥化","tier":"local","sourceCount":0,"source":"csv"},"geometry":{"type":"Point","coordinates":[127.313027,46.852635]}},{"type":"Feature","properties":{"id":"st-1007","name":"龙船","province":"黑龙江","city":"绥化","tier":"local","sourceCount":0,"source":"csv"},"geometry":{"type":"Point","coordinates":[127.381219,46.879935]}},{"type":"Feature","properties":{"id":"st-1008","name":"高老","province":"黑龙江","city":"绥化","tier":"local","sourceCount":0,"source":"csv"},"geometry":{"type":"Point","coordinates":[127.634747,46.936019]}},{"type":"Feature","properties":{"id":"st-1009","name":"庆安","province":"黑龙江","city":"绥化","tier":"local","sourceCount":0,"source":"csv"},"geometry":{"type":"Point","coordinates":[127.496716,46.88549]}},{"type":"Feature","properties":{"id":"st-1010","name":"绥棱","province":"黑龙江","city":"绥化","tier":"local","sourceCount":0,"source":"csv"},"geometry":{"type":"Point","coordinates":[127.076015,47.246509]}},{"type":"Feature","properties":{"id":"st-1011","name":"大兴","province":"北京","city":"大兴区","tier":"local","sourceCount":0,"source":"csv"},"geometry":{"type":"Point","coordinates":[116.326143,39.72019]}},{"type":"Feature","properties":{"id":"st-1012","name":"江桥","province":"黑龙江","city":"齐齐哈尔","tier":"local","sourceCount":0,"source":"csv"},"geometry":{"type":"Point","coordinates":[123.683676,46.775785]}},{"type":"Feature","properties":{"id":"st-1013","name":"平洋","province":"黑龙江","city":"齐齐哈尔","tier":"local","sourceCount":0,"source":"csv"},"geometry":{"type":"Point","coordinates":[123.535237,46.596724]}},{"type":"Feature","properties":{"id":"st-1014","name":"汤池","province":"黑龙江","city":"齐齐哈尔","tier":"local","sourceCount":1,"source":"csv"},"geometry":{"type":"Point","coordinates":[123.773929,46.990947]}},{"type":"Feature","properties":{"id":"st-1015","name":"泰来","province":"黑龙江","city":"齐齐哈尔","tier":"local","sourceCount":3,"source":"csv"},"geometry":{"type":"Point","coordinates":[123.405186,46.390409]}},{"type":"Feature","properties":{"id":"st-1016","name":"界山","province":"黑龙江","city":"伊春","tier":"local","sourceCount":0,"source":"csv"},"geometry":{"type":"Point","coordinates":[128.645892,47.014455]}},{"type":"Feature","properties":{"id":"st-1017","name":"前进镇","province":"黑龙江","city":"佳木斯","tier":"local","sourceCount":2,"source":"csv"},"geometry":{"type":"Point","coordinates":[133.116637,47.541533]}},{"type":"Feature","properties":{"id":"st-1018","name":"安家","province":"黑龙江","city":"哈尔滨","tier":"local","sourceCount":0,"source":"csv"},"geometry":{"type":"Point","coordinates":[127.061316,45.050172]}},{"type":"Feature","properties":{"id":"st-1019","name":"背荫河","province":"黑龙江","city":"哈尔滨","tier":"local","sourceCount":0,"source":"csv"},"geometry":{"type":"Point","coordinates":[126.992179,45.16787]}},{"type":"Feature","properties":{"id":"st-1020","name":"拉林","province":"黑龙江","city":"哈尔滨","tier":"local","sourceCount":0,"source":"csv"},"geometry":{"type":"Point","coordinates":[126.890906,45.229026]}},{"type":"Feature","properties":{"id":"st-1021","name":"牛家","province":"黑龙江","city":"哈尔滨","tier":"local","sourceCount":0,"source":"csv"},"geometry":{"type":"Point","coordinates":[126.730669,45.348557]}},{"type":"Feature","properties":{"id":"st-1022","name":"五常","province":"黑龙江","city":"哈尔滨","tier":"regional-hub","sourceCount":6,"source":"csv"},"geometry":{"type":"Point","coordinates":[127.137622,44.919862]}},{"type":"Feature","properties":{"id":"st-1023","name":"红山","province":"黑龙江","city":"伊春","tier":"local","sourceCount":0,"source":"csv"},"geometry":{"type":"Point","coordinates":[129.02485,47.986462]}},{"type":"Feature","properties":{"id":"st-1024","name":"带岭","province":"黑龙江","city":"伊春","tier":"local","sourceCount":0,"source":"csv"},"geometry":{"type":"Point","coordinates":[129.013422,47.021322]}},{"type":"Feature","properties":{"id":"st-1025","name":"红星","province":"黑龙江","city":"伊春","tier":"local","sourceCount":0,"source":"csv"},"geometry":{"type":"Point","coordinates":[129.383395,48.239631]}},{"type":"Feature","properties":{"id":"st-1026","name":"金山屯","province":"黑龙江","city":"伊春","tier":"local","sourceCount":0,"source":"csv"},"geometry":{"type":"Point","coordinates":[129.415471,47.420732]}},{"type":"Feature","properties":{"id":"st-1027","name":"美溪","province":"黑龙江","city":"伊春","tier":"local","sourceCount":0,"source":"csv"},"geometry":{"type":"Point","coordinates":[129.133346,47.634668]}},{"type":"Feature","properties":{"id":"st-1028","name":"绿潭","province":"黑龙江","city":"伊春","tier":"local","sourceCount":0,"source":"csv"},"geometry":{"type":"Point","coordinates":[129.372338,47.11287]}},{"type":"Feature","properties":{"id":"st-1029","name":"晨明","province":"黑龙江","city":"伊春","tier":"local","sourceCount":0,"source":"csv"},"geometry":{"type":"Point","coordinates":[129.486287,46.979067]}},{"type":"Feature","properties":{"id":"st-1030","name":"威岭","province":"黑龙江","city":"伊春","tier":"local","sourceCount":0,"source":"csv"},"geometry":{"type":"Point","coordinates":[129.554372,46.86302]}},{"type":"Feature","properties":{"id":"st-1031","name":"浩良河","province":"黑龙江","city":"伊春","tier":"local","sourceCount":0,"source":"csv"},"geometry":{"type":"Point","coordinates":[129.636961,46.732578]}},{"type":"Feature","properties":{"id":"st-1032","name":"柳树","province":"黑龙江","city":"伊春","tier":"local","sourceCount":0,"source":"csv"},"geometry":{"type":"Point","coordinates":[129.328813,47.17239]}},{"type":"Feature","properties":{"id":"st-1033","name":"松青","province":"黑龙江","city":"伊春","tier":"local","sourceCount":0,"source":"csv"},"geometry":{"type":"Point","coordinates":[129.111526,47.094793]}},{"type":"Feature","properties":{"id":"st-1034","name":"南岔","province":"黑龙江","city":"伊春","tier":"local","sourceCount":0,"source":"csv"},"geometry":{"type":"Point","coordinates":[129.27336,47.131969]}},{"type":"Feature","properties":{"id":"st-1035","name":"汤旺河","province":"黑龙江","city":"伊春","tier":"local","sourceCount":0,"source":"csv"},"geometry":{"type":"Point","coordinates":[129.573531,48.453017]}},{"type":"Feature","properties":{"id":"st-1036","name":"朗乡","province":"黑龙江","city":"伊春","tier":"local","sourceCount":0,"source":"csv"},"geometry":{"type":"Point","coordinates":[128.871629,46.956885]}},{"type":"Feature","properties":{"id":"st-1037","name":"小白","province":"黑龙江","city":"伊春","tier":"local","sourceCount":0,"source":"csv"},"geometry":{"type":"Point","coordinates":[128.70855,46.968111]}},{"type":"Feature","properties":{"id":"st-1038","name":"双丰","province":"黑龙江","city":"伊春","tier":"local","sourceCount":0,"source":"csv"},"geometry":{"type":"Point","coordinates":[127.760451,46.977287]}},{"type":"Feature","properties":{"id":"st-1039","name":"桃山","province":"黑龙江","city":"伊春","tier":"local","sourceCount":0,"source":"csv"},"geometry":{"type":"Point","coordinates":[128.179128,46.928429]}},{"type":"Feature","properties":{"id":"st-1040","name":"神树","province":"黑龙江","city":"伊春","tier":"local","sourceCount":1,"source":"csv"},"geometry":{"type":"Point","coordinates":[128.420717,46.940625]}},{"type":"Feature","properties":{"id":"st-1041","name":"圣浪","province":"黑龙江","city":"伊春","tier":"local","sourceCount":0,"source":"csv"},"geometry":{"type":"Point","coordinates":[128.506588,46.998587]}},{"type":"Feature","properties":{"id":"st-1042","name":"石长","province":"黑龙江","city":"伊春","tier":"local","sourceCount":0,"source":"csv"},"geometry":{"type":"Point","coordinates":[128.317036,46.934271]}},{"type":"Feature","properties":{"id":"st-1043","name":"铁力","province":"黑龙江","city":"伊春","tier":"local","sourceCount":1,"source":"csv"},"geometry":{"type":"Point","coordinates":[128.046737,46.972153]}},{"type":"Feature","properties":{"id":"st-1044","name":"王杨","province":"黑龙江","city":"伊春","tier":"local","sourceCount":0,"source":"csv"},"geometry":{"type":"Point","coordinates":[127.919137,46.967961]}},{"type":"Feature","properties":{"id":"st-1045","name":"乌伊岭","province":"黑龙江","city":"伊春","tier":"regional-hub","sourceCount":5,"source":"csv"},"geometry":{"type":"Point","coordinates":[129.432396,48.595726]}},{"type":"Feature","properties":{"id":"st-1046","name":"五星","province":"黑龙江","city":"伊春","tier":"local","sourceCount":0,"source":"csv"},"geometry":{"type":"Point","coordinates":[127.671669,47.894232]}},{"type":"Feature","properties":{"id":"st-1047","name":"五营","province":"黑龙江","city":"伊春","tier":"local","sourceCount":0,"source":"csv"},"geometry":{"type":"Point","coordinates":[129.235943,48.116581]}},{"type":"Feature","properties":{"id":"st-1048","name":"西林","province":"黑龙江","city":"伊春","tier":"local","sourceCount":0,"source":"csv"},"geometry":{"type":"Point","coordinates":[129.30843,47.482282]}},{"type":"Feature","properties":{"id":"st-1049","name":"苔青","province":"黑龙江","city":"伊春","tier":"local","sourceCount":0,"source":"csv"},"geometry":{"type":"Point","coordinates":[129.259925,47.566142]}},{"type":"Feature","properties":{"id":"st-1050","name":"新青","province":"黑龙江","city":"伊春","tier":"local","sourceCount":0,"source":"csv"},"geometry":{"type":"Point","coordinates":[129.51921,48.289353]}},{"type":"Feature","properties":{"id":"st-1051","name":"伊春","province":"黑龙江","city":"伊春","tier":"local","sourceCount":3,"source":"csv"},"geometry":{"type":"Point","coordinates":[128.91994,47.726905]}},{"type":"Feature","properties":{"id":"st-1052","name":"友好","province":"黑龙江","city":"伊春","tier":"local","sourceCount":0,"source":"csv"},"geometry":{"type":"Point","coordinates":[128.841772,47.862376]}},{"type":"Feature","properties":{"id":"st-1053","name":"双子河","province":"黑龙江","city":"伊春","tier":"local","sourceCount":0,"source":"csv"},"geometry":{"type":"Point","coordinates":[128.834638,47.829521]}},{"type":"Feature","properties":{"id":"st-1054","name":"依安","province":"黑龙江","city":"齐齐哈尔","tier":"local","sourceCount":0,"source":"csv"},"geometry":{"type":"Point","coordinates":[125.279429,47.872672]}},{"type":"Feature","properties":{"id":"st-1055","name":"姜家","province":"黑龙江","city":"绥化","tier":"local","sourceCount":0,"source":"csv"},"geometry":{"type":"Point","coordinates":[126.092881,46.00886]}},{"type":"Feature","properties":{"id":"st-1056","name":"里木店","province":"黑龙江","city":"绥化","tier":"local","sourceCount":0,"source":"csv"},"geometry":{"type":"Point","coordinates":[126.209967,45.965218]}},{"type":"Feature","properties":{"id":"st-1057","name":"尚家","province":"黑龙江","city":"绥化","tier":"local","sourceCount":0,"source":"csv"},"geometry":{"type":"Point","coordinates":[125.870985,46.125672]}},{"type":"Feature","properties":{"id":"st-1058","name":"宋","province":"黑龙江","city":"绥化","tier":"local","sourceCount":0,"source":"csv"},"geometry":{"type":"Point","coordinates":[125.625268,46.221145]}},{"type":"Feature","properties":{"id":"st-1059","name":"肇东","province":"黑龙江","city":"绥化","tier":"regional-hub","sourceCount":0,"source":"csv"},"geometry":{"type":"Point","coordinates":[125.992805,46.075684]}},{"type":"Feature","properties":{"id":"st-1060","name":"石磷","province":"黑龙江","city":"鸡西","tier":"local","sourceCount":0,"source":"csv"},"geometry":{"type":"Point","coordinates":[130.691484,45.165014]}},{"type":"Feature","properties":{"id":"st-1061","name":"哈达","province":"内蒙古自治区","city":"兴安盟","tier":"local","sourceCount":0,"source":"csv"},"geometry":{"type":"Point","coordinates":[121.397964,45.080626]}},{"type":"Feature","properties":{"id":"st-1062","name":"得耳布尔","province":"内蒙古自治区","city":"呼伦贝尔","tier":"local","sourceCount":0,"source":"csv"},"geometry":{"type":"Point","coordinates":[121.071757,50.991581]}},{"type":"Feature","properties":{"id":"st-1063","name":"金河","province":"内蒙古自治区","city":"呼伦贝尔","tier":"local","sourceCount":0,"source":"csv"},"geometry":{"type":"Point","coordinates":[121.492769,51.334415]}},{"type":"Feature","properties":{"id":"st-1064","name":"库都尔","province":"内蒙古自治区","city":"呼伦贝尔","tier":"local","sourceCount":0,"source":"csv"},"geometry":{"type":"Point","coordinates":[121.623651,50.025861]}},{"type":"Feature","properties":{"id":"st-1065","name":"岩山","province":"内蒙古自治区","city":"呼伦贝尔","tier":"local","sourceCount":0,"source":"csv"},"geometry":{"type":"Point","coordinates":[121.241154,49.708898]}},{"type":"Feature","properties":{"id":"st-1066","name":"西岭口","province":"内蒙古自治区","city":"呼伦贝尔","tier":"local","sourceCount":0,"source":"csv"},"geometry":{"type":"Point","coordinates":[121.477395,48.84707]}},{"type":"Feature","properties":{"id":"st-1067","name":"嵯岗","province":"内蒙古自治区","city":"呼伦贝尔","tier":"local","sourceCount":0,"source":"csv"},"geometry":{"type":"Point","coordinates":[118.091547,49.254605]}},{"type":"Feature","properties":{"id":"st-1068","name":"沟口","province":"内蒙古自治区","city":"呼伦贝尔","tier":"local","sourceCount":0,"source":"csv"},"geometry":{"type":"Point","coordinates":[122.019919,48.678095]}},{"type":"Feature","properties":{"id":"st-1069","name":"大良","province":"内蒙古自治区","city":"呼伦贝尔","tier":"local","sourceCount":0,"source":"csv"},"geometry":{"type":"Point","coordinates":[119.42547,49.176498]}},{"type":"Feature","properties":{"id":"st-1070","name":"东宫","province":"内蒙古自治区","city":"呼伦贝尔","tier":"local","sourceCount":0,"source":"csv"},"geometry":{"type":"Point","coordinates":[119.02841,49.160542]}},{"type":"Feature","properties":{"id":"st-1071","name":"都伦","province":"内蒙古自治区","city":"呼伦贝尔","tier":"local","sourceCount":0,"source":"csv"},"geometry":{"type":"Point","coordinates":[118.741873,49.178307]}},{"type":"Feature","properties":{"id":"st-1072","name":"陵丘","province":"内蒙古自治区","city":"呼伦贝尔","tier":"local","sourceCount":0,"source":"csv"},"geometry":{"type":"Point","coordinates":[118.607129,49.194281]}},{"type":"Feature","properties":{"id":"st-1073","name":"乌兰丘","province":"内蒙古自治区","city":"呼伦贝尔","tier":"local","sourceCount":0,"source":"csv"},"geometry":{"type":"Point","coordinates":[119.185033,49.144757]}},{"type":"Feature","properties":{"id":"st-1074","name":"莫尔道嘎","province":"内蒙古自治区","city":"呼伦贝尔","tier":"local","sourceCount":2,"source":"csv"},"geometry":{"type":"Point","coordinates":[120.803162,51.232665]}},{"type":"Feature","properties":{"id":"st-1075","name":"索图罕","province":"内蒙古自治区","city":"呼伦贝尔","tier":"local","sourceCount":0,"source":"csv"},"geometry":{"type":"Point","coordinates":[122.877843,50.630888]}},{"type":"Feature","properties":{"id":"st-1076","name":"大雁","province":"内蒙古自治区","city":"呼伦贝尔","tier":"local","sourceCount":0,"source":"csv"},"geometry":{"type":"Point","coordinates":[120.545844,49.230383]}},{"type":"Feature","properties":{"id":"st-1077","name":"阿乌尼","province":"内蒙古自治区","city":"呼伦贝尔","tier":"local","sourceCount":0,"source":"csv"},"geometry":{"type":"Point","coordinates":[121.991257,51.948889]}},{"type":"Feature","properties":{"id":"st-1078","name":"扎罗木得","province":"内蒙古自治区","city":"呼伦贝尔","tier":"local","sourceCount":0,"source":"csv"},"geometry":{"type":"Point","coordinates":[120.428185,49.215497]}},{"type":"Feature","properties":{"id":"st-1079","name":"朝中","province":"内蒙古自治区","city":"呼伦贝尔","tier":"local","sourceCount":0,"source":"csv"},"geometry":{"type":"Point","coordinates":[121.365952,50.914705]}},{"type":"Feature","properties":{"id":"st-1080","name":"牛耳河","province":"内蒙古自治区","city":"呼伦贝尔","tier":"local","sourceCount":0,"source":"csv"},"geometry":{"type":"Point","coordinates":[121.731619,51.550915]}},{"type":"Feature","properties":{"id":"st-1081","name":"阿龙山","province":"内蒙古自治区","city":"呼伦贝尔","tier":"local","sourceCount":0,"source":"csv"},"geometry":{"type":"Point","coordinates":[121.872887,51.686505]}},{"type":"Feature","properties":{"id":"st-1082","name":"金林","province":"内蒙古自治区","city":"呼伦贝尔","tier":"local","sourceCount":0,"source":"csv"},"geometry":{"type":"Point","coordinates":[121.261891,51.141408]}},{"type":"Feature","properties":{"id":"st-1083","name":"阿里河","province":"内蒙古自治区","city":"呼伦贝尔","tier":"local","sourceCount":0,"source":"csv"},"geometry":{"type":"Point","coordinates":[123.729832,50.584698]}},{"type":"Feature","properties":{"id":"st-1084","name":"布苏里","province":"内蒙古自治区","city":"呼伦贝尔","tier":"local","sourceCount":0,"source":"csv"},"geometry":{"type":"Point","coordinates":[123.427042,50.559569]}},{"type":"Feature","properties":{"id":"st-1085","name":"大杨树","province":"内蒙古自治区","city":"呼伦贝尔","tier":"local","sourceCount":0,"source":"csv"},"geometry":{"type":"Point","coordinates":[124.609423,49.753199]}},{"type":"Feature","properties":{"id":"st-1086","name":"春亭阁","province":"内蒙古自治区","city":"呼伦贝尔","tier":"local","sourceCount":0,"source":"csv"},"geometry":{"type":"Point","coordinates":[124.485323,49.789194]}},{"type":"Feature","properties":{"id":"st-1087","name":"大杨树东","province":"内蒙古自治区","city":"呼伦贝尔","tier":"regional-hub","sourceCount":0,"source":"csv"},"geometry":{"type":"Point","coordinates":[124.653943,49.710205]}},{"type":"Feature","properties":{"id":"st-1088","name":"甘河","province":"内蒙古自治区","city":"呼伦贝尔","tier":"local","sourceCount":0,"source":"csv"},"geometry":{"type":"Point","coordinates":[123.049724,50.628241]}},{"type":"Feature","properties":{"id":"st-1089","name":"吉文","province":"内蒙古自治区","city":"呼伦贝尔","tier":"local","sourceCount":0,"source":"csv"},"geometry":{"type":"Point","coordinates":[123.208485,50.593274]}},{"type":"Feature","properties":{"id":"st-1090","name":"克一河","province":"内蒙古自治区","city":"呼伦贝尔","tier":"local","sourceCount":0,"source":"csv"},"geometry":{"type":"Point","coordinates":[122.493669,50.656333]}},{"type":"Feature","properties":{"id":"st-1091","name":"喀喇其","province":"内蒙古自治区","city":"呼伦贝尔","tier":"local","sourceCount":0,"source":"csv"},"geometry":{"type":"Point","coordinates":[122.049237,50.700105]}},{"type":"Feature","properties":{"id":"st-1092","name":"讷尔克气","province":"内蒙古自治区","city":"呼伦贝尔","tier":"local","sourceCount":0,"source":"csv"},"geometry":{"type":"Point","coordinates":[124.247209,50.150905]}},{"type":"Feature","properties":{"id":"st-1093","name":"朝阳村","province":"内蒙古自治区","city":"呼伦贝尔","tier":"local","sourceCount":0,"source":"csv"},"geometry":{"type":"Point","coordinates":[124.321679,50.024183]}},{"type":"Feature","properties":{"id":"st-1094","name":"乌鲁布铁","province":"内蒙古自治区","city":"呼伦贝尔","tier":"local","sourceCount":0,"source":"csv"},"geometry":{"type":"Point","coordinates":[124.36736,49.887139]}},{"type":"Feature","properties":{"id":"st-1095","name":"根河","province":"内蒙古自治区","city":"呼伦贝尔","tier":"local","sourceCount":3,"source":"csv"},"geometry":{"type":"Point","coordinates":[121.502504,50.775856]}},{"type":"Feature","properties":{"id":"st-1096","name":"满归","province":"内蒙古自治区","city":"呼伦贝尔","tier":"local","sourceCount":2,"source":"csv"},"geometry":{"type":"Point","coordinates":[122.067387,52.03519]}},{"type":"Feature","properties":{"id":"st-1097","name":"哈达阳","province":"内蒙古自治区","city":"呼伦贝尔","tier":"local","sourceCount":0,"source":"csv"},"geometry":{"type":"Point","coordinates":[125.209293,49.300109]}},{"type":"Feature","properties":{"id":"st-1098","name":"哈力图","province":"内蒙古自治区","city":"呼伦贝尔","tier":"local","sourceCount":0,"source":"csv"},"geometry":{"type":"Point","coordinates":[125.186885,49.375068]}},{"type":"Feature","properties":{"id":"st-1099","name":"红彦","province":"内蒙古自治区","city":"呼伦贝尔","tier":"local","sourceCount":0,"source":"csv"},"geometry":{"type":"Point","coordinates":[124.975199,49.511788]}},{"type":"Feature","properties":{"id":"st-1100","name":"杨木山","province":"内蒙古自治区","city":"呼伦贝尔","tier":"local","sourceCount":0,"source":"csv"},"geometry":{"type":"Point","coordinates":[124.879783,49.56344]}},{"type":"Feature","properties":{"id":"st-1101","name":"达拉滨","province":"内蒙古自治区","city":"呼伦贝尔","tier":"local","sourceCount":0,"source":"csv"},"geometry":{"type":"Point","coordinates":[124.782139,49.66397]}},{"type":"Feature","properties":{"id":"st-1102","name":"汇流河","province":"内蒙古自治区","city":"呼伦贝尔","tier":"local","sourceCount":0,"source":"csv"},"geometry":{"type":"Point","coordinates":[120.835373,49.292987]}},{"type":"Feature","properties":{"id":"st-1103","name":"赫尔洪得","province":"内蒙古自治区","city":"呼伦贝尔","tier":"local","sourceCount":0,"source":"csv"},"geometry":{"type":"Point","coordinates":[118.458777,49.199927]}},{"type":"Feature","properties":{"id":"st-1104","name":"乌固诺尔","province":"内蒙古自治区","city":"呼伦贝尔","tier":"local","sourceCount":0,"source":"csv"},"geometry":{"type":"Point","coordinates":[119.319895,49.151856]}},{"type":"Feature","properties":{"id":"st-1105","name":"哈克","province":"内蒙古自治区","city":"呼伦贝尔","tier":"local","sourceCount":0,"source":"csv"},"geometry":{"type":"Point","coordinates":[120.075813,49.189604]}},{"type":"Feature","properties":{"id":"st-1106","name":"海拉尔","province":"内蒙古自治区","city":"呼伦贝尔","tier":"regional-hub","sourceCount":17,"source":"csv"},"geometry":{"type":"Point","coordinates":[119.733358,49.226856]}},{"type":"Feature","properties":{"id":"st-1107","name":"石门子","province":"内蒙古自治区","city":"呼伦贝尔","tier":"local","sourceCount":0,"source":"csv"},"geometry":{"type":"Point","coordinates":[121.573236,48.544929]}},{"type":"Feature","properties":{"id":"st-1108","name":"原林","province":"内蒙古自治区","city":"呼伦贝尔","tier":"local","sourceCount":0,"source":"csv"},"geometry":{"type":"Point","coordinates":[121.3885,49.884834]}},{"type":"Feature","properties":{"id":"st-1109","name":"岭南","province":"内蒙古自治区","city":"呼伦贝尔","tier":"regional-hub","sourceCount":0,"source":"csv"},"geometry":{"type":"Point","coordinates":[121.779172,50.209716]}},{"type":"Feature","properties":{"id":"st-1110","name":"图里河","province":"内蒙古自治区","city":"呼伦贝尔","tier":"local","sourceCount":0,"source":"csv"},"geometry":{"type":"Point","coordinates":[121.66773,50.482362]}},{"type":"Feature","properties":{"id":"st-1111","name":"伊图里河","province":"内蒙古自治区","city":"呼伦贝尔","tier":"local","sourceCount":1,"source":"csv"},"geometry":{"type":"Point","coordinates":[121.546014,50.627083]}},{"type":"Feature","properties":{"id":"st-1112","name":"岭北","province":"内蒙古自治区","city":"呼伦贝尔","tier":"regional-hub","sourceCount":0,"source":"csv"},"geometry":{"type":"Point","coordinates":[121.754185,50.305896]}},{"type":"Feature","properties":{"id":"st-1113","name":"乌尔旗汗","province":"内蒙古自治区","city":"呼伦贝尔","tier":"local","sourceCount":0,"source":"csv"},"geometry":{"type":"Point","coordinates":[121.38461,49.56968]}},{"type":"Feature","properties":{"id":"st-1114","name":"煤田","province":"内蒙古自治区","city":"呼伦贝尔","tier":"local","sourceCount":0,"source":"csv"},"geometry":{"type":"Point","coordinates":[121.312813,49.477726]}},{"type":"Feature","properties":{"id":"st-1115","name":"牧原","province":"内蒙古自治区","city":"呼伦贝尔","tier":"local","sourceCount":0,"source":"csv"},"geometry":{"type":"Point","coordinates":[121.126961,49.407215]}},{"type":"Feature","properties":{"id":"st-1116","name":"东壕","province":"内蒙古自治区","city":"通辽","tier":"local","sourceCount":0,"source":"csv"},"geometry":{"type":"Point","coordinates":[117.641643,49.499331]}},{"type":"Feature","properties":{"id":"st-1117","name":"胪滨","province":"内蒙古自治区","city":"呼伦贝尔","tier":"local","sourceCount":0,"source":"csv"},"geometry":{"type":"Point","coordinates":[117.539176,49.54773]}},{"type":"Feature","properties":{"id":"st-1118","name":"满洲里","province":"内蒙古自治区","city":"呼伦贝尔","tier":"regional-hub","sourceCount":13,"source":"csv"},"geometry":{"type":"Point","coordinates":[117.442149,49.582663]}},{"type":"Feature","properties":{"id":"st-1119","name":"扎赉诺尔","province":"内蒙古自治区","city":"呼伦贝尔","tier":"local","sourceCount":0,"source":"csv"},"geometry":{"type":"Point","coordinates":[117.761423,49.442067]}},{"type":"Feature","properties":{"id":"st-1120","name":"扎赉诺尔西","province":"内蒙古自治区","city":"呼伦贝尔","tier":"regional-hub","sourceCount":0,"source":"csv"},"geometry":{"type":"Point","coordinates":[117.687066,49.470247]}},{"type":"Feature","properties":{"id":"st-1121","name":"湖北","province":"内蒙古自治区","city":"锡林郭勒盟","tier":"regional-hub","sourceCount":0,"source":"csv"},"geometry":{"type":"Point","coordinates":[117.857032,49.382002]}},{"type":"Feature","properties":{"id":"st-1122","name":"皇德","province":"内蒙古自治区","city":"锡林郭勒盟","tier":"local","sourceCount":0,"source":"csv"},"geometry":{"type":"Point","coordinates":[118.315579,49.231076]}},{"type":"Feature","properties":{"id":"st-1123","name":"巴林","province":"内蒙古自治区","city":"呼伦贝尔","tier":"local","sourceCount":0,"source":"csv"},"geometry":{"type":"Point","coordinates":[122.326504,48.313809]}},{"type":"Feature","properties":{"id":"st-1124","name":"喇嘛山","province":"内蒙古自治区","city":"呼伦贝尔","tier":"local","sourceCount":0,"source":"csv"},"geometry":{"type":"Point","coordinates":[122.254857,48.384448]}},{"type":"Feature","properties":{"id":"st-1125","name":"雅鲁","province":"内蒙古自治区","city":"呼伦贝尔","tier":"local","sourceCount":0,"source":"csv"},"geometry":{"type":"Point","coordinates":[122.137528,48.547855]}},{"type":"Feature","properties":{"id":"st-1126","name":"北头河","province":"内蒙古自治区","city":"呼伦贝尔","tier":"local","sourceCount":0,"source":"csv"},"geometry":{"type":"Point","coordinates":[121.121106,49.027116]}},{"type":"Feature","properties":{"id":"st-1127","name":"博克图","province":"内蒙古自治区","city":"呼伦贝尔","tier":"local","sourceCount":0,"source":"csv"},"geometry":{"type":"Point","coordinates":[121.90977,48.751852]}},{"type":"Feature","properties":{"id":"st-1128","name":"新绰源","province":"内蒙古自治区","city":"呼伦贝尔","tier":"local","sourceCount":0,"source":"csv"},"geometry":{"type":"Point","coordinates":[121.306986,48.297633]}},{"type":"Feature","properties":{"id":"st-1129","name":"哈拉沟","province":"内蒙古自治区","city":"呼伦贝尔","tier":"local","sourceCount":0,"source":"csv"},"geometry":{"type":"Point","coordinates":[121.345355,48.825485]}},{"type":"Feature","properties":{"id":"st-1130","name":"免渡河","province":"内蒙古自治区","city":"呼伦贝尔","tier":"local","sourceCount":0,"source":"csv"},"geometry":{"type":"Point","coordinates":[121.060142,49.097761]}},{"type":"Feature","properties":{"id":"st-1131","name":"沙力","province":"内蒙古自治区","city":"呼伦贝尔","tier":"local","sourceCount":0,"source":"csv"},"geometry":{"type":"Point","coordinates":[121.81331,48.767237]}},{"type":"Feature","properties":{"id":"st-1132","name":"塔尔气","province":"内蒙古自治区","city":"呼伦贝尔","tier":"local","sourceCount":2,"source":"csv"},"geometry":{"type":"Point","coordinates":[121.188077,47.984622]}},{"type":"Feature","properties":{"id":"st-1133","name":"乌奴耳","province":"内蒙古自治区","city":"呼伦贝尔","tier":"local","sourceCount":0,"source":"csv"},"geometry":{"type":"Point","coordinates":[121.242189,48.871527]}},{"type":"Feature","properties":{"id":"st-1134","name":"小北","province":"内蒙古自治区","city":"呼伦贝尔","tier":"regional-hub","sourceCount":0,"source":"csv"},"geometry":{"type":"Point","coordinates":[120.951791,49.171439]}},{"type":"Feature","properties":{"id":"st-1135","name":"新帐房","province":"内蒙古自治区","city":"呼伦贝尔","tier":"local","sourceCount":0,"source":"csv"},"geometry":{"type":"Point","coordinates":[121.813622,50.1385]}},{"type":"Feature","properties":{"id":"st-1136","name":"兴安岭","province":"内蒙古自治区","city":"呼伦贝尔","tier":"local","sourceCount":0,"source":"csv"},"geometry":{"type":"Point","coordinates":[121.665871,48.819082]}},{"type":"Feature","properties":{"id":"st-1137","name":"大其拉哈","province":"内蒙古自治区","city":"呼伦贝尔","tier":"local","sourceCount":0,"source":"csv"},"geometry":{"type":"Point","coordinates":[121.748756,50.694785]}},{"type":"Feature","properties":{"id":"st-1138","name":"牙克石","province":"内蒙古自治区","city":"呼伦贝尔","tier":"local","sourceCount":0,"source":"csv"},"geometry":{"type":"Point","coordinates":[120.73107,49.277433]}},{"type":"Feature","properties":{"id":"st-1139","name":"忠工屯","province":"内蒙古自治区","city":"呼伦贝尔","tier":"local","sourceCount":0,"source":"csv"},"geometry":{"type":"Point","coordinates":[121.753427,48.620886]}},{"type":"Feature","properties":{"id":"st-1140","name":"成吉思汗","province":"内蒙古自治区","city":"呼伦贝尔","tier":"local","sourceCount":0,"source":"csv"},"geometry":{"type":"Point","coordinates":[122.832926,47.746372]}},{"type":"Feature","properties":{"id":"st-1141","name":"高台子","province":"内蒙古自治区","city":"呼伦贝尔","tier":"local","sourceCount":0,"source":"csv"},"geometry":{"type":"Point","coordinates":[122.795538,47.93486]}},{"type":"Feature","properties":{"id":"st-1142","name":"哈拉苏","province":"内蒙古自治区","city":"呼伦贝尔","tier":"local","sourceCount":0,"source":"csv"},"geometry":{"type":"Point","coordinates":[122.421356,48.114386]}},{"type":"Feature","properties":{"id":"st-1143","name":"南木","province":"内蒙古自治区","city":"呼伦贝尔","tier":"local","sourceCount":0,"source":"csv"},"geometry":{"type":"Point","coordinates":[122.360093,48.176548]}},{"type":"Feature","properties":{"id":"st-1144","name":"扎兰屯","province":"内蒙古自治区","city":"呼伦贝尔","tier":"regional-hub","sourceCount":4,"source":"csv"},"geometry":{"type":"Point","coordinates":[122.737188,48.015481]}},{"type":"Feature","properties":{"id":"st-1145","name":"卧牛河","province":"内蒙古自治区","city":"呼伦贝尔","tier":"local","sourceCount":0,"source":"csv"},"geometry":{"type":"Point","coordinates":[122.686072,48.078837]}},{"type":"Feature","properties":{"id":"st-1146","name":"西里","province":"内蒙古自治区","city":"锡林郭勒盟","tier":"local","sourceCount":0,"source":"csv"},"geometry":{"type":"Point","coordinates":[112.069592,43.552179]}},{"type":"Feature","properties":{"id":"st-1147","name":"齐哈日格图","province":"内蒙古自治区","city":"锡林郭勒盟","tier":"local","sourceCount":0,"source":"csv"},"geometry":{"type":"Point","coordinates":[112.350404,43.231583]}},{"type":"Feature","properties":{"id":"st-1148","name":"赛乌苏","province":"内蒙古自治区","city":"锡林郭勒盟","tier":"local","sourceCount":0,"source":"csv"},"geometry":{"type":"Point","coordinates":[112.13558,43.474248]}},{"type":"Feature","properties":{"id":"st-1149","name":"查干特格","province":"内蒙古自治区","city":"锡林郭勒盟","tier":"local","sourceCount":0,"source":"csv"},"geometry":{"type":"Point","coordinates":[112.236346,43.375123]}},{"type":"Feature","properties":{"id":"st-1150","name":"夏拉哈马","province":"内蒙古自治区","city":"锡林郭勒盟","tier":"local","sourceCount":0,"source":"csv"},"geometry":{"type":"Point","coordinates":[112.387433,43.177559]}},{"type":"Feature","properties":{"id":"st-1151","name":"民族","province":"内蒙古自治区","city":"呼和浩特","tier":"local","sourceCount":0,"source":"csv"},"geometry":{"type":"Point","coordinates":[112.091361,40.893869]}},{"type":"Feature","properties":{"id":"st-1152","name":"陶卜齐","province":"内蒙古自治区","city":"呼和浩特","tier":"local","sourceCount":0,"source":"csv"},"geometry":{"type":"Point","coordinates":[112.034432,40.885714]}},{"type":"Feature","properties":{"id":"st-1153","name":"乌兰胡同","province":"内蒙古自治区","city":"包头","tier":"local","sourceCount":0,"source":"csv"},"geometry":{"type":"Point","coordinates":[109.862761,41.608356]}},{"type":"Feature","properties":{"id":"st-1154","name":"包头东","province":"内蒙古自治区","city":"包头","tier":"regional-hub","sourceCount":5,"source":"csv"},"geometry":{"type":"Point","coordinates":[110.018848,40.568993]}},{"type":"Feature","properties":{"id":"st-1155","name":"老羊壕","province":"内蒙古自治区","city":"包头","tier":"local","sourceCount":0,"source":"csv"},"geometry":{"type":"Point","coordinates":[109.836114,41.391768]}},{"type":"Feature","properties":{"id":"st-1156","name":"额济纳","province":"内蒙古自治区","city":"阿拉善盟","tier":"local","sourceCount":1,"source":"csv"},"geometry":{"type":"Point","coordinates":[101.032086,41.897122]}},{"type":"Feature","properties":{"id":"st-1157","name":"本井","province":"内蒙古自治区","city":"阿拉善盟","tier":"local","sourceCount":0,"source":"csv"},"geometry":{"type":"Point","coordinates":[105.906428,39.402848]}},{"type":"Feature","properties":{"id":"st-1158","name":"黑沙土","province":"内蒙古自治区","city":"阿拉善盟","tier":"local","sourceCount":0,"source":"csv"},"geometry":{"type":"Point","coordinates":[106.37611,39.461546]}},{"type":"Feature","properties":{"id":"st-1159","name":"巴彦高勒","province":"内蒙古自治区","city":"巴彦淖尔","tier":"local","sourceCount":0,"source":"csv"},"geometry":{"type":"Point","coordinates":[107.015944,40.331973]}},{"type":"Feature","properties":{"id":"st-1160","name":"头道桥","province":"内蒙古自治区","city":"巴彦淖尔","tier":"local","sourceCount":0,"source":"csv"},"geometry":{"type":"Point","coordinates":[107.14007,40.588393]}},{"type":"Feature","properties":{"id":"st-1161","name":"临河","province":"内蒙古自治区","city":"巴彦淖尔","tier":"local","sourceCount":3,"source":"csv"},"geometry":{"type":"Point","coordinates":[107.423383,40.742258]}},{"type":"Feature","properties":{"id":"st-1162","name":"白彦花","province":"内蒙古自治区","city":"巴彦淖尔","tier":"local","sourceCount":0,"source":"csv"},"geometry":{"type":"Point","coordinates":[109.290449,40.626797]}},{"type":"Feature","properties":{"id":"st-1163","name":"乌拉山","province":"内蒙古自治区","city":"巴彦淖尔","tier":"local","sourceCount":0,"source":"csv"},"geometry":{"type":"Point","coordinates":[108.772958,40.656144]}},{"type":"Feature","properties":{"id":"st-1164","name":"乌拉特前旗","province":"内蒙古自治区","city":"巴彦淖尔","tier":"local","sourceCount":0,"source":"csv"},"geometry":{"type":"Point","coordinates":[108.645442,40.711922]}},{"type":"Feature","properties":{"id":"st-1165","name":"公庙子","province":"内蒙古自治区","city":"巴彦淖尔","tier":"local","sourceCount":0,"source":"csv"},"geometry":{"type":"Point","coordinates":[108.959264,40.623876]}},{"type":"Feature","properties":{"id":"st-1166","name":"四分滩","province":"内蒙古自治区","city":"巴彦淖尔","tier":"local","sourceCount":0,"source":"csv"},"geometry":{"type":"Point","coordinates":[107.707161,40.869105]}},{"type":"Feature","properties":{"id":"st-1167","name":"包头","province":"内蒙古自治区","city":"包头","tier":"regional-hub","sourceCount":47,"source":"csv"},"geometry":{"type":"Point","coordinates":[109.830195,40.605048]}},{"type":"Feature","properties":{"id":"st-1168","name":"白云鄂博","province":"内蒙古自治区","city":"包头","tier":"local","sourceCount":2,"source":"csv"},"geometry":{"type":"Point","coordinates":[109.952389,41.770895]}},{"type":"Feature","properties":{"id":"st-1169","name":"东兴","province":"内蒙古自治区","city":"包头","tier":"local","sourceCount":0,"source":"csv"},"geometry":{"type":"Point","coordinates":[110.189224,40.556035]}},{"type":"Feature","properties":{"id":"st-1170","name":"公积坂","province":"内蒙古自治区","city":"包头","tier":"local","sourceCount":0,"source":"csv"},"geometry":{"type":"Point","coordinates":[110.360636,40.55709]}},{"type":"Feature","properties":{"id":"st-1171","name":"西斗铺","province":"内蒙古自治区","city":"包头","tier":"local","sourceCount":0,"source":"csv"},"geometry":{"type":"Point","coordinates":[109.791204,41.220111]}},{"type":"Feature","properties":{"id":"st-1172","name":"坝梁","province":"内蒙古自治区","city":"包头","tier":"local","sourceCount":0,"source":"csv"},"geometry":{"type":"Point","coordinates":[109.765437,41.089369]}},{"type":"Feature","properties":{"id":"st-1173","name":"艾不盖","province":"内蒙古自治区","city":"包头","tier":"local","sourceCount":0,"source":"csv"},"geometry":{"type":"Point","coordinates":[109.861666,41.535362]}},{"type":"Feature","properties":{"id":"st-1174","name":"瓦窑坝","province":"内蒙古自治区","city":"包头","tier":"local","sourceCount":0,"source":"csv"},"geometry":{"type":"Point","coordinates":[109.800708,40.739523]}},{"type":"Feature","properties":{"id":"st-1175","name":"哈业胡同","province":"内蒙古自治区","city":"包头","tier":"local","sourceCount":0,"source":"csv"},"geometry":{"type":"Point","coordinates":[109.437047,40.624733]}},{"type":"Feature","properties":{"id":"st-1176","name":"美岱召","province":"内蒙古自治区","city":"包头","tier":"local","sourceCount":0,"source":"csv"},"geometry":{"type":"Point","coordinates":[110.739119,40.582638]}},{"type":"Feature","properties":{"id":"st-1177","name":"萨拉齐","province":"内蒙古自治区","city":"包头","tier":"local","sourceCount":0,"source":"csv"},"geometry":{"type":"Point","coordinates":[110.525634,40.563342]}},{"type":"Feature","properties":{"id":"st-1178","name":"沙日乃","province":"内蒙古自治区","city":"赤峰","tier":"local","sourceCount":0,"source":"csv"},"geometry":{"type":"Point","coordinates":[120.555059,43.673081]}},{"type":"Feature","properties":{"id":"st-1179","name":"道德","province":"内蒙古自治区","city":"赤峰","tier":"local","sourceCount":0,"source":"csv"},"geometry":{"type":"Point","coordinates":[120.418891,43.708695]}},{"type":"Feature","properties":{"id":"st-1180","name":"准沙日乌苏","province":"内蒙古自治区","city":"赤峰","tier":"local","sourceCount":0,"source":"csv"},"geometry":{"type":"Point","coordinates":[120.831114,43.659864]}},{"type":"Feature","properties":{"id":"st-1181","name":"八家子","province":"吉林","city":"延边朝鲜族自治州","tier":"local","sourceCount":0,"source":"csv"},"geometry":{"type":"Point","coordinates":[129.133182,42.665562]}},{"type":"Feature","properties":{"id":"st-1182","name":"福兴地","province":"内蒙古自治区","city":"赤峰","tier":"local","sourceCount":0,"source":"csv"},"geometry":{"type":"Point","coordinates":[120.185777,43.748905]}},{"type":"Feature","properties":{"id":"st-1183","name":"查布嘎","province":"内蒙古自治区","city":"赤峰","tier":"local","sourceCount":0,"source":"csv"},"geometry":{"type":"Point","coordinates":[120.069613,43.861022]}},{"type":"Feature","properties":{"id":"st-1184","name":"西沟","province":"内蒙古自治区","city":"赤峰","tier":"local","sourceCount":0,"source":"csv"},"geometry":{"type":"Point","coordinates":[97.96904,39.668427]}},{"type":"Feature","properties":{"id":"st-1185","name":"宝木吐","province":"内蒙古自治区","city":"赤峰","tier":"local","sourceCount":0,"source":"csv"},"geometry":{"type":"Point","coordinates":[118.769575,43.635748]}},{"type":"Feature","properties":{"id":"st-1186","name":"大板","province":"内蒙古自治区","city":"赤峰","tier":"local","sourceCount":0,"source":"csv"},"geometry":{"type":"Point","coordinates":[118.639743,43.529012]}},{"type":"Feature","properties":{"id":"st-1187","name":"平顶庙","province":"内蒙古自治区","city":"赤峰","tier":"local","sourceCount":0,"source":"csv"},"geometry":{"type":"Point","coordinates":[118.409632,43.591555]}},{"type":"Feature","properties":{"id":"st-1188","name":"查干哈达","province":"内蒙古自治区","city":"赤峰","tier":"local","sourceCount":0,"source":"csv"},"geometry":{"type":"Point","coordinates":[119.291956,43.776225]}},{"type":"Feature","properties":{"id":"st-1189","name":"达日其嘎","province":"内蒙古自治区","city":"赤峰","tier":"local","sourceCount":0,"source":"csv"},"geometry":{"type":"Point","coordinates":[119.254587,43.839614]}},{"type":"Feature","properties":{"id":"st-1190","name":"林东","province":"内蒙古自治区","city":"赤峰","tier":"regional-hub","sourceCount":0,"source":"csv"},"geometry":{"type":"Point","coordinates":[119.405931,43.93237]}},{"type":"Feature","properties":{"id":"st-1191","name":"衙门庙","province":"内蒙古自治区","city":"赤峰","tier":"local","sourceCount":0,"source":"csv"},"geometry":{"type":"Point","coordinates":[119.53504,43.924266]}},{"type":"Feature","properties":{"id":"st-1192","name":"公主埂","province":"内蒙古自治区","city":"赤峰","tier":"local","sourceCount":0,"source":"csv"},"geometry":{"type":"Point","coordinates":[116.711398,42.925227]}},{"type":"Feature","properties":{"id":"st-1193","name":"好鲁库","province":"内蒙古自治区","city":"赤峰","tier":"local","sourceCount":0,"source":"csv"},"geometry":{"type":"Point","coordinates":[116.796752,42.989167]}},{"type":"Feature","properties":{"id":"st-1194","name":"北井子","province":"内蒙古自治区","city":"赤峰","tier":"local","sourceCount":0,"source":"csv"},"geometry":{"type":"Point","coordinates":[116.90758,43.027687]}},{"type":"Feature","properties":{"id":"st-1195","name":"经棚","province":"内蒙古自治区","city":"赤峰","tier":"local","sourceCount":0,"source":"csv"},"geometry":{"type":"Point","coordinates":[117.530906,43.270945]}},{"type":"Feature","properties":{"id":"st-1196","name":"马架子","province":"内蒙古自治区","city":"赤峰","tier":"local","sourceCount":0,"source":"csv"},"geometry":{"type":"Point","coordinates":[117.34492,43.227188]}},{"type":"Feature","properties":{"id":"st-1197","name":"汗苏鲁","province":"内蒙古自治区","city":"赤峰","tier":"local","sourceCount":0,"source":"csv"},"geometry":{"type":"Point","coordinates":[117.036806,43.068609]}},{"type":"Feature","properties":{"id":"st-1198","name":"下坑子","province":"内蒙古自治区","city":"赤峰","tier":"local","sourceCount":0,"source":"csv"},"geometry":{"type":"Point","coordinates":[117.562639,43.320764]}},{"type":"Feature","properties":{"id":"st-1199","name":"上店","province":"内蒙古自治区","city":"赤峰","tier":"local","sourceCount":0,"source":"csv"},"geometry":{"type":"Point","coordinates":[117.630773,43.383678]}},{"type":"Feature","properties":{"id":"st-1200","name":"嘎拉德斯汰","province":"内蒙古自治区","city":"赤峰","tier":"local","sourceCount":0,"source":"csv"},"geometry":{"type":"Point","coordinates":[117.742705,43.468459]}},{"type":"Feature","properties":{"id":"st-1201","name":"六地沟","province":"内蒙古自治区","city":"赤峰","tier":"local","sourceCount":0,"source":"csv"},"geometry":{"type":"Point","coordinates":[117.699668,43.425662]}},{"type":"Feature","properties":{"id":"st-1202","name":"宇宙地","province":"内蒙古自治区","city":"赤峰","tier":"local","sourceCount":0,"source":"csv"},"geometry":{"type":"Point","coordinates":[117.858494,43.548155]}},{"type":"Feature","properties":{"id":"st-1203","name":"温都和硕","province":"内蒙古自治区","city":"赤峰","tier":"local","sourceCount":0,"source":"csv"},"geometry":{"type":"Point","coordinates":[118.304355,43.601031]}},{"type":"Feature","properties":{"id":"st-1204","name":"林西","province":"内蒙古自治区","city":"赤峰","tier":"regional-hub","sourceCount":0,"source":"csv"},"geometry":{"type":"Point","coordinates":[118.074377,43.591022]}},{"type":"Feature","properties":{"id":"st-1205","name":"杭锦旗","province":"内蒙古自治区","city":"鄂尔多斯","tier":"local","sourceCount":0,"source":"csv"},"geometry":{"type":"Point","coordinates":[107.031461,40.268371]}},{"type":"Feature","properties":{"id":"st-1206","name":"东胜西","province":"内蒙古自治区","city":"鄂尔多斯","tier":"regional-hub","sourceCount":1,"source":"csv"},"geometry":{"type":"Point","coordinates":[109.871695,39.723132]}},{"type":"Feature","properties":{"id":"st-1207","name":"毕克齐","province":"内蒙古自治区","city":"呼伦贝尔","tier":"local","sourceCount":0,"source":"csv"},"geometry":{"type":"Point","coordinates":[111.272842,40.720908]}},{"type":"Feature","properties":{"id":"st-1208","name":"察素齐","province":"内蒙古自治区","city":"呼和浩特","tier":"local","sourceCount":0,"source":"csv"},"geometry":{"type":"Point","coordinates":[111.119381,40.703897]}},{"type":"Feature","properties":{"id":"st-1209","name":"哲里木","province":"内蒙古自治区","city":"通辽","tier":"local","sourceCount":0,"source":"csv"},"geometry":{"type":"Point","coordinates":[122.195049,43.631345]}},{"type":"Feature","properties":{"id":"st-1210","name":"金家店","province":"内蒙古自治区","city":"通辽","tier":"local","sourceCount":0,"source":"csv"},"geometry":{"type":"Point","coordinates":[121.558168,43.652497]}},{"type":"Feature","properties":{"id":"st-1211","name":"开鲁","province":"内蒙古自治区","city":"通辽","tier":"local","sourceCount":0,"source":"csv"},"geometry":{"type":"Point","coordinates":[121.278978,43.630299]}},{"type":"Feature","properties":{"id":"st-1212","name":"福巨","province":"内蒙古自治区","city":"通辽","tier":"local","sourceCount":0,"source":"csv"},"geometry":{"type":"Point","coordinates":[121.875983,43.634049]}},{"type":"Feature","properties":{"id":"st-1213","name":"陶思浩","province":"内蒙古自治区","city":"呼和浩特","tier":"local","sourceCount":0,"source":"csv"},"geometry":{"type":"Point","coordinates":[110.9263,40.658223]}},{"type":"Feature","properties":{"id":"st-1214","name":"乌海北","province":"内蒙古自治区","city":"乌海","tier":"regional-hub","sourceCount":0,"source":"csv"},"geometry":{"type":"Point","coordinates":[106.774656,39.799907]}},{"type":"Feature","properties":{"id":"st-1215","name":"黄白茨","province":"内蒙古自治区","city":"乌海","tier":"local","sourceCount":0,"source":"csv"},"geometry":{"type":"Point","coordinates":[106.76874,39.542469]}},{"type":"Feature","properties":{"id":"st-1216","name":"明安","province":"内蒙古自治区","city":"巴彦淖尔","tier":"local","sourceCount":0,"source":"csv"},"geometry":{"type":"Point","coordinates":[109.803375,40.854166]}},{"type":"Feature","properties":{"id":"st-1217","name":"高家村","province":"内蒙古自治区","city":"包头","tier":"local","sourceCount":0,"source":"csv"},"geometry":{"type":"Point","coordinates":[109.79174,40.979807]}},{"type":"Feature","properties":{"id":"st-1218","name":"丰镇","province":"内蒙古自治区","city":"乌兰察布","tier":"local","sourceCount":0,"source":"csv"},"geometry":{"type":"Point","coordinates":[113.156426,40.434051]}},{"type":"Feature","properties":{"id":"st-1219","name":"七苏木","province":"内蒙古自治区","city":"乌兰察布","tier":"local","sourceCount":0,"source":"csv"},"geometry":{"type":"Point","coordinates":[113.185425,41.077814]}},{"type":"Feature","properties":{"id":"st-1220","name":"白音察干","province":"内蒙古自治区","city":"乌兰察布","tier":"local","sourceCount":0,"source":"csv"},"geometry":{"type":"Point","coordinates":[113.17803,41.453597]}},{"type":"Feature","properties":{"id":"st-1221","name":"宝拉格","province":"内蒙古自治区","city":"乌兰察布","tier":"local","sourceCount":0,"source":"csv"},"geometry":{"type":"Point","coordinates":[113.140904,41.700813]}},{"type":"Feature","properties":{"id":"st-1222","name":"土牧尔台","province":"内蒙古自治区","city":"乌兰察布","tier":"local","sourceCount":0,"source":"csv"},"geometry":{"type":"Point","coordinates":[113.138146,41.848825]}},{"type":"Feature","properties":{"id":"st-1223","name":"阿贵图","province":"内蒙古自治区","city":"乌兰察布","tier":"local","sourceCount":0,"source":"csv"},"geometry":{"type":"Point","coordinates":[113.134159,41.781845]}},{"type":"Feature","properties":{"id":"st-1224","name":"芦家村","province":"内蒙古自治区","city":"乌兰察布","tier":"local","sourceCount":0,"source":"csv"},"geometry":{"type":"Point","coordinates":[113.19641,41.380475]}},{"type":"Feature","properties":{"id":"st-1225","name":"乌兰哈达","province":"内蒙古自治区","city":"乌兰察布","tier":"local","sourceCount":0,"source":"csv"},"geometry":{"type":"Point","coordinates":[113.181905,41.632209]}},{"type":"Feature","properties":{"id":"st-1226","name":"土贵乌拉","province":"内蒙古自治区","city":"乌兰察布","tier":"local","sourceCount":0,"source":"csv"},"geometry":{"type":"Point","coordinates":[113.198559,40.784388]}},{"type":"Feature","properties":{"id":"st-1227","name":"红砂坝","province":"内蒙古自治区","city":"乌兰察布","tier":"local","sourceCount":0,"source":"csv"},"geometry":{"type":"Point","coordinates":[113.205201,40.681828]}},{"type":"Feature","properties":{"id":"st-1228","name":"新安庄","province":"内蒙古自治区","city":"乌兰察布","tier":"local","sourceCount":0,"source":"csv"},"geometry":{"type":"Point","coordinates":[113.223847,40.530185]}},{"type":"Feature","properties":{"id":"st-1229","name":"大陆号","province":"内蒙古自治区","city":"乌兰察布","tier":"local","sourceCount":0,"source":"csv"},"geometry":{"type":"Point","coordinates":[113.277046,41.205025]}},{"type":"Feature","properties":{"id":"st-1230","name":"保健","province":"内蒙古自治区","city":"乌兰察布","tier":"local","sourceCount":0,"source":"csv"},"geometry":{"type":"Point","coordinates":[113.100301,41.029315]}},{"type":"Feature","properties":{"id":"st-1231","name":"兴和","province":"内蒙古自治区","city":"锡林郭勒盟","tier":"local","sourceCount":0,"source":"csv"},"geometry":{"type":"Point","coordinates":[113.809339,40.848997]}},{"type":"Feature","properties":{"id":"st-1232","name":"苏集","province":"内蒙古自治区","city":"乌兰察布","tier":"local","sourceCount":0,"source":"csv"},"geometry":{"type":"Point","coordinates":[113.106439,40.898387]}},{"type":"Feature","properties":{"id":"st-1233","name":"石门村","province":"内蒙古自治区","city":"包头","tier":"local","sourceCount":0,"source":"csv"},"geometry":{"type":"Point","coordinates":[109.783526,41.036575]}},{"type":"Feature","properties":{"id":"st-1234","name":"营盘湾","province":"内蒙古自治区","city":"巴彦淖尔","tier":"local","sourceCount":0,"source":"csv"},"geometry":{"type":"Point","coordinates":[109.787062,40.923299]}},{"type":"Feature","properties":{"id":"st-1235","name":"集宁南","province":"内蒙古自治区","city":"乌兰察布","tier":"regional-hub","sourceCount":0,"source":"csv"},"geometry":{"type":"Point","coordinates":[113.092543,41.029618]}},{"type":"Feature","properties":{"id":"st-1236","name":"兴和西","province":"内蒙古自治区","city":"乌兰察布","tier":"regional-hub","sourceCount":0,"source":"csv"},"geometry":{"type":"Point","coordinates":[113.806536,40.847986]}},{"type":"Feature","properties":{"id":"st-1237","name":"旗下营","province":"内蒙古自治区","city":"乌兰察布","tier":"local","sourceCount":0,"source":"csv"},"geometry":{"type":"Point","coordinates":[112.14627,40.975337]}},{"type":"Feature","properties":{"id":"st-1238","name":"卓资山","province":"内蒙古自治区","city":"乌兰察布","tier":"local","sourceCount":0,"source":"csv"},"geometry":{"type":"Point","coordinates":[112.555131,40.901056]}},{"type":"Feature","properties":{"id":"st-1239","name":"八苏木","province":"内蒙古自治区","city":"乌兰察布","tier":"local","sourceCount":0,"source":"csv"},"geometry":{"type":"Point","coordinates":[112.84156,40.951386]}},{"type":"Feature","properties":{"id":"st-1240","name":"福生庄","province":"内蒙古自治区","city":"乌兰察布","tier":"local","sourceCount":0,"source":"csv"},"geometry":{"type":"Point","coordinates":[112.455458,40.966178]}},{"type":"Feature","properties":{"id":"st-1241","name":"姑家堡","province":"内蒙古自治区","city":"乌兰察布","tier":"local","sourceCount":0,"source":"csv"},"geometry":{"type":"Point","coordinates":[112.614023,40.918773]}},{"type":"Feature","properties":{"id":"st-1242","name":"马盖图","province":"内蒙古自治区","city":"乌兰察布","tier":"local","sourceCount":0,"source":"csv"},"geometry":{"type":"Point","coordinates":[112.699106,40.905447]}},{"type":"Feature","properties":{"id":"st-1243","name":"三道营","province":"内蒙古自治区","city":"乌兰察布","tier":"local","sourceCount":0,"source":"csv"},"geometry":{"type":"Point","coordinates":[112.289214,40.991085]}},{"type":"Feature","properties":{"id":"st-1244","name":"十八台","province":"内蒙古自治区","city":"乌兰察布","tier":"local","sourceCount":0,"source":"csv"},"geometry":{"type":"Point","coordinates":[112.811602,40.903466]}},{"type":"Feature","properties":{"id":"st-1245","name":"卓资东","province":"内蒙古自治区","city":"乌兰察布","tier":"regional-hub","sourceCount":0,"source":"csv"},"geometry":{"type":"Point","coordinates":[112.612932,40.922947]}},{"type":"Feature","properties":{"id":"st-1246","name":"朱日和","province":"内蒙古自治区","city":"锡林郭勒盟","tier":"local","sourceCount":0,"source":"csv"},"geometry":{"type":"Point","coordinates":[112.892945,42.395791]}},{"type":"Feature","properties":{"id":"st-1247","name":"巴彦郭勒","province":"内蒙古自治区","city":"锡林郭勒盟","tier":"local","sourceCount":0,"source":"csv"},"geometry":{"type":"Point","coordinates":[112.976335,42.186671]}},{"type":"Feature","properties":{"id":"st-1248","name":"白银哈尔","province":"内蒙古自治区","city":"锡林郭勒盟","tier":"local","sourceCount":0,"source":"csv"},"geometry":{"type":"Point","coordinates":[113.014838,42.117224]}},{"type":"Feature","properties":{"id":"st-1249","name":"德日斯图","province":"内蒙古自治区","city":"锡林郭勒盟","tier":"local","sourceCount":0,"source":"csv"},"geometry":{"type":"Point","coordinates":[112.937807,42.339941]}},{"type":"Feature","properties":{"id":"st-1250","name":"乌兰花","province":"内蒙古自治区","city":"锡林郭勒盟","tier":"local","sourceCount":0,"source":"csv"},"geometry":{"type":"Point","coordinates":[113.094191,41.998721]}},{"type":"Feature","properties":{"id":"st-1251","name":"赛汉塔拉","province":"内蒙古自治区","city":"锡林郭勒盟","tier":"local","sourceCount":0,"source":"csv"},"geometry":{"type":"Point","coordinates":[112.65336,42.746324]}},{"type":"Feature","properties":{"id":"st-1252","name":"查干芒和","province":"内蒙古自治区","city":"锡林郭勒盟","tier":"local","sourceCount":0,"source":"csv"},"geometry":{"type":"Point","coordinates":[115.456576,42.465842]}},{"type":"Feature","properties":{"id":"st-1253","name":"贺日斯台","province":"内蒙古自治区","city":"锡林郭勒盟","tier":"local","sourceCount":0,"source":"csv"},"geometry":{"type":"Point","coordinates":[116.185178,42.781784]}},{"type":"Feature","properties":{"id":"st-1254","name":"牙拉盖图","province":"内蒙古自治区","city":"锡林郭勒盟","tier":"local","sourceCount":0,"source":"csv"},"geometry":{"type":"Point","coordinates":[115.819823,42.623348]}},{"type":"Feature","properties":{"id":"st-1255","name":"桑根达来","province":"内蒙古自治区","city":"锡林郭勒盟","tier":"local","sourceCount":0,"source":"csv"},"geometry":{"type":"Point","coordinates":[115.938922,42.68036]}},{"type":"Feature","properties":{"id":"st-1256","name":"朝格温多尔","province":"内蒙古自治区","city":"锡林郭勒盟","tier":"local","sourceCount":0,"source":"csv"},"geometry":{"type":"Point","coordinates":[114.992756,42.213473]}},{"type":"Feature","properties":{"id":"st-1257","name":"道仑郭勒","province":"内蒙古自治区","city":"锡林郭勒盟","tier":"local","sourceCount":0,"source":"csv"},"geometry":{"type":"Point","coordinates":[115.208717,42.350904]}},{"type":"Feature","properties":{"id":"st-1258","name":"西胡尔清","province":"内蒙古自治区","city":"锡林郭勒盟","tier":"local","sourceCount":0,"source":"csv"},"geometry":{"type":"Point","coordinates":[115.149941,42.26819]}},{"type":"Feature","properties":{"id":"st-1259","name":"正镶白旗","province":"内蒙古自治区","city":"锡林郭勒盟","tier":"local","sourceCount":0,"source":"csv"},"geometry":{"type":"Point","coordinates":[115.034104,42.279281]}},{"type":"Feature","properties":{"id":"st-1260","name":"锡林浩特","province":"内蒙古自治区","city":"锡林郭勒盟","tier":"regional-hub","sourceCount":6,"source":"csv"},"geometry":{"type":"Point","coordinates":[116.020306,43.916908]}},{"type":"Feature","properties":{"id":"st-1261","name":"碱柜","province":"内蒙古自治区","city":"鄂尔多斯","tier":"local","sourceCount":0,"source":"csv"},"geometry":{"type":"Point","coordinates":[106.757046,39.939853]}},{"type":"Feature","properties":{"id":"st-1262","name":"孤山","province":"山西","city":"大同","tier":"local","sourceCount":0,"source":"csv"},"geometry":{"type":"Point","coordinates":[113.324274,40.225751]}},{"type":"Feature","properties":{"id":"st-1263","name":"堡子湾","province":"山西","city":"大同","tier":"local","sourceCount":0,"source":"csv"},"geometry":{"type":"Point","coordinates":[113.273197,40.349831]}},{"type":"Feature","properties":{"id":"st-1264","name":"锡林呼都嘎","province":"内蒙古自治区","city":"锡林郭勒盟","tier":"local","sourceCount":0,"source":"csv"},"geometry":{"type":"Point","coordinates":[112.779685,42.571901]}},{"type":"Feature","properties":{"id":"st-1265","name":"郭尔奔敖包","province":"内蒙古自治区","city":"锡林郭勒盟","tier":"local","sourceCount":0,"source":"csv"},"geometry":{"type":"Point","coordinates":[112.464054,43.057147]}},{"type":"Feature","properties":{"id":"st-1266","name":"楚鲁图","province":"内蒙古自治区","city":"锡林郭勒盟","tier":"local","sourceCount":0,"source":"csv"},"geometry":{"type":"Point","coordinates":[112.594784,42.844044]}},{"type":"Feature","properties":{"id":"st-1267","name":"星耀","province":"内蒙古自治区","city":"锡林郭勒盟","tier":"local","sourceCount":0,"source":"csv"},"geometry":{"type":"Point","coordinates":[114.890622,42.208721]}},{"type":"Feature","properties":{"id":"st-1268","name":"台前","province":"河南","city":"濮阳","tier":"local","sourceCount":0,"source":"csv"},"geometry":{"type":"Point","coordinates":[115.857898,35.964046]}},{"type":"Feature","properties":{"id":"st-1269","name":"博兴","province":"山东","city":"滨州","tier":"local","sourceCount":0,"source":"csv"},"geometry":{"type":"Point","coordinates":[118.136539,37.135038]}},{"type":"Feature","properties":{"id":"st-1270","name":"曹县","province":"山东","city":"菏泽","tier":"local","sourceCount":2,"source":"csv"},"geometry":{"type":"Point","coordinates":[115.576294,34.827124]}},{"type":"Feature","properties":{"id":"st-1271","name":"平原","province":"山东","city":"德州","tier":"local","sourceCount":0,"source":"csv"},"geometry":{"type":"Point","coordinates":[116.433827,37.169739]}},{"type":"Feature","properties":{"id":"st-1272","name":"晏城","province":"山东","city":"德州","tier":"local","sourceCount":0,"source":"csv"},"geometry":{"type":"Point","coordinates":[116.752579,36.803293]}},{"type":"Feature","properties":{"id":"st-1273","name":"禹城","province":"山东","city":"德州","tier":"local","sourceCount":0,"source":"csv"},"geometry":{"type":"Point","coordinates":[116.628233,36.923707]}},{"type":"Feature","properties":{"id":"st-1274","name":"定陶","province":"山东","city":"菏泽","tier":"local","sourceCount":0,"source":"csv"},"geometry":{"type":"Point","coordinates":[115.589975,35.065631]}},{"type":"Feature","properties":{"id":"st-1275","name":"东营","province":"山东","city":"东营","tier":"local","sourceCount":0,"source":"csv"},"geometry":{"type":"Point","coordinates":[118.466466,37.454666]}},{"type":"Feature","properties":{"id":"st-1276","name":"费县","province":"山东","city":"临沂","tier":"local","sourceCount":0,"source":"csv"},"geometry":{"type":"Point","coordinates":[117.973835,35.278168]}},{"type":"Feature","properties":{"id":"st-1277","name":"高密","province":"山东","city":"潍坊","tier":"local","sourceCount":0,"source":"csv"},"geometry":{"type":"Point","coordinates":[119.762324,36.392288]}},{"type":"Feature","properties":{"id":"st-1278","name":"海阳","province":"山东","city":"烟台","tier":"local","sourceCount":0,"source":"csv"},"geometry":{"type":"Point","coordinates":[120.992254,37.080592]}},{"type":"Feature","properties":{"id":"st-1279","name":"菏泽","province":"山东","city":"菏泽","tier":"regional-hub","sourceCount":6,"source":"csv"},"geometry":{"type":"Point","coordinates":[115.500993,35.231181]}},{"type":"Feature","properties":{"id":"st-1280","name":"蓝村","province":"山东","city":"青岛","tier":"local","sourceCount":0,"source":"csv"},"geometry":{"type":"Point","coordinates":[120.178693,36.39541]}},{"type":"Feature","properties":{"id":"st-1281","name":"济南西","province":"山东","city":"济南","tier":"national-hub","sourceCount":25,"source":"csv"},"geometry":{"type":"Point","coordinates":[116.886054,36.668948]}},{"type":"Feature","properties":{"id":"st-1282","name":"济南","province":"山东","city":"济南","tier":"national-hub","sourceCount":33,"source":"csv"},"geometry":{"type":"Point","coordinates":[116.985049,36.670844]}},{"type":"Feature","properties":{"id":"st-1283","name":"济南东","province":"山东","city":"济南","tier":"national-hub","sourceCount":16,"source":"csv"},"geometry":{"type":"Point","coordinates":[117.023537,36.680836]}},{"type":"Feature","properties":{"id":"st-1284","name":"济宁","province":"山东","city":"济宁","tier":"local","sourceCount":0,"source":"csv"},"geometry":{"type":"Point","coordinates":[116.595649,35.392996]}},{"type":"Feature","properties":{"id":"st-1285","name":"嘉祥","province":"山东","city":"济宁","tier":"local","sourceCount":0,"source":"csv"},"geometry":{"type":"Point","coordinates":[116.352708,35.392713]}},{"type":"Feature","properties":{"id":"st-1286","name":"胶州北","province":"山东","city":"青岛","tier":"regional-hub","sourceCount":0,"source":"csv"},"geometry":{"type":"Point","coordinates":[120.050254,36.39534]}},{"type":"Feature","properties":{"id":"st-1287","name":"胶州","province":"山东","city":"青岛","tier":"local","sourceCount":0,"source":"csv"},"geometry":{"type":"Point","coordinates":[119.994008,36.297501]}},{"type":"Feature","properties":{"id":"st-1288","name":"莒南","province":"山东","city":"临沂","tier":"regional-hub","sourceCount":0,"source":"csv"},"geometry":{"type":"Point","coordinates":[118.841726,35.183711]}},{"type":"Feature","properties":{"id":"st-1289","name":"莒县","province":"山东","city":"日照","tier":"local","sourceCount":0,"source":"csv"},"geometry":{"type":"Point","coordinates":[118.834846,35.651883]}},{"type":"Feature","properties":{"id":"st-1290","name":"巨野","province":"山东","city":"菏泽","tier":"local","sourceCount":0,"source":"csv"},"geometry":{"type":"Point","coordinates":[116.081939,35.379487]}},{"type":"Feature","properties":{"id":"st-1291","name":"鄄城","province":"山东","city":"菏泽","tier":"local","sourceCount":0,"source":"csv"},"geometry":{"type":"Point","coordinates":[115.664574,35.423123]}},{"type":"Feature","properties":{"id":"st-1292","name":"莱芜东","province":"山东","city":"莱芜","tier":"regional-hub","sourceCount":0,"source":"csv"},"geometry":{"type":"Point","coordinates":[117.687986,36.229146]}},{"type":"Feature","properties":{"id":"st-1293","name":"蔺家楼","province":"山东","city":"莱芜","tier":"local","sourceCount":0,"source":"csv"},"geometry":{"type":"Point","coordinates":[117.563266,36.246255]}},{"type":"Feature","properties":{"id":"st-1294","name":"司家岭","province":"山东","city":"莱芜","tier":"local","sourceCount":0,"source":"csv"},"geometry":{"type":"Point","coordinates":[117.462587,36.232143]}},{"type":"Feature","properties":{"id":"st-1295","name":"莱芜西","province":"山东","city":"莱芜","tier":"regional-hub","sourceCount":0,"source":"csv"},"geometry":{"type":"Point","coordinates":[117.642873,36.24426]}},{"type":"Feature","properties":{"id":"st-1296","name":"莱西","province":"山东","city":"青岛","tier":"regional-hub","sourceCount":0,"source":"csv"},"geometry":{"type":"Point","coordinates":[120.513017,36.809411]}},{"type":"Feature","properties":{"id":"st-1297","name":"莱阳","province":"山东","city":"烟台","tier":"local","sourceCount":0,"source":"csv"},"geometry":{"type":"Point","coordinates":[120.705433,36.928247]}},{"type":"Feature","properties":{"id":"st-1298","name":"梁山","province":"山东","city":"济宁","tier":"local","sourceCount":0,"source":"csv"},"geometry":{"type":"Point","coordinates":[115.93222,35.81921]}},{"type":"Feature","properties":{"id":"st-1299","name":"聊城","province":"山东","city":"聊城","tier":"regional-hub","sourceCount":4,"source":"csv"},"geometry":{"type":"Point","coordinates":[115.938627,36.456761]}},{"type":"Feature","properties":{"id":"st-1300","name":"临清","province":"山东","city":"聊城","tier":"local","sourceCount":0,"source":"csv"},"geometry":{"type":"Point","coordinates":[115.7321,36.841741]}},{"type":"Feature","properties":{"id":"st-1301","name":"临沂北","province":"山东","city":"临沂","tier":"regional-hub","sourceCount":0,"source":"csv"},"geometry":{"type":"Point","coordinates":[118.437709,35.117441]}},{"type":"Feature","properties":{"id":"st-1302","name":"临沂","province":"山东","city":"临沂","tier":"local","sourceCount":1,"source":"csv"},"geometry":{"type":"Point","coordinates":[118.338316,35.037149]}},{"type":"Feature","properties":{"id":"st-1303","name":"平邑","province":"山东","city":"临沂","tier":"local","sourceCount":0,"source":"csv"},"geometry":{"type":"Point","coordinates":[117.637702,35.516682]}},{"type":"Feature","properties":{"id":"st-1304","name":"青岛","province":"山东","city":"青岛","tier":"national-hub","sourceCount":72,"source":"csv"},"geometry":{"type":"Point","coordinates":[120.307452,36.064405]}},{"type":"Feature","properties":{"id":"st-1305","name":"青州市","province":"山东","city":"潍坊","tier":"local","sourceCount":0,"source":"csv"},"geometry":{"type":"Point","coordinates":[118.498123,36.770941]}},{"type":"Feature","properties":{"id":"st-1306","name":"曲阜","province":"山东","city":"济宁","tier":"local","sourceCount":0,"source":"csv"},"geometry":{"type":"Point","coordinates":[117.024452,35.583553]}},{"type":"Feature","properties":{"id":"st-1307","name":"曲阜东","province":"山东","city":"济宁","tier":"regional-hub","sourceCount":0,"source":"csv"},"geometry":{"type":"Point","coordinates":[117.062899,35.556257]}},{"type":"Feature","properties":{"id":"st-1308","name":"日照","province":"山东","city":"日照","tier":"regional-hub","sourceCount":14,"source":"csv"},"geometry":{"type":"Point","coordinates":[119.527321,35.404078]}},{"type":"Feature","properties":{"id":"st-1309","name":"泰安","province":"山东","city":"泰安","tier":"regional-hub","sourceCount":4,"source":"csv"},"geometry":{"type":"Point","coordinates":[117.104667,36.186781]}},{"type":"Feature","properties":{"id":"st-1310","name":"泗水","province":"山东","city":"济宁","tier":"local","sourceCount":0,"source":"csv"},"geometry":{"type":"Point","coordinates":[117.255764,35.636589]}},{"type":"Feature","properties":{"id":"st-1311","name":"范镇","province":"山东","city":"泰安","tier":"local","sourceCount":0,"source":"csv"},"geometry":{"type":"Point","coordinates":[117.389949,36.217695]}},{"type":"Feature","properties":{"id":"st-1312","name":"磁窑","province":"山东","city":"泰安","tier":"local","sourceCount":0,"source":"csv"},"geometry":{"type":"Point","coordinates":[117.10019,35.901268]}},{"type":"Feature","properties":{"id":"st-1313","name":"泰山","province":"山东","city":"泰安","tier":"local","sourceCount":1,"source":"csv"},"geometry":{"type":"Point","coordinates":[117.104667,36.186781]}},{"type":"Feature","properties":{"id":"st-1314","name":"燕家庄","province":"山东","city":"泰安","tier":"local","sourceCount":0,"source":"csv"},"geometry":{"type":"Point","coordinates":[117.269819,36.194085]}},{"type":"Feature","properties":{"id":"st-1315","name":"上高镇","province":"山东","city":"泰安","tier":"local","sourceCount":0,"source":"csv"},"geometry":{"type":"Point","coordinates":[117.170864,36.176551]}},{"type":"Feature","properties":{"id":"st-1316","name":"郯城","province":"山东","city":"临沂","tier":"local","sourceCount":0,"source":"csv"},"geometry":{"type":"Point","coordinates":[118.370995,34.603234]}},{"type":"Feature","properties":{"id":"st-1317","name":"滕州","province":"山东","city":"枣庄","tier":"local","sourceCount":0,"source":"csv"},"geometry":{"type":"Point","coordinates":[117.148109,35.081121]}},{"type":"Feature","properties":{"id":"st-1318","name":"滕州东","province":"山东","city":"枣庄","tier":"regional-hub","sourceCount":0,"source":"csv"},"geometry":{"type":"Point","coordinates":[117.251764,35.090649]}},{"type":"Feature","properties":{"id":"st-1319","name":"乳山","province":"山东","city":"威海","tier":"local","sourceCount":0,"source":"csv"},"geometry":{"type":"Point","coordinates":[121.502064,36.996586]}},{"type":"Feature","properties":{"id":"st-1320","name":"威海","province":"山东","city":"威海","tier":"regional-hub","sourceCount":23,"source":"csv"},"geometry":{"type":"Point","coordinates":[122.139552,37.425511]}},{"type":"Feature","properties":{"id":"st-1321","name":"文登","province":"山东","city":"威海","tier":"local","sourceCount":0,"source":"csv"},"geometry":{"type":"Point","coordinates":[121.986538,37.178795]}},{"type":"Feature","properties":{"id":"st-1322","name":"昌乐","province":"山东","city":"潍坊","tier":"local","sourceCount":0,"source":"csv"},"geometry":{"type":"Point","coordinates":[118.833338,36.710649]}},{"type":"Feature","properties":{"id":"st-1323","name":"潍坊","province":"山东","city":"潍坊","tier":"local","sourceCount":2,"source":"csv"},"geometry":{"type":"Point","coordinates":[119.092428,36.697027]}},{"type":"Feature","properties":{"id":"st-1324","name":"五莲","province":"山东","city":"日照","tier":"local","sourceCount":0,"source":"csv"},"geometry":{"type":"Point","coordinates":[119.201681,35.8052]}},{"type":"Feature","properties":{"id":"st-1325","name":"桃村","province":"山东","city":"烟台","tier":"local","sourceCount":0,"source":"csv"},"geometry":{"type":"Point","coordinates":[121.136787,37.188137]}},{"type":"Feature","properties":{"id":"st-1326","name":"烟台","province":"山东","city":"烟台","tier":"regional-hub","sourceCount":32,"source":"csv"},"geometry":{"type":"Point","coordinates":[121.377593,37.547565]}},{"type":"Feature","properties":{"id":"st-1327","name":"兖州","province":"山东","city":"济宁","tier":"local","sourceCount":0,"source":"csv"},"geometry":{"type":"Point","coordinates":[116.835457,35.555872]}},{"type":"Feature","properties":{"id":"st-1328","name":"阳谷","province":"山东","city":"聊城","tier":"local","sourceCount":0,"source":"csv"},"geometry":{"type":"Point","coordinates":[115.803122,36.101591]}},{"type":"Feature","properties":{"id":"st-1329","name":"沂南","province":"山东","city":"临沂","tier":"regional-hub","sourceCount":0,"source":"csv"},"geometry":{"type":"Point","coordinates":[118.614269,35.488013]}},{"type":"Feature","properties":{"id":"st-1330","name":"沂水","province":"山东","city":"临沂","tier":"local","sourceCount":0,"source":"csv"},"geometry":{"type":"Point","coordinates":[118.721513,35.644115]}},{"type":"Feature","properties":{"id":"st-1331","name":"郓城","province":"山东","city":"菏泽","tier":"local","sourceCount":0,"source":"csv"},"geometry":{"type":"Point","coordinates":[115.896274,35.601612]}},{"type":"Feature","properties":{"id":"st-1332","name":"枣庄","province":"山东","city":"枣庄","tier":"local","sourceCount":0,"source":"csv"},"geometry":{"type":"Point","coordinates":[117.300557,34.780596]}},{"type":"Feature","properties":{"id":"st-1333","name":"枣庄西","province":"山东","city":"枣庄","tier":"regional-hub","sourceCount":2,"source":"csv"},"geometry":{"type":"Point","coordinates":[117.249125,34.793688]}},{"type":"Feature","properties":{"id":"st-1334","name":"章丘","province":"山东","city":"济南","tier":"local","sourceCount":0,"source":"csv"},"geometry":{"type":"Point","coordinates":[117.493349,36.721721]}},{"type":"Feature","properties":{"id":"st-1335","name":"诸城","province":"山东","city":"潍坊","tier":"local","sourceCount":0,"source":"csv"},"geometry":{"type":"Point","coordinates":[119.384323,36.062639]}},{"type":"Feature","properties":{"id":"st-1336","name":"南博山","province":"山东","city":"淄博","tier":"local","sourceCount":0,"source":"csv"},"geometry":{"type":"Point","coordinates":[117.954656,36.357684]}},{"type":"Feature","properties":{"id":"st-1337","name":"源迁","province":"山东","city":"淄博","tier":"local","sourceCount":0,"source":"csv"},"geometry":{"type":"Point","coordinates":[118.047228,36.432708]}},{"type":"Feature","properties":{"id":"st-1338","name":"刘征","province":"山东","city":"淄博","tier":"local","sourceCount":0,"source":"csv"},"geometry":{"type":"Point","coordinates":[118.199623,36.697318]}},{"type":"Feature","properties":{"id":"st-1339","name":"临淄","province":"山东","city":"淄博","tier":"local","sourceCount":0,"source":"csv"},"geometry":{"type":"Point","coordinates":[118.285362,36.803431]}},{"type":"Feature","properties":{"id":"st-1340","name":"南仇","province":"山东","city":"淄博","tier":"local","sourceCount":0,"source":"csv"},"geometry":{"type":"Point","coordinates":[118.248451,36.747191]}},{"type":"Feature","properties":{"id":"st-1341","name":"淄博","province":"山东","city":"淄博","tier":"local","sourceCount":1,"source":"csv"},"geometry":{"type":"Point","coordinates":[118.051104,36.788775]}},{"type":"Feature","properties":{"id":"st-1342","name":"北牟","province":"山东","city":"淄博","tier":"local","sourceCount":0,"source":"csv"},"geometry":{"type":"Point","coordinates":[118.099505,36.509693]}},{"type":"Feature","properties":{"id":"st-1343","name":"西桐古","province":"山东","city":"淄博","tier":"local","sourceCount":0,"source":"csv"},"geometry":{"type":"Point","coordinates":[118.141574,36.561684]}},{"type":"Feature","properties":{"id":"st-1344","name":"黑旺","province":"山东","city":"淄博","tier":"local","sourceCount":0,"source":"csv"},"geometry":{"type":"Point","coordinates":[118.196603,36.624222]}},{"type":"Feature","properties":{"id":"st-1345","name":"邹城","province":"山东","city":"济宁","tier":"local","sourceCount":0,"source":"csv"},"geometry":{"type":"Point","coordinates":[116.952732,35.401361]}},{"type":"Feature","properties":{"id":"st-1346","name":"柏果","province":"贵州","city":"六盘水","tier":"local","sourceCount":0,"source":"csv"},"geometry":{"type":"Point","coordinates":[104.501049,26.004255]}},{"type":"Feature","properties":{"id":"st-1347","name":"盘关","province":"贵州","city":"六盘水","tier":"local","sourceCount":0,"source":"csv"},"geometry":{"type":"Point","coordinates":[104.506292,25.899583]}},{"type":"Feature","properties":{"id":"st-1348","name":"平田","province":"贵州","city":"六盘水","tier":"local","sourceCount":0,"source":"csv"},"geometry":{"type":"Point","coordinates":[104.503838,25.838611]}},{"type":"Feature","properties":{"id":"st-1349","name":"红果","province":"贵州","city":"六盘水","tier":"local","sourceCount":0,"source":"csv"},"geometry":{"type":"Point","coordinates":[104.463303,25.717745]}},{"type":"Feature","properties":{"id":"st-1350","name":"沙沱","province":"贵州","city":"六盘水","tier":"local","sourceCount":0,"source":"csv"},"geometry":{"type":"Point","coordinates":[104.44118,25.72338]}},{"type":"Feature","properties":{"id":"st-1351","name":"上西铺","province":"贵州","city":"六盘水","tier":"local","sourceCount":0,"source":"csv"},"geometry":{"type":"Point","coordinates":[104.471319,25.683492]}},{"type":"Feature","properties":{"id":"st-1352","name":"平关","province":"贵州","city":"六盘水","tier":"local","sourceCount":0,"source":"csv"},"geometry":{"type":"Point","coordinates":[104.345674,25.655083]}},{"type":"Feature","properties":{"id":"st-1353","name":"雨格","province":"贵州","city":"六盘水","tier":"local","sourceCount":0,"source":"csv"},"geometry":{"type":"Point","coordinates":[104.666177,26.101262]}},{"type":"Feature","properties":{"id":"st-1354","name":"鲁番","province":"贵州","city":"六盘水","tier":"local","sourceCount":0,"source":"csv"},"geometry":{"type":"Point","coordinates":[104.532229,25.624124]}},{"type":"Feature","properties":{"id":"st-1355","name":"威箐","province":"贵州","city":"六盘水","tier":"local","sourceCount":0,"source":"csv"},"geometry":{"type":"Point","coordinates":[104.555126,25.540596]}},{"type":"Feature","properties":{"id":"st-1356","name":"小雨谷","province":"贵州","city":"六盘水","tier":"local","sourceCount":0,"source":"csv"},"geometry":{"type":"Point","coordinates":[104.605122,25.474757]}},{"type":"Feature","properties":{"id":"st-1357","name":"白鸡坡","province":"贵州","city":"六盘水","tier":"local","sourceCount":0,"source":"csv"},"geometry":{"type":"Point","coordinates":[104.804299,26.441683]}},{"type":"Feature","properties":{"id":"st-1358","name":"都格","province":"贵州","city":"六盘水","tier":"local","sourceCount":0,"source":"csv"},"geometry":{"type":"Point","coordinates":[104.695326,26.361836]}},{"type":"Feature","properties":{"id":"st-1359","name":"发耳","province":"贵州","city":"六盘水","tier":"local","sourceCount":0,"source":"csv"},"geometry":{"type":"Point","coordinates":[104.809086,26.321121]}},{"type":"Feature","properties":{"id":"st-1360","name":"玉舍","province":"贵州","city":"六盘水","tier":"local","sourceCount":0,"source":"csv"},"geometry":{"type":"Point","coordinates":[104.811659,26.473458]}},{"type":"Feature","properties":{"id":"st-1361","name":"营街","province":"贵州","city":"六盘水","tier":"local","sourceCount":0,"source":"csv"},"geometry":{"type":"Point","coordinates":[104.788968,26.302569]}},{"type":"Feature","properties":{"id":"st-1362","name":"茅草坪","province":"贵州","city":"六盘水","tier":"local","sourceCount":0,"source":"csv"},"geometry":{"type":"Point","coordinates":[104.744634,26.234264]}},{"type":"Feature","properties":{"id":"st-1363","name":"三家寨","province":"贵州","city":"六盘水","tier":"local","sourceCount":0,"source":"csv"},"geometry":{"type":"Point","coordinates":[104.666805,26.096845]}},{"type":"Feature","properties":{"id":"st-1364","name":"瓦窑田","province":"贵州","city":"六盘水","tier":"local","sourceCount":0,"source":"csv"},"geometry":{"type":"Point","coordinates":[104.648612,25.385254]}},{"type":"Feature","properties":{"id":"st-1365","name":"月亮田","province":"贵州","city":"六盘水","tier":"local","sourceCount":0,"source":"csv"},"geometry":{"type":"Point","coordinates":[104.496822,25.928439]}},{"type":"Feature","properties":{"id":"st-1366","name":"松河","province":"贵州","city":"六盘水","tier":"local","sourceCount":0,"source":"csv"},"geometry":{"type":"Point","coordinates":[104.627057,26.041257]}},{"type":"Feature","properties":{"id":"st-1367","name":"花家庄","province":"贵州","city":"六盘水","tier":"local","sourceCount":0,"source":"csv"},"geometry":{"type":"Point","coordinates":[104.480409,25.788006]}},{"type":"Feature","properties":{"id":"st-1368","name":"威舍","province":"贵州","city":"黔西南布依族苗族自治州","tier":"local","sourceCount":0,"source":"csv"},"geometry":{"type":"Point","coordinates":[104.747016,25.287707]}},{"type":"Feature","properties":{"id":"st-1369","name":"新坪田","province":"贵州","city":"黔西南布依族苗族自治州","tier":"local","sourceCount":0,"source":"csv"},"geometry":{"type":"Point","coordinates":[104.684943,25.322779]}},{"type":"Feature","properties":{"id":"st-1370","name":"岔江","province":"云南","city":"曲靖","tier":"local","sourceCount":0,"source":"csv"},"geometry":{"type":"Point","coordinates":[104.659601,25.065007]}},{"type":"Feature","properties":{"id":"st-1371","name":"革居","province":"贵州","city":"黔西南布依族苗族自治州","tier":"local","sourceCount":0,"source":"csv"},"geometry":{"type":"Point","coordinates":[104.696756,25.113295]}},{"type":"Feature","properties":{"id":"st-1372","name":"花棚子","province":"四川","city":"攀枝花","tier":"local","sourceCount":0,"source":"csv"},"geometry":{"type":"Point","coordinates":[101.911995,26.261526]}},{"type":"Feature","properties":{"id":"st-1373","name":"拉鲊","province":"四川","city":"攀枝花","tier":"local","sourceCount":0,"source":"csv"},"geometry":{"type":"Point","coordinates":[101.927536,26.375323]}},{"type":"Feature","properties":{"id":"st-1374","name":"迤资","province":"四川","city":"攀枝花","tier":"local","sourceCount":0,"source":"csv"},"geometry":{"type":"Point","coordinates":[101.866102,26.460863]}},{"type":"Feature","properties":{"id":"st-1375","name":"师庄","province":"四川","city":"攀枝花","tier":"local","sourceCount":0,"source":"csv"},"geometry":{"type":"Point","coordinates":[101.835801,26.104462]}},{"type":"Feature","properties":{"id":"st-1376","name":"新江","province":"四川","city":"攀枝花","tier":"local","sourceCount":0,"source":"csv"},"geometry":{"type":"Point","coordinates":[101.835747,26.16289]}},{"type":"Feature","properties":{"id":"st-1377","name":"楚雄","province":"云南","city":"楚雄彝族自治州","tier":"local","sourceCount":2,"source":"csv"},"geometry":{"type":"Point","coordinates":[101.543211,25.053925]}},{"type":"Feature","properties":{"id":"st-1378","name":"广通北","province":"云南","city":"楚雄彝族自治州","tier":"regional-hub","sourceCount":0,"source":"csv"},"geometry":{"type":"Point","coordinates":[101.755912,25.1671]}},{"type":"Feature","properties":{"id":"st-1379","name":"阿南庄","province":"云南","city":"楚雄彝族自治州","tier":"local","sourceCount":0,"source":"csv"},"geometry":{"type":"Point","coordinates":[101.821945,25.450888]}},{"type":"Feature","properties":{"id":"st-1380","name":"龙骨甸","province":"云南","city":"楚雄彝族自治州","tier":"local","sourceCount":0,"source":"csv"},"geometry":{"type":"Point","coordinates":[101.775401,25.413176]}},{"type":"Feature","properties":{"id":"st-1381","name":"黑井","province":"云南","city":"楚雄彝族自治州","tier":"local","sourceCount":0,"source":"csv"},"geometry":{"type":"Point","coordinates":[101.740553,25.350828]}},{"type":"Feature","properties":{"id":"st-1382","name":"禄丰南","province":"云南","city":"楚雄彝族自治州","tier":"regional-hub","sourceCount":0,"source":"csv"},"geometry":{"type":"Point","coordinates":[102.062328,25.123478]}},{"type":"Feature","properties":{"id":"st-1383","name":"甸心","province":"云南","city":"楚雄彝族自治州","tier":"local","sourceCount":0,"source":"csv"},"geometry":{"type":"Point","coordinates":[101.718567,25.319251]}},{"type":"Feature","properties":{"id":"st-1384","name":"龙塘坝","province":"云南","city":"楚雄彝族自治州","tier":"local","sourceCount":0,"source":"csv"},"geometry":{"type":"Point","coordinates":[101.698569,25.250458]}},{"type":"Feature","properties":{"id":"st-1385","name":"小村","province":"云南","city":"楚雄彝族自治州","tier":"local","sourceCount":0,"source":"csv"},"geometry":{"type":"Point","coordinates":[101.845513,25.486845]}},{"type":"Feature","properties":{"id":"st-1386","name":"羊臼河","province":"云南","city":"楚雄彝族自治州","tier":"local","sourceCount":0,"source":"csv"},"geometry":{"type":"Point","coordinates":[101.831401,25.500384]}},{"type":"Feature","properties":{"id":"st-1387","name":"黄瓜园","province":"云南","city":"楚雄彝族自治州","tier":"local","sourceCount":0,"source":"csv"},"geometry":{"type":"Point","coordinates":[101.862228,25.826862]}},{"type":"Feature","properties":{"id":"st-1388","name":"大湾子","province":"云南","city":"楚雄彝族自治州","tier":"local","sourceCount":0,"source":"csv"},"geometry":{"type":"Point","coordinates":[101.820069,26.005271]}},{"type":"Feature","properties":{"id":"st-1389","name":"红江","province":"云南","city":"楚雄彝族自治州","tier":"local","sourceCount":0,"source":"csv"},"geometry":{"type":"Point","coordinates":[101.864723,25.908422]}},{"type":"Feature","properties":{"id":"st-1390","name":"小月旧","province":"云南","city":"楚雄彝族自治州","tier":"local","sourceCount":0,"source":"csv"},"geometry":{"type":"Point","coordinates":[101.832067,25.595436]}},{"type":"Feature","properties":{"id":"st-1391","name":"尹地","province":"云南","city":"楚雄彝族自治州","tier":"local","sourceCount":0,"source":"csv"},"geometry":{"type":"Point","coordinates":[101.828637,25.639759]}},{"type":"Feature","properties":{"id":"st-1392","name":"元谋","province":"云南","city":"楚雄彝族自治州","tier":"local","sourceCount":0,"source":"csv"},"geometry":{"type":"Point","coordinates":[101.841079,25.741606]}},{"type":"Feature","properties":{"id":"st-1393","name":"鹤庆","province":"云南","city":"大理白族自治州","tier":"local","sourceCount":0,"source":"csv"},"geometry":{"type":"Point","coordinates":[100.21513,26.559531]}},{"type":"Feature","properties":{"id":"st-1394","name":"祥云","province":"云南","city":"大理白族自治州","tier":"local","sourceCount":0,"source":"csv"},"geometry":{"type":"Point","coordinates":[100.544771,25.473457]}},{"type":"Feature","properties":{"id":"st-1395","name":"车转湾","province":"云南","city":"曲靖","tier":"local","sourceCount":0,"source":"csv"},"geometry":{"type":"Point","coordinates":[104.150309,25.69537]}},{"type":"Feature","properties":{"id":"st-1396","name":"建水","province":"云南","city":"红河哈尼族彝族自治州","tier":"local","sourceCount":0,"source":"csv"},"geometry":{"type":"Point","coordinates":[102.871409,23.660792]}},{"type":"Feature","properties":{"id":"st-1397","name":"昆明","province":"云南","city":"昆明","tier":"national-hub","sourceCount":59,"source":"csv"},"geometry":{"type":"Point","coordinates":[102.720333,25.018769]}},{"type":"Feature","properties":{"id":"st-1398","name":"广南卫","province":"云南","city":"昆明","tier":"local","sourceCount":0,"source":"csv"},"geometry":{"type":"Point","coordinates":[102.900218,24.928477]}},{"type":"Feature","properties":{"id":"st-1399","name":"七甸","province":"云南","city":"昆明","tier":"local","sourceCount":0,"source":"csv"},"geometry":{"type":"Point","coordinates":[102.978823,24.934119]}},{"type":"Feature","properties":{"id":"st-1400","name":"王家营西","province":"云南","city":"昆明","tier":"regional-hub","sourceCount":0,"source":"csv"},"geometry":{"type":"Point","coordinates":[102.823916,24.92136]}},{"type":"Feature","properties":{"id":"st-1401","name":"金马村","province":"云南","city":"昆明","tier":"local","sourceCount":0,"source":"csv"},"geometry":{"type":"Point","coordinates":[102.840327,25.022859]}},{"type":"Feature","properties":{"id":"st-1402","name":"昆阳","province":"云南","city":"昆明","tier":"local","sourceCount":0,"source":"csv"},"geometry":{"type":"Point","coordinates":[102.607233,24.666179]}},{"type":"Feature","properties":{"id":"st-1403","name":"羊堡","province":"云南","city":"昆明","tier":"local","sourceCount":0,"source":"csv"},"geometry":{"type":"Point","coordinates":[102.805314,24.970807]}},{"type":"Feature","properties":{"id":"st-1404","name":"茂舍祖","province":"云南","city":"昆明","tier":"local","sourceCount":0,"source":"csv"},"geometry":{"type":"Point","coordinates":[103.41552,24.860034]}},{"type":"Feature","properties":{"id":"st-1405","name":"石林","province":"云南","city":"昆明","tier":"local","sourceCount":0,"source":"csv"},"geometry":{"type":"Point","coordinates":[103.327519,24.865727]}},{"type":"Feature","properties":{"id":"st-1406","name":"石林南","province":"云南","city":"昆明","tier":"regional-hub","sourceCount":0,"source":"csv"},"geometry":{"type":"Point","coordinates":[103.425236,24.757111]}},{"type":"Feature","properties":{"id":"st-1407","name":"西街口","province":"云南","city":"昆明","tier":"local","sourceCount":0,"source":"csv"},"geometry":{"type":"Point","coordinates":[103.517835,24.83488]}},{"type":"Feature","properties":{"id":"st-1408","name":"宜耐","province":"云南","city":"昆明","tier":"local","sourceCount":0,"source":"csv"},"geometry":{"type":"Point","coordinates":[103.597229,24.843568]}},{"type":"Feature","properties":{"id":"st-1409","name":"昆明西","province":"云南","city":"昆明","tier":"national-hub","sourceCount":0,"source":"csv"},"geometry":{"type":"Point","coordinates":[102.645132,25.03143]}},{"type":"Feature","properties":{"id":"st-1410","name":"小哨","province":"云南","city":"昆明","tier":"local","sourceCount":0,"source":"csv"},"geometry":{"type":"Point","coordinates":[102.990588,25.165717]}},{"type":"Feature","properties":{"id":"st-1411","name":"班猫箐","province":"云南","city":"昆明","tier":"local","sourceCount":0,"source":"csv"},"geometry":{"type":"Point","coordinates":[103.208935,24.935698]}},{"type":"Feature","properties":{"id":"st-1412","name":"宜良北","province":"云南","city":"昆明","tier":"regional-hub","sourceCount":0,"source":"csv"},"geometry":{"type":"Point","coordinates":[103.188412,24.986661]}},{"type":"Feature","properties":{"id":"st-1413","name":"乐善村","province":"云南","city":"昆明","tier":"local","sourceCount":0,"source":"csv"},"geometry":{"type":"Point","coordinates":[103.153072,25.030332]}},{"type":"Feature","properties":{"id":"st-1414","name":"施家嘴","province":"云南","city":"昆明","tier":"local","sourceCount":0,"source":"csv"},"geometry":{"type":"Point","coordinates":[102.995189,24.958413]}},{"type":"Feature","properties":{"id":"st-1415","name":"永丰营","province":"云南","city":"昆明","tier":"local","sourceCount":0,"source":"csv"},"geometry":{"type":"Point","coordinates":[103.067204,24.977515]}},{"type":"Feature","properties":{"id":"st-1416","name":"丽江","province":"云南","city":"丽江","tier":"regional-hub","sourceCount":7,"source":"csv"},"geometry":{"type":"Point","coordinates":[100.251113,26.814431]}},{"type":"Feature","properties":{"id":"st-1417","name":"照福铺","province":"云南","city":"曲靖","tier":"local","sourceCount":0,"source":"csv"},"geometry":{"type":"Point","coordinates":[103.366189,25.414561]}},{"type":"Feature","properties":{"id":"st-1418","name":"蒙自北","province":"云南","city":"红河哈尼族彝族自治州","tier":"regional-hub","sourceCount":0,"source":"csv"},"geometry":{"type":"Point","coordinates":[103.31896,23.46731]}},{"type":"Feature","properties":{"id":"st-1419","name":"弥渡","province":"云南","city":"大理白族自治州","tier":"local","sourceCount":0,"source":"csv"},"geometry":{"type":"Point","coordinates":[100.421983,25.491674]}},{"type":"Feature","properties":{"id":"st-1420","name":"南华","province":"云南","city":"楚雄彝族自治州","tier":"local","sourceCount":0,"source":"csv"},"geometry":{"type":"Point","coordinates":[101.288214,25.214693]}},{"type":"Feature","properties":{"id":"st-1421","name":"大田边","province":"云南","city":"曲靖","tier":"local","sourceCount":0,"source":"csv"},"geometry":{"type":"Point","coordinates":[104.713951,25.215013]}},{"type":"Feature","properties":{"id":"st-1422","name":"羊尾哨","province":"云南","city":"曲靖","tier":"local","sourceCount":0,"source":"csv"},"geometry":{"type":"Point","coordinates":[104.23349,25.692981]}},{"type":"Feature","properties":{"id":"st-1423","name":"富源","province":"云南","city":"曲靖","tier":"local","sourceCount":0,"source":"csv"},"geometry":{"type":"Point","coordinates":[104.268212,25.68467]}},{"type":"Feature","properties":{"id":"st-1424","name":"曲靖","province":"云南","city":"曲靖","tier":"local","sourceCount":1,"source":"csv"},"geometry":{"type":"Point","coordinates":[103.790433,25.529287]}},{"type":"Feature","properties":{"id":"st-1425","name":"陆良","province":"云南","city":"曲靖","tier":"local","sourceCount":0,"source":"csv"},"geometry":{"type":"Point","coordinates":[103.695403,24.849296]}},{"type":"Feature","properties":{"id":"st-1426","name":"江所田","province":"云南","city":"曲靖","tier":"local","sourceCount":0,"source":"csv"},"geometry":{"type":"Point","coordinates":[104.483916,24.979337]}},{"type":"Feature","properties":{"id":"st-1427","name":"芦沟","province":"云南","city":"曲靖","tier":"local","sourceCount":0,"source":"csv"},"geometry":{"type":"Point","coordinates":[104.38063,24.951125]}},{"type":"Feature","properties":{"id":"st-1428","name":"罗平","province":"云南","city":"曲靖","tier":"local","sourceCount":1,"source":"csv"},"geometry":{"type":"Point","coordinates":[104.313366,24.910861]}},{"type":"Feature","properties":{"id":"st-1429","name":"小得江","province":"云南","city":"曲靖","tier":"local","sourceCount":0,"source":"csv"},"geometry":{"type":"Point","coordinates":[104.58628,25.046164]}},{"type":"Feature","properties":{"id":"st-1430","name":"羊者窝","province":"云南","city":"曲靖","tier":"local","sourceCount":0,"source":"csv"},"geometry":{"type":"Point","coordinates":[104.272834,24.848675]}},{"type":"Feature","properties":{"id":"st-1431","name":"马龙","province":"云南","city":"曲靖","tier":"local","sourceCount":0,"source":"csv"},"geometry":{"type":"Point","coordinates":[103.62077,25.48861]}},{"type":"Feature","properties":{"id":"st-1432","name":"吴官田","province":"云南","city":"曲靖","tier":"local","sourceCount":0,"source":"csv"},"geometry":{"type":"Point","coordinates":[103.532457,25.487887]}},{"type":"Feature","properties":{"id":"st-1433","name":"师宗","province":"云南","city":"曲靖","tier":"local","sourceCount":0,"source":"csv"},"geometry":{"type":"Point","coordinates":[104.016718,24.828388]}},{"type":"Feature","properties":{"id":"st-1434","name":"新安","province":"云南","city":"曲靖","tier":"local","sourceCount":0,"source":"csv"},"geometry":{"type":"Point","coordinates":[104.040249,24.81861]}},{"type":"Feature","properties":{"id":"st-1435","name":"秧草地","province":"云南","city":"曲靖","tier":"local","sourceCount":0,"source":"csv"},"geometry":{"type":"Point","coordinates":[103.83516,24.823081]}},{"type":"Feature","properties":{"id":"st-1436","name":"长坡岭","province":"云南","city":"曲靖","tier":"local","sourceCount":0,"source":"csv"},"geometry":{"type":"Point","coordinates":[103.943358,24.840976]}},{"type":"Feature","properties":{"id":"st-1437","name":"中寨","province":"云南","city":"曲靖","tier":"local","sourceCount":0,"source":"csv"},"geometry":{"type":"Point","coordinates":[104.25486,24.809247]}},{"type":"Feature","properties":{"id":"st-1438","name":"白水镇","province":"云南","city":"曲靖","tier":"local","sourceCount":0,"source":"csv"},"geometry":{"type":"Point","coordinates":[104.013999,25.662792]}},{"type":"Feature","properties":{"id":"st-1439","name":"平河口","province":"云南","city":"曲靖","tier":"local","sourceCount":0,"source":"csv"},"geometry":{"type":"Point","coordinates":[103.926666,25.672649]}},{"type":"Feature","properties":{"id":"st-1440","name":"小新街","province":"云南","city":"昆明","tier":"local","sourceCount":0,"source":"csv"},"geometry":{"type":"Point","coordinates":[103.222094,25.311929]}},{"type":"Feature","properties":{"id":"st-1441","name":"杨林","province":"云南","city":"昆明","tier":"local","sourceCount":0,"source":"csv"},"geometry":{"type":"Point","coordinates":[103.084182,25.239402]}},{"type":"Feature","properties":{"id":"st-1442","name":"大理","province":"云南","city":"大理白族自治州","tier":"regional-hub","sourceCount":58,"source":"csv"},"geometry":{"type":"Point","coordinates":[100.248691,25.592044]}},{"type":"Feature","properties":{"id":"st-1443","name":"长冲","province":"云南","city":"大理白族自治州","tier":"local","sourceCount":0,"source":"csv"},"geometry":{"type":"Point","coordinates":[100.955642,25.356742]}},{"type":"Feature","properties":{"id":"st-1444","name":"沐滂","province":"云南","city":"大理白族自治州","tier":"local","sourceCount":0,"source":"csv"},"geometry":{"type":"Point","coordinates":[100.76957,25.40273]}},{"type":"Feature","properties":{"id":"st-1445","name":"宣威","province":"云南","city":"曲靖","tier":"local","sourceCount":3,"source":"csv"},"geometry":{"type":"Point","coordinates":[104.116721,26.211771]}},{"type":"Feature","properties":{"id":"st-1446","name":"大苴","province":"云南","city":"楚雄彝族自治州","tier":"local","sourceCount":0,"source":"csv"},"geometry":{"type":"Point","coordinates":[101.100882,25.341691]}},{"type":"Feature","properties":{"id":"st-1447","name":"姚安","province":"云南","city":"楚雄彝族自治州","tier":"local","sourceCount":0,"source":"csv"},"geometry":{"type":"Point","coordinates":[101.062768,25.368748]}},{"type":"Feature","properties":{"id":"st-1448","name":"玉溪","province":"云南","city":"玉溪","tier":"regional-hub","sourceCount":7,"source":"csv"},"geometry":{"type":"Point","coordinates":[102.525681,24.355253]}},{"type":"Feature","properties":{"id":"st-1449","name":"通海","province":"云南","city":"玉溪","tier":"local","sourceCount":0,"source":"csv"},"geometry":{"type":"Point","coordinates":[102.667598,24.119608]}},{"type":"Feature","properties":{"id":"st-1450","name":"白沙坡","province":"云南","city":"曲靖","tier":"local","sourceCount":0,"source":"csv"},"geometry":{"type":"Point","coordinates":[103.866043,25.660591]}},{"type":"Feature","properties":{"id":"st-1451","name":"红砂岘","province":"甘肃","city":"白银","tier":"local","sourceCount":0,"source":"csv"},"geometry":{"type":"Point","coordinates":[104.061172,36.607782]}},{"type":"Feature","properties":{"id":"st-1452","name":"白银西","province":"甘肃","city":"白银","tier":"regional-hub","sourceCount":1,"source":"csv"},"geometry":{"type":"Point","coordinates":[104.096538,36.549356]}},{"type":"Feature","properties":{"id":"st-1453","name":"白银市","province":"甘肃","city":"白银","tier":"local","sourceCount":0,"source":"csv"},"geometry":{"type":"Point","coordinates":[104.167234,36.556775]}},{"type":"Feature","properties":{"id":"st-1454","name":"长城","province":"甘肃","city":"白银","tier":"local","sourceCount":0,"source":"csv"},"geometry":{"type":"Point","coordinates":[104.109523,37.289703]}},{"type":"Feature","properties":{"id":"st-1455","name":"景泰","province":"甘肃","city":"白银","tier":"local","sourceCount":0,"source":"csv"},"geometry":{"type":"Point","coordinates":[104.053146,37.193801]}},{"type":"Feature","properties":{"id":"st-1456","name":"兴泉堡","province":"甘肃","city":"白银","tier":"local","sourceCount":0,"source":"csv"},"geometry":{"type":"Point","coordinates":[104.004575,37.114171]}},{"type":"Feature","properties":{"id":"st-1457","name":"红岘台","province":"甘肃","city":"白银","tier":"local","sourceCount":0,"source":"csv"},"geometry":{"type":"Point","coordinates":[104.097604,36.805674]}},{"type":"Feature","properties":{"id":"st-1458","name":"东湾","province":"甘肃","city":"白银","tier":"local","sourceCount":0,"source":"csv"},"geometry":{"type":"Point","coordinates":[104.742464,36.651359]}},{"type":"Feature","properties":{"id":"st-1459","name":"靖远西","province":"甘肃","city":"白银","tier":"regional-hub","sourceCount":0,"source":"csv"},"geometry":{"type":"Point","coordinates":[104.729274,36.749039]}},{"type":"Feature","properties":{"id":"st-1460","name":"吴家川","province":"甘肃","city":"白银","tier":"local","sourceCount":0,"source":"csv"},"geometry":{"type":"Point","coordinates":[104.531913,36.656646]}},{"type":"Feature","properties":{"id":"st-1461","name":"靖远","province":"甘肃","city":"白银","tier":"local","sourceCount":0,"source":"csv"},"geometry":{"type":"Point","coordinates":[104.649912,36.560557]}},{"type":"Feature","properties":{"id":"st-1462","name":"长征","province":"甘肃","city":"白银","tier":"local","sourceCount":3,"source":"csv"},"geometry":{"type":"Point","coordinates":[104.845061,36.723383]}},{"type":"Feature","properties":{"id":"st-1463","name":"定西","province":"甘肃","city":"定西","tier":"regional-hub","sourceCount":0,"source":"csv"},"geometry":{"type":"Point","coordinates":[104.622471,35.592516]}},{"type":"Feature","properties":{"id":"st-1464","name":"通安驿","province":"甘肃","city":"定西","tier":"local","sourceCount":0,"source":"csv"},"geometry":{"type":"Point","coordinates":[104.684522,35.297681]}},{"type":"Feature","properties":{"id":"st-1465","name":"陇西","province":"甘肃","city":"定西","tier":"regional-hub","sourceCount":2,"source":"csv"},"geometry":{"type":"Point","coordinates":[104.702324,34.953245]}},{"type":"Feature","properties":{"id":"st-1466","name":"云田乡","province":"甘肃","city":"定西","tier":"local","sourceCount":0,"source":"csv"},"geometry":{"type":"Point","coordinates":[104.713392,35.112915]}},{"type":"Feature","properties":{"id":"st-1467","name":"敦煌","province":"甘肃","city":"酒泉","tier":"regional-hub","sourceCount":17,"source":"csv"},"geometry":{"type":"Point","coordinates":[94.784567,40.167651]}},{"type":"Feature","properties":{"id":"st-1468","name":"低窝铺","province":"甘肃","city":"酒泉","tier":"local","sourceCount":0,"source":"csv"},"geometry":{"type":"Point","coordinates":[97.242961,40.141345]}},{"type":"Feature","properties":{"id":"st-1469","name":"古浪","province":"甘肃","city":"武威","tier":"local","sourceCount":0,"source":"csv"},"geometry":{"type":"Point","coordinates":[102.915814,37.479836]}},{"type":"Feature","properties":{"id":"st-1470","name":"瓜州","province":"甘肃","city":"酒泉","tier":"local","sourceCount":0,"source":"csv"},"geometry":{"type":"Point","coordinates":[95.772497,40.566261]}},{"type":"Feature","properties":{"id":"st-1471","name":"疏勒河","province":"甘肃","city":"酒泉","tier":"local","sourceCount":0,"source":"csv"},"geometry":{"type":"Point","coordinates":[96.869521,40.429349]}},{"type":"Feature","properties":{"id":"st-1472","name":"嘉峪关","province":"甘肃","city":"嘉峪关","tier":"regional-hub","sourceCount":7,"source":"csv"},"geometry":{"type":"Point","coordinates":[98.253932,39.7639]}},{"type":"Feature","properties":{"id":"st-1473","name":"绿化","province":"甘肃","city":"嘉峪关","tier":"local","sourceCount":1,"source":"csv"},"geometry":{"type":"Point","coordinates":[98.2499,39.800765]}},{"type":"Feature","properties":{"id":"st-1474","name":"桥西","province":"甘肃","city":"嘉峪关","tier":"regional-hub","sourceCount":0,"source":"csv"},"geometry":{"type":"Point","coordinates":[98.16597,39.738699]}},{"type":"Feature","properties":{"id":"st-1475","name":"芨岭","province":"甘肃","city":"金昌","tier":"local","sourceCount":0,"source":"csv"},"geometry":{"type":"Point","coordinates":[101.786317,38.530525]}},{"type":"Feature","properties":{"id":"st-1476","name":"金昌","province":"甘肃","city":"金昌","tier":"local","sourceCount":3,"source":"csv"},"geometry":{"type":"Point","coordinates":[102.061951,38.370531]}},{"type":"Feature","properties":{"id":"st-1477","name":"玉石","province":"甘肃","city":"金昌","tier":"local","sourceCount":0,"source":"csv"},"geometry":{"type":"Point","coordinates":[101.889865,38.470616]}},{"type":"Feature","properties":{"id":"st-1478","name":"柳沟","province":"甘肃","city":"酒泉","tier":"local","sourceCount":0,"source":"csv"},"geometry":{"type":"Point","coordinates":[96.437072,40.677971]}},{"type":"Feature","properties":{"id":"st-1479","name":"桥湾","province":"甘肃","city":"酒泉","tier":"local","sourceCount":0,"source":"csv"},"geometry":{"type":"Point","coordinates":[96.641707,40.565023]}},{"type":"Feature","properties":{"id":"st-1480","name":"酒泉","province":"甘肃","city":"酒泉","tier":"local","sourceCount":0,"source":"csv"},"geometry":{"type":"Point","coordinates":[98.450919,39.644752]}},{"type":"Feature","properties":{"id":"st-1481","name":"清水","province":"甘肃","city":"酒泉","tier":"local","sourceCount":0,"source":"csv"},"geometry":{"type":"Point","coordinates":[99.043159,39.35623]}},{"type":"Feature","properties":{"id":"st-1482","name":"兰州","province":"甘肃","city":"兰州","tier":"national-hub","sourceCount":65,"source":"csv"},"geometry":{"type":"Point","coordinates":[103.848899,36.035269]}},{"type":"Feature","properties":{"id":"st-1483","name":"兰州东","province":"甘肃","city":"兰州","tier":"national-hub","sourceCount":0,"source":"csv"},"geometry":{"type":"Point","coordinates":[103.890303,36.029962]}},{"type":"Feature","properties":{"id":"st-1484","name":"皋兰","province":"甘肃","city":"兰州","tier":"local","sourceCount":0,"source":"csv"},"geometry":{"type":"Point","coordinates":[103.941018,36.337124]}},{"type":"Feature","properties":{"id":"st-1485","name":"朱家窑","province":"甘肃","city":"兰州","tier":"local","sourceCount":0,"source":"csv"},"geometry":{"type":"Point","coordinates":[103.996181,36.49637]}},{"type":"Feature","properties":{"id":"st-1486","name":"丰水村","province":"甘肃","city":"兰州","tier":"local","sourceCount":0,"source":"csv"},"geometry":{"type":"Point","coordinates":[103.98336,36.46026]}},{"type":"Feature","properties":{"id":"st-1487","name":"水源","province":"甘肃","city":"兰州","tier":"local","sourceCount":0,"source":"csv"},"geometry":{"type":"Point","coordinates":[103.877468,36.140719]}},{"type":"Feature","properties":{"id":"st-1488","name":"邵家堂","province":"甘肃","city":"兰州","tier":"local","sourceCount":0,"source":"csv"},"geometry":{"type":"Point","coordinates":[103.865101,36.175247]}},{"type":"Feature","properties":{"id":"st-1489","name":"水车湾","province":"甘肃","city":"兰州","tier":"local","sourceCount":0,"source":"csv"},"geometry":{"type":"Point","coordinates":[102.95308,36.290867]}},{"type":"Feature","properties":{"id":"st-1490","name":"花庄","province":"甘肃","city":"兰州","tier":"local","sourceCount":0,"source":"csv"},"geometry":{"type":"Point","coordinates":[103.162602,36.190482]}},{"type":"Feature","properties":{"id":"st-1491","name":"张家祠","province":"甘肃","city":"兰州","tier":"local","sourceCount":0,"source":"csv"},"geometry":{"type":"Point","coordinates":[103.27822,36.161031]}},{"type":"Feature","properties":{"id":"st-1492","name":"兰州西","province":"甘肃","city":"兰州","tier":"national-hub","sourceCount":72,"source":"csv"},"geometry":{"type":"Point","coordinates":[103.750219,36.068615]}},{"type":"Feature","properties":{"id":"st-1493","name":"陈官营","province":"甘肃","city":"兰州","tier":"local","sourceCount":0,"source":"csv"},"geometry":{"type":"Point","coordinates":[103.651915,36.091128]}},{"type":"Feature","properties":{"id":"st-1494","name":"坡底下","province":"甘肃","city":"兰州","tier":"local","sourceCount":0,"source":"csv"},"geometry":{"type":"Point","coordinates":[103.512849,36.137453]}},{"type":"Feature","properties":{"id":"st-1495","name":"河口南","province":"甘肃","city":"兰州","tier":"regional-hub","sourceCount":0,"source":"csv"},"geometry":{"type":"Point","coordinates":[103.453812,36.163764]}},{"type":"Feature","properties":{"id":"st-1496","name":"西固城","province":"甘肃","city":"兰州","tier":"local","sourceCount":0,"source":"csv"},"geometry":{"type":"Point","coordinates":[103.595092,36.1086]}},{"type":"Feature","properties":{"id":"st-1497","name":"龙泉寺","province":"甘肃","city":"兰州","tier":"local","sourceCount":0,"source":"csv"},"geometry":{"type":"Point","coordinates":[103.38566,36.484949]}},{"type":"Feature","properties":{"id":"st-1498","name":"永登","province":"甘肃","city":"兰州","tier":"local","sourceCount":0,"source":"csv"},"geometry":{"type":"Point","coordinates":[103.27107,36.720541]}},{"type":"Feature","properties":{"id":"st-1499","name":"甘草店","province":"甘肃","city":"兰州","tier":"local","sourceCount":0,"source":"csv"},"geometry":{"type":"Point","coordinates":[104.287974,35.794171]}},{"type":"Feature","properties":{"id":"st-1500","name":"骆驼巷","province":"甘肃","city":"兰州","tier":"local","sourceCount":0,"source":"csv"},"geometry":{"type":"Point","coordinates":[104.045731,36.026505]}},{"type":"Feature","properties":{"id":"st-1501","name":"李家坪","province":"甘肃","city":"兰州","tier":"local","sourceCount":0,"source":"csv"},"geometry":{"type":"Point","coordinates":[104.470738,35.709992]}},{"type":"Feature","properties":{"id":"st-1502","name":"王家湾","province":"甘肃","city":"兰州","tier":"local","sourceCount":0,"source":"csv"},"geometry":{"type":"Point","coordinates":[104.24999,35.843335]}},{"type":"Feature","properties":{"id":"st-1503","name":"桑园子","province":"甘肃","city":"兰州","tier":"local","sourceCount":0,"source":"csv"},"geometry":{"type":"Point","coordinates":[103.97417,36.055267]}},{"type":"Feature","properties":{"id":"st-1504","name":"夏官营","province":"甘肃","city":"兰州","tier":"local","sourceCount":0,"source":"csv"},"geometry":{"type":"Point","coordinates":[104.176813,35.953235]}},{"type":"Feature","properties":{"id":"st-1505","name":"许家台","province":"甘肃","city":"兰州","tier":"local","sourceCount":0,"source":"csv"},"geometry":{"type":"Point","coordinates":[104.208853,35.907419]}},{"type":"Feature","properties":{"id":"st-1506","name":"崇信","province":"甘肃","city":"平凉","tier":"local","sourceCount":0,"source":"csv"},"geometry":{"type":"Point","coordinates":[106.888803,35.312457]}},{"type":"Feature","properties":{"id":"st-1507","name":"平凉","province":"甘肃","city":"平凉","tier":"local","sourceCount":2,"source":"csv"},"geometry":{"type":"Point","coordinates":[106.703364,35.550991]}},{"type":"Feature","properties":{"id":"st-1508","name":"庙庄","province":"甘肃","city":"平凉","tier":"local","sourceCount":0,"source":"csv"},"geometry":{"type":"Point","coordinates":[106.833433,35.434397]}},{"type":"Feature","properties":{"id":"st-1509","name":"平凉南","province":"甘肃","city":"平凉","tier":"regional-hub","sourceCount":0,"source":"csv"},"geometry":{"type":"Point","coordinates":[106.822583,35.483698]}},{"type":"Feature","properties":{"id":"st-1510","name":"新李","province":"甘肃","city":"平凉","tier":"local","sourceCount":0,"source":"csv"},"geometry":{"type":"Point","coordinates":[106.589901,35.608296]}},{"type":"Feature","properties":{"id":"st-1511","name":"山丹","province":"甘肃","city":"张掖","tier":"local","sourceCount":0,"source":"csv"},"geometry":{"type":"Point","coordinates":[101.072374,38.812148]}},{"type":"Feature","properties":{"id":"st-1512","name":"镜铁山","province":"甘肃","city":"嘉峪关","tier":"local","sourceCount":2,"source":"csv"},"geometry":{"type":"Point","coordinates":[97.949035,39.318235]}},{"type":"Feature","properties":{"id":"st-1513","name":"磐安镇","province":"甘肃","city":"天水","tier":"local","sourceCount":0,"source":"csv"},"geometry":{"type":"Point","coordinates":[105.111642,34.763664]}},{"type":"Feature","properties":{"id":"st-1514","name":"甘谷","province":"甘肃","city":"天水","tier":"local","sourceCount":1,"source":"csv"},"geometry":{"type":"Point","coordinates":[105.328148,34.763857]}},{"type":"Feature","properties":{"id":"st-1515","name":"南河川","province":"甘肃","city":"天水","tier":"local","sourceCount":0,"source":"csv"},"geometry":{"type":"Point","coordinates":[105.762294,34.624631]}},{"type":"Feature","properties":{"id":"st-1516","name":"三阳川","province":"甘肃","city":"天水","tier":"local","sourceCount":0,"source":"csv"},"geometry":{"type":"Point","coordinates":[105.703565,34.666324]}},{"type":"Feature","properties":{"id":"st-1517","name":"渭南镇","province":"甘肃","city":"天水","tier":"local","sourceCount":0,"source":"csv"},"geometry":{"type":"Point","coordinates":[105.633778,34.689566]}},{"type":"Feature","properties":{"id":"st-1518","name":"新阳镇","province":"甘肃","city":"天水","tier":"local","sourceCount":0,"source":"csv"},"geometry":{"type":"Point","coordinates":[105.52367,34.69395]}},{"type":"Feature","properties":{"id":"st-1519","name":"天水","province":"甘肃","city":"天水","tier":"local","sourceCount":0,"source":"csv"},"geometry":{"type":"Point","coordinates":[105.894534,34.566889]}},{"type":"Feature","properties":{"id":"st-1520","name":"洛门","province":"甘肃","city":"天水","tier":"local","sourceCount":0,"source":"csv"},"geometry":{"type":"Point","coordinates":[105.029003,34.7609]}},{"type":"Feature","properties":{"id":"st-1521","name":"贺家店","province":"甘肃","city":"天水","tier":"local","sourceCount":0,"source":"csv"},"geometry":{"type":"Point","coordinates":[104.831563,34.755412]}},{"type":"Feature","properties":{"id":"st-1522","name":"武山","province":"甘肃","city":"天水","tier":"local","sourceCount":0,"source":"csv"},"geometry":{"type":"Point","coordinates":[104.91611,34.722707]}},{"type":"Feature","properties":{"id":"st-1523","name":"鸳鸯镇","province":"甘肃","city":"天水","tier":"local","sourceCount":0,"source":"csv"},"geometry":{"type":"Point","coordinates":[104.778429,34.800689]}},{"type":"Feature","properties":{"id":"st-1524","name":"黑冲滩","province":"甘肃","city":"武威","tier":"local","sourceCount":0,"source":"csv"},"geometry":{"type":"Point","coordinates":[103.340068,37.641864]}},{"type":"Feature","properties":{"id":"st-1525","name":"石峡子","province":"甘肃","city":"武威","tier":"local","sourceCount":0,"source":"csv"},"geometry":{"type":"Point","coordinates":[103.456813,37.613935]}},{"type":"Feature","properties":{"id":"st-1526","name":"谭家井","province":"甘肃","city":"武威","tier":"local","sourceCount":0,"source":"csv"},"geometry":{"type":"Point","coordinates":[103.590052,37.590249]}},{"type":"Feature","properties":{"id":"st-1527","name":"龙沟","province":"甘肃","city":"武威","tier":"local","sourceCount":0,"source":"csv"},"geometry":{"type":"Point","coordinates":[102.905526,37.32392]}},{"type":"Feature","properties":{"id":"st-1528","name":"园墩","province":"甘肃","city":"武威","tier":"local","sourceCount":0,"source":"csv"},"geometry":{"type":"Point","coordinates":[102.972216,37.720602]}},{"type":"Feature","properties":{"id":"st-1529","name":"土门子","province":"甘肃","city":"武威","tier":"local","sourceCount":0,"source":"csv"},"geometry":{"type":"Point","coordinates":[103.075672,37.656982]}},{"type":"Feature","properties":{"id":"st-1530","name":"黄羊镇","province":"甘肃","city":"武威","tier":"local","sourceCount":0,"source":"csv"},"geometry":{"type":"Point","coordinates":[102.854242,37.672389]}},{"type":"Feature","properties":{"id":"st-1531","name":"上腰墩","province":"甘肃","city":"武威","tier":"local","sourceCount":0,"source":"csv"},"geometry":{"type":"Point","coordinates":[102.831047,37.77315]}},{"type":"Feature","properties":{"id":"st-1532","name":"武威","province":"甘肃","city":"武威","tier":"local","sourceCount":3,"source":"csv"},"geometry":{"type":"Point","coordinates":[102.622164,37.903677]}},{"type":"Feature","properties":{"id":"st-1533","name":"武威南","province":"甘肃","city":"武威","tier":"regional-hub","sourceCount":2,"source":"csv"},"geometry":{"type":"Point","coordinates":[102.73558,37.815016]}},{"type":"Feature","properties":{"id":"st-1534","name":"打柴沟","province":"甘肃","city":"武威","tier":"local","sourceCount":0,"source":"csv"},"geometry":{"type":"Point","coordinates":[102.996868,37.089876]}},{"type":"Feature","properties":{"id":"st-1535","name":"天祝","province":"甘肃","city":"武威","tier":"local","sourceCount":0,"source":"csv"},"geometry":{"type":"Point","coordinates":[102.840777,37.266556]}},{"type":"Feature","properties":{"id":"st-1536","name":"玉门","province":"甘肃","city":"酒泉","tier":"local","sourceCount":0,"source":"csv"},"geometry":{"type":"Point","coordinates":[97.043686,40.272147]}},{"type":"Feature","properties":{"id":"st-1537","name":"张掖","province":"甘肃","city":"张掖","tier":"local","sourceCount":1,"source":"csv"},"geometry":{"type":"Point","coordinates":[100.517708,38.973032]}},{"type":"Feature","properties":{"id":"st-1538","name":"平原堡","province":"甘肃","city":"张掖","tier":"local","sourceCount":0,"source":"csv"},"geometry":{"type":"Point","coordinates":[100.367018,39.077435]}},{"type":"Feature","properties":{"id":"st-1539","name":"高台","province":"甘肃","city":"张掖","tier":"local","sourceCount":0,"source":"csv"},"geometry":{"type":"Point","coordinates":[99.788039,39.268969]}},{"type":"Feature","properties":{"id":"st-1540","name":"许三湾","province":"甘肃","city":"张掖","tier":"local","sourceCount":0,"source":"csv"},"geometry":{"type":"Point","coordinates":[99.408911,39.315735]}},{"type":"Feature","properties":{"id":"st-1541","name":"临泽","province":"甘肃","city":"张掖","tier":"local","sourceCount":0,"source":"csv"},"geometry":{"type":"Point","coordinates":[100.158447,39.155776]}},{"type":"Feature","properties":{"id":"st-1542","name":"狼尾山","province":"甘肃","city":"嘉峪关","tier":"local","sourceCount":0,"source":"csv"},"geometry":{"type":"Point","coordinates":[98.037596,39.621803]}},{"type":"Feature","properties":{"id":"st-1543","name":"庆阳山","province":"内蒙古自治区","city":"阿拉善盟","tier":"local","sourceCount":0,"source":"csv"},"geometry":{"type":"Point","coordinates":[104.002713,37.590398]}},{"type":"Feature","properties":{"id":"st-1544","name":"岳家井","province":"内蒙古自治区","city":"阿拉善盟","tier":"local","sourceCount":0,"source":"csv"},"geometry":{"type":"Point","coordinates":[104.280303,37.581002]}},{"type":"Feature","properties":{"id":"st-1545","name":"六盘山","province":"宁夏回族自治区","city":"固原","tier":"local","sourceCount":0,"source":"csv"},"geometry":{"type":"Point","coordinates":[106.287641,35.706413]}},{"type":"Feature","properties":{"id":"st-1546","name":"三关口","province":"宁夏回族自治区","city":"固原","tier":"local","sourceCount":0,"source":"csv"},"geometry":{"type":"Point","coordinates":[106.376019,35.675545]}},{"type":"Feature","properties":{"id":"st-1547","name":"彭阳","province":"宁夏回族自治区","city":"固原","tier":"local","sourceCount":0,"source":"csv"},"geometry":{"type":"Point","coordinates":[106.283553,35.811913]}},{"type":"Feature","properties":{"id":"st-1548","name":"固原","province":"宁夏回族自治区","city":"固原","tier":"local","sourceCount":0,"source":"csv"},"geometry":{"type":"Point","coordinates":[106.301144,36.021153]}},{"type":"Feature","properties":{"id":"st-1549","name":"沈家河","province":"宁夏回族自治区","city":"固原","tier":"local","sourceCount":0,"source":"csv"},"geometry":{"type":"Point","coordinates":[106.264969,36.120011]}},{"type":"Feature","properties":{"id":"st-1550","name":"二营","province":"宁夏回族自治区","city":"固原","tier":"local","sourceCount":0,"source":"csv"},"geometry":{"type":"Point","coordinates":[106.243765,36.184082]}},{"type":"Feature","properties":{"id":"st-1551","name":"三营","province":"宁夏回族自治区","city":"固原","tier":"local","sourceCount":0,"source":"csv"},"geometry":{"type":"Point","coordinates":[106.144526,36.290888]}},{"type":"Feature","properties":{"id":"st-1552","name":"灵武","province":"宁夏回族自治区","city":"银川","tier":"local","sourceCount":0,"source":"csv"},"geometry":{"type":"Point","coordinates":[106.362861,38.157323]}},{"type":"Feature","properties":{"id":"st-1553","name":"青铜峡","province":"宁夏回族自治区","city":"吴忠","tier":"local","sourceCount":0,"source":"csv"},"geometry":{"type":"Point","coordinates":[105.928072,37.918043]}},{"type":"Feature","properties":{"id":"st-1554","name":"大坝","province":"宁夏回族自治区","city":"吴忠","tier":"local","sourceCount":0,"source":"csv"},"geometry":{"type":"Point","coordinates":[105.930182,38.024103]}},{"type":"Feature","properties":{"id":"st-1555","name":"白芨沟","province":"宁夏回族自治区","city":"石嘴山","tier":"local","sourceCount":0,"source":"csv"},"geometry":{"type":"Point","coordinates":[106.136604,39.118193]}},{"type":"Feature","properties":{"id":"st-1556","name":"大武口","province":"宁夏回族自治区","city":"石嘴山","tier":"local","sourceCount":2,"source":"csv"},"geometry":{"type":"Point","coordinates":[106.417128,38.915961]}},{"type":"Feature","properties":{"id":"st-1557","name":"汝箕沟","province":"宁夏回族自治区","city":"石嘴山","tier":"local","sourceCount":2,"source":"csv"},"geometry":{"type":"Point","coordinates":[106.106302,39.066199]}},{"type":"Feature","properties":{"id":"st-1558","name":"石嘴山","province":"宁夏回族自治区","city":"石嘴山","tier":"local","sourceCount":0,"source":"csv"},"geometry":{"type":"Point","coordinates":[106.417128,38.915961]}},{"type":"Feature","properties":{"id":"st-1559","name":"平罗","province":"宁夏回族自治区","city":"石嘴山","tier":"local","sourceCount":0,"source":"csv"},"geometry":{"type":"Point","coordinates":[106.417128,38.915961]}},{"type":"Feature","properties":{"id":"st-1560","name":"惠农","province":"宁夏回族自治区","city":"石嘴山","tier":"local","sourceCount":0,"source":"csv"},"geometry":{"type":"Point","coordinates":[106.722642,39.261345]}},{"type":"Feature","properties":{"id":"st-1561","name":"红寺堡","province":"宁夏回族自治区","city":"吴忠","tier":"local","sourceCount":0,"source":"csv"},"geometry":{"type":"Point","coordinates":[106.060643,37.448194]}},{"type":"Feature","properties":{"id":"st-1562","name":"太阳山","province":"宁夏回族自治区","city":"吴忠","tier":"local","sourceCount":0,"source":"csv"},"geometry":{"type":"Point","coordinates":[106.5645,37.451971]}},{"type":"Feature","properties":{"id":"st-1563","name":"同心","province":"宁夏回族自治区","city":"吴忠","tier":"local","sourceCount":0,"source":"csv"},"geometry":{"type":"Point","coordinates":[105.922406,36.993942]}},{"type":"Feature","properties":{"id":"st-1564","name":"艾家村","province":"宁夏回族自治区","city":"吴忠","tier":"local","sourceCount":0,"source":"csv"},"geometry":{"type":"Point","coordinates":[105.761811,37.174678]}},{"type":"Feature","properties":{"id":"st-1565","name":"石坝","province":"宁夏回族自治区","city":"吴忠","tier":"local","sourceCount":0,"source":"csv"},"geometry":{"type":"Point","coordinates":[105.804335,37.0986]}},{"type":"Feature","properties":{"id":"st-1566","name":"王团庄","province":"宁夏回族自治区","city":"吴忠","tier":"local","sourceCount":0,"source":"csv"},"geometry":{"type":"Point","coordinates":[105.99943,36.867221]}},{"type":"Feature","properties":{"id":"st-1567","name":"盐池","province":"宁夏回族自治区","city":"吴忠","tier":"local","sourceCount":0,"source":"csv"},"geometry":{"type":"Point","coordinates":[107.343246,37.733824]}},{"type":"Feature","properties":{"id":"st-1568","name":"暖泉","province":"宁夏回族自治区","city":"银川","tier":"local","sourceCount":0,"source":"csv"},"geometry":{"type":"Point","coordinates":[106.26993,38.739853]}},{"type":"Feature","properties":{"id":"st-1569","name":"银川","province":"宁夏回族自治区","city":"银川","tier":"national-hub","sourceCount":36,"source":"csv"},"geometry":{"type":"Point","coordinates":[106.170211,38.491529]}},{"type":"Feature","properties":{"id":"st-1570","name":"黄羊滩","province":"宁夏回族自治区","city":"银川","tier":"local","sourceCount":0,"source":"csv"},"geometry":{"type":"Point","coordinates":[106.014477,38.25991]}},{"type":"Feature","properties":{"id":"st-1571","name":"长农","province":"宁夏回族自治区","city":"中卫","tier":"local","sourceCount":0,"source":"csv"},"geometry":{"type":"Point","coordinates":[105.690272,37.271484]}},{"type":"Feature","properties":{"id":"st-1572","name":"中宁南","province":"宁夏回族自治区","city":"中卫","tier":"regional-hub","sourceCount":0,"source":"csv"},"geometry":{"type":"Point","coordinates":[105.613104,37.334758]}},{"type":"Feature","properties":{"id":"st-1573","name":"大战场","province":"宁夏回族自治区","city":"中卫","tier":"local","sourceCount":0,"source":"csv"},"geometry":{"type":"Point","coordinates":[105.529925,37.430917]}},{"type":"Feature","properties":{"id":"st-1574","name":"土桥子","province":"宁夏回族自治区","city":"吴忠","tier":"local","sourceCount":0,"source":"csv"},"geometry":{"type":"Point","coordinates":[106.023208,36.796396]}},{"type":"Feature","properties":{"id":"st-1575","name":"韩府湾","province":"宁夏回族自治区","city":"中卫","tier":"local","sourceCount":0,"source":"csv"},"geometry":{"type":"Point","coordinates":[106.138075,36.569362]}},{"type":"Feature","properties":{"id":"st-1576","name":"李旺","province":"宁夏回族自治区","city":"中卫","tier":"local","sourceCount":0,"source":"csv"},"geometry":{"type":"Point","coordinates":[106.099336,36.663578]}},{"type":"Feature","properties":{"id":"st-1577","name":"七营","province":"宁夏回族自治区","city":"固原","tier":"local","sourceCount":0,"source":"csv"},"geometry":{"type":"Point","coordinates":[106.140376,36.501659]}},{"type":"Feature","properties":{"id":"st-1578","name":"褚家湾","province":"宁夏回族自治区","city":"固原","tier":"local","sourceCount":0,"source":"csv"},"geometry":{"type":"Point","coordinates":[106.113061,36.36616]}},{"type":"Feature","properties":{"id":"st-1579","name":"沙坡头","province":"宁夏回族自治区","city":"中卫","tier":"local","sourceCount":0,"source":"csv"},"geometry":{"type":"Point","coordinates":[105.000782,37.466551]}},{"type":"Feature","properties":{"id":"st-1580","name":"迎水桥","province":"宁夏回族自治区","city":"中卫","tier":"local","sourceCount":0,"source":"csv"},"geometry":{"type":"Point","coordinates":[105.077114,37.505643]}},{"type":"Feature","properties":{"id":"st-1581","name":"营盘水","province":"宁夏回族自治区","city":"中卫","tier":"local","sourceCount":0,"source":"csv"},"geometry":{"type":"Point","coordinates":[104.321917,37.444897]}},{"type":"Feature","properties":{"id":"st-1582","name":"宣和","province":"宁夏回族自治区","city":"中卫","tier":"local","sourceCount":0,"source":"csv"},"geometry":{"type":"Point","coordinates":[105.436965,37.477911]}},{"type":"Feature","properties":{"id":"st-1583","name":"干塘","province":"宁夏回族自治区","city":"中卫","tier":"local","sourceCount":1,"source":"csv"},"geometry":{"type":"Point","coordinates":[104.514316,37.457013]}},{"type":"Feature","properties":{"id":"st-1584","name":"中宁","province":"宁夏回族自治区","city":"中卫","tier":"local","sourceCount":0,"source":"csv"},"geometry":{"type":"Point","coordinates":[105.663168,37.555139]}},{"type":"Feature","properties":{"id":"st-1585","name":"中宁东","province":"宁夏回族自治区","city":"中卫","tier":"regional-hub","sourceCount":0,"source":"csv"},"geometry":{"type":"Point","coordinates":[105.698369,37.449088]}},{"type":"Feature","properties":{"id":"st-1586","name":"中卫","province":"宁夏回族自治区","city":"中卫","tier":"regional-hub","sourceCount":4,"source":"csv"},"geometry":{"type":"Point","coordinates":[105.186404,37.521592]}},{"type":"Feature","properties":{"id":"st-1587","name":"定边","province":"陕西","city":"榆林","tier":"local","sourceCount":0,"source":"csv"},"geometry":{"type":"Point","coordinates":[107.572577,37.561874]}},{"type":"Feature","properties":{"id":"st-1588","name":"福安","province":"福建","city":"宁德","tier":"local","sourceCount":0,"source":"csv"},"geometry":{"type":"Point","coordinates":[119.712642,26.837528]}},{"type":"Feature","properties":{"id":"st-1589","name":"福鼎","province":"福建","city":"宁德","tier":"regional-hub","sourceCount":11,"source":"csv"},"geometry":{"type":"Point","coordinates":[120.185287,27.285252]}},{"type":"Feature","properties":{"id":"st-1590","name":"太姥山","province":"福建","city":"宁德","tier":"local","sourceCount":0,"source":"csv"},"geometry":{"type":"Point","coordinates":[120.220213,27.130172]}},{"type":"Feature","properties":{"id":"st-1591","name":"福清","province":"福建","city":"福州","tier":"local","sourceCount":0,"source":"csv"},"geometry":{"type":"Point","coordinates":[119.379587,25.67836]}},{"type":"Feature","properties":{"id":"st-1592","name":"福州南","province":"福建","city":"福州","tier":"national-hub","sourceCount":25,"source":"csv"},"geometry":{"type":"Point","coordinates":[119.385674,25.988878]}},{"type":"Feature","properties":{"id":"st-1593","name":"福州","province":"福建","city":"福州","tier":"national-hub","sourceCount":114,"source":"csv"},"geometry":{"type":"Point","coordinates":[119.315178,26.117115]}},{"type":"Feature","properties":{"id":"st-1594","name":"古田","province":"福建","city":"宁德","tier":"local","sourceCount":0,"source":"csv"},"geometry":{"type":"Point","coordinates":[118.619068,26.432558]}},{"type":"Feature","properties":{"id":"st-1595","name":"光泽","province":"福建","city":"南平","tier":"local","sourceCount":0,"source":"csv"},"geometry":{"type":"Point","coordinates":[117.346314,27.553364]}},{"type":"Feature","properties":{"id":"st-1596","name":"华安","province":"福建","city":"漳州","tier":"local","sourceCount":0,"source":"csv"},"geometry":{"type":"Point","coordinates":[117.529834,25.00521]}},{"type":"Feature","properties":{"id":"st-1597","name":"建宁县北","province":"福建","city":"三明","tier":"regional-hub","sourceCount":0,"source":"csv"},"geometry":{"type":"Point","coordinates":[116.866399,26.919479]}},{"type":"Feature","properties":{"id":"st-1598","name":"建瓯","province":"福建","city":"南平","tier":"local","sourceCount":0,"source":"csv"},"geometry":{"type":"Point","coordinates":[118.289251,27.026822]}},{"type":"Feature","properties":{"id":"st-1599","name":"建阳","province":"福建","city":"南平","tier":"local","sourceCount":0,"source":"csv"},"geometry":{"type":"Point","coordinates":[118.10809,27.357005]}},{"type":"Feature","properties":{"id":"st-1600","name":"将乐","province":"福建","city":"三明","tier":"local","sourceCount":0,"source":"csv"},"geometry":{"type":"Point","coordinates":[117.47473,26.699502]}},{"type":"Feature","properties":{"id":"st-1601","name":"晋江","province":"福建","city":"泉州","tier":"local","sourceCount":0,"source":"csv"},"geometry":{"type":"Point","coordinates":[118.454041,24.797279]}},{"type":"Feature","properties":{"id":"st-1602","name":"连江","province":"福建","city":"福州","tier":"local","sourceCount":0,"source":"csv"},"geometry":{"type":"Point","coordinates":[119.562551,26.197415]}},{"type":"Feature","properties":{"id":"st-1603","name":"冠豸山","province":"福建","city":"龙岩","tier":"local","sourceCount":0,"source":"csv"},"geometry":{"type":"Point","coordinates":[116.674803,25.527359]}},{"type":"Feature","properties":{"id":"st-1604","name":"上杭","province":"福建","city":"龙岩","tier":"local","sourceCount":0,"source":"csv"},"geometry":{"type":"Point","coordinates":[116.733236,25.185493]}},{"type":"Feature","properties":{"id":"st-1605","name":"龙岩","province":"福建","city":"龙岩","tier":"regional-hub","sourceCount":39,"source":"csv"},"geometry":{"type":"Point","coordinates":[117.001526,25.098759]}},{"type":"Feature","properties":{"id":"st-1606","name":"苏坂","province":"福建","city":"龙岩","tier":"local","sourceCount":0,"source":"csv"},"geometry":{"type":"Point","coordinates":[117.275131,25.314835]}},{"type":"Feature","properties":{"id":"st-1607","name":"坂尾","province":"福建","city":"龙岩","tier":"local","sourceCount":0,"source":"csv"},"geometry":{"type":"Point","coordinates":[117.18839,25.273158]}},{"type":"Feature","properties":{"id":"st-1608","name":"雁石","province":"福建","city":"龙岩","tier":"local","sourceCount":0,"source":"csv"},"geometry":{"type":"Point","coordinates":[117.147737,25.251536]}},{"type":"Feature","properties":{"id":"st-1609","name":"永定","province":"福建","city":"龙岩","tier":"local","sourceCount":0,"source":"csv"},"geometry":{"type":"Point","coordinates":[116.739167,24.737649]}},{"type":"Feature","properties":{"id":"st-1610","name":"长汀","province":"福建","city":"龙岩","tier":"local","sourceCount":0,"source":"csv"},"geometry":{"type":"Point","coordinates":[116.339562,25.832097]}},{"type":"Feature","properties":{"id":"st-1611","name":"罗源","province":"福建","city":"福州","tier":"local","sourceCount":0,"source":"csv"},"geometry":{"type":"Point","coordinates":[119.572121,26.459126]}},{"type":"Feature","properties":{"id":"st-1612","name":"闽清","province":"福建","city":"福州","tier":"local","sourceCount":0,"source":"csv"},"geometry":{"type":"Point","coordinates":[118.902766,26.216552]}},{"type":"Feature","properties":{"id":"st-1613","name":"龙山镇","province":"福建","city":"漳州","tier":"local","sourceCount":0,"source":"csv"},"geometry":{"type":"Point","coordinates":[117.35755,24.69455]}},{"type":"Feature","properties":{"id":"st-1614","name":"南平","province":"福建","city":"南平","tier":"local","sourceCount":0,"source":"csv"},"geometry":{"type":"Point","coordinates":[118.172742,26.625661]}},{"type":"Feature","properties":{"id":"st-1615","name":"来舟","province":"福建","city":"南平","tier":"local","sourceCount":0,"source":"csv"},"geometry":{"type":"Point","coordinates":[117.982075,26.628648]}},{"type":"Feature","properties":{"id":"st-1616","name":"南平南","province":"福建","city":"南平","tier":"regional-hub","sourceCount":1,"source":"csv"},"geometry":{"type":"Point","coordinates":[118.209775,26.629656]}},{"type":"Feature","properties":{"id":"st-1617","name":"宁德","province":"福建","city":"宁德","tier":"local","sourceCount":0,"source":"csv"},"geometry":{"type":"Point","coordinates":[119.579208,26.672751]}},{"type":"Feature","properties":{"id":"st-1618","name":"涵江","province":"福建","city":"莆田","tier":"local","sourceCount":0,"source":"csv"},"geometry":{"type":"Point","coordinates":[119.170902,25.494461]}},{"type":"Feature","properties":{"id":"st-1619","name":"莆田","province":"福建","city":"莆田","tier":"local","sourceCount":2,"source":"csv"},"geometry":{"type":"Point","coordinates":[119.057848,25.353479]}},{"type":"Feature","properties":{"id":"st-1620","name":"泉州","province":"福建","city":"泉州","tier":"local","sourceCount":2,"source":"csv"},"geometry":{"type":"Point","coordinates":[118.562456,24.975919]}},{"type":"Feature","properties":{"id":"st-1621","name":"感德","province":"福建","city":"泉州","tier":"local","sourceCount":0,"source":"csv"},"geometry":{"type":"Point","coordinates":[117.840974,25.304231]}},{"type":"Feature","properties":{"id":"st-1622","name":"福德","province":"福建","city":"泉州","tier":"local","sourceCount":0,"source":"csv"},"geometry":{"type":"Point","coordinates":[117.758105,25.281083]}},{"type":"Feature","properties":{"id":"st-1623","name":"小舟","province":"福建","city":"泉州","tier":"local","sourceCount":0,"source":"csv"},"geometry":{"type":"Point","coordinates":[117.7023,25.294747]}},{"type":"Feature","properties":{"id":"st-1624","name":"格口","province":"福建","city":"泉州","tier":"local","sourceCount":0,"source":"csv"},"geometry":{"type":"Point","coordinates":[117.650342,25.286175]}},{"type":"Feature","properties":{"id":"st-1625","name":"三明北","province":"福建","city":"三明","tier":"regional-hub","sourceCount":2,"source":"csv"},"geometry":{"type":"Point","coordinates":[117.801796,26.379135]}},{"type":"Feature","properties":{"id":"st-1626","name":"三明","province":"福建","city":"三明","tier":"local","sourceCount":1,"source":"csv"},"geometry":{"type":"Point","coordinates":[117.602622,26.243634]}},{"type":"Feature","properties":{"id":"st-1627","name":"厦门北","province":"福建","city":"厦门","tier":"national-hub","sourceCount":71,"source":"csv"},"geometry":{"type":"Point","coordinates":[118.06911,24.63898]}},{"type":"Feature","properties":{"id":"st-1628","name":"厦门","province":"福建","city":"厦门","tier":"national-hub","sourceCount":61,"source":"csv"},"geometry":{"type":"Point","coordinates":[118.11118,24.470271]}},{"type":"Feature","properties":{"id":"st-1629","name":"邵武","province":"福建","city":"南平","tier":"local","sourceCount":0,"source":"csv"},"geometry":{"type":"Point","coordinates":[117.475989,27.353159]}},{"type":"Feature","properties":{"id":"st-1630","name":"顺昌","province":"福建","city":"南平","tier":"local","sourceCount":0,"source":"csv"},"geometry":{"type":"Point","coordinates":[117.811412,26.802922]}},{"type":"Feature","properties":{"id":"st-1631","name":"泰宁","province":"福建","city":"三明","tier":"local","sourceCount":1,"source":"csv"},"geometry":{"type":"Point","coordinates":[117.148114,26.930065]}},{"type":"Feature","properties":{"id":"st-1632","name":"武夷山","province":"福建","city":"南平","tier":"local","sourceCount":0,"source":"csv"},"geometry":{"type":"Point","coordinates":[118.025074,27.73308]}},{"type":"Feature","properties":{"id":"st-1633","name":"霞浦","province":"福建","city":"宁德","tier":"local","sourceCount":0,"source":"csv"},"geometry":{"type":"Point","coordinates":[120.028326,26.912587]}},{"type":"Feature","properties":{"id":"st-1634","name":"永安","province":"福建","city":"三明","tier":"local","sourceCount":0,"source":"csv"},"geometry":{"type":"Point","coordinates":[117.373174,25.977554]}},{"type":"Feature","properties":{"id":"st-1635","name":"永泰","province":"福建","city":"福州","tier":"local","sourceCount":0,"source":"csv"},"geometry":{"type":"Point","coordinates":[118.929091,25.851363]}},{"type":"Feature","properties":{"id":"st-1636","name":"尤溪","province":"福建","city":"三明","tier":"local","sourceCount":0,"source":"csv"},"geometry":{"type":"Point","coordinates":[118.136644,26.170107]}},{"type":"Feature","properties":{"id":"st-1637","name":"云霄","province":"福建","city":"漳州","tier":"local","sourceCount":0,"source":"csv"},"geometry":{"type":"Point","coordinates":[117.35663,23.894146]}},{"type":"Feature","properties":{"id":"st-1638","name":"大深","province":"福建","city":"龙岩","tier":"local","sourceCount":0,"source":"csv"},"geometry":{"type":"Point","coordinates":[117.596876,25.252999]}},{"type":"Feature","properties":{"id":"st-1639","name":"麦园","province":"福建","city":"龙岩","tier":"local","sourceCount":0,"source":"csv"},"geometry":{"type":"Point","coordinates":[117.490056,25.591588]}},{"type":"Feature","properties":{"id":"st-1640","name":"漳平","province":"福建","city":"龙岩","tier":"local","sourceCount":0,"source":"csv"},"geometry":{"type":"Point","coordinates":[117.41416,25.309206]}},{"type":"Feature","properties":{"id":"st-1641","name":"漳浦","province":"福建","city":"漳州","tier":"local","sourceCount":0,"source":"csv"},"geometry":{"type":"Point","coordinates":[117.558136,24.09889]}},{"type":"Feature","properties":{"id":"st-1642","name":"漳州","province":"福建","city":"漳州","tier":"local","sourceCount":3,"source":"csv"},"geometry":{"type":"Point","coordinates":[117.711063,24.460015]}},{"type":"Feature","properties":{"id":"st-1643","name":"漳州东","province":"福建","city":"漳州","tier":"regional-hub","sourceCount":0,"source":"csv"},"geometry":{"type":"Point","coordinates":[117.739798,24.56733]}},{"type":"Feature","properties":{"id":"st-1644","name":"南靖","province":"福建","city":"漳州","tier":"local","sourceCount":0,"source":"csv"},"geometry":{"type":"Point","coordinates":[117.444077,24.581575]}},{"type":"Feature","properties":{"id":"st-1645","name":"诏安","province":"福建","city":"漳州","tier":"local","sourceCount":3,"source":"csv"},"geometry":{"type":"Point","coordinates":[117.093783,23.775026]}},{"type":"Feature","properties":{"id":"st-1646","name":"角美","province":"福建","city":"漳州","tier":"local","sourceCount":0,"source":"csv"},"geometry":{"type":"Point","coordinates":[117.875434,24.529889]}},{"type":"Feature","properties":{"id":"st-1647","name":"安仁","province":"湖南","city":"郴州","tier":"local","sourceCount":0,"source":"csv"},"geometry":{"type":"Point","coordinates":[113.251341,26.772209]}},{"type":"Feature","properties":{"id":"st-1648","name":"茶陵","province":"湖南","city":"株洲","tier":"local","sourceCount":0,"source":"csv"},"geometry":{"type":"Point","coordinates":[113.544322,26.813755]}},{"type":"Feature","properties":{"id":"st-1649","name":"茶陵南","province":"湖南","city":"株洲","tier":"regional-hub","sourceCount":0,"source":"csv"},"geometry":{"type":"Point","coordinates":[113.519315,26.74108]}},{"type":"Feature","properties":{"id":"st-1650","name":"醴陵","province":"湖南","city":"株洲","tier":"local","sourceCount":0,"source":"csv"},"geometry":{"type":"Point","coordinates":[113.506605,27.673175]}},{"type":"Feature","properties":{"id":"st-1651","name":"炎陵","province":"湖南","city":"株洲","tier":"local","sourceCount":0,"source":"csv"},"geometry":{"type":"Point","coordinates":[113.778385,26.503385]}},{"type":"Feature","properties":{"id":"st-1652","name":"攸县","province":"湖南","city":"株洲","tier":"local","sourceCount":0,"source":"csv"},"geometry":{"type":"Point","coordinates":[113.33551,26.846439]}},{"type":"Feature","properties":{"id":"st-1653","name":"湖口","province":"江西","city":"九江","tier":"local","sourceCount":0,"source":"csv"},"geometry":{"type":"Point","coordinates":[116.279758,29.731645]}},{"type":"Feature","properties":{"id":"st-1654","name":"九江","province":"江西","city":"九江","tier":"regional-hub","sourceCount":23,"source":"csv"},"geometry":{"type":"Point","coordinates":[116.000767,29.707202]}},{"type":"Feature","properties":{"id":"st-1655","name":"德安","province":"江西","city":"九江","tier":"local","sourceCount":0,"source":"csv"},"geometry":{"type":"Point","coordinates":[115.762472,29.311783]}},{"type":"Feature","properties":{"id":"st-1656","name":"定南","province":"江西","city":"赣州","tier":"regional-hub","sourceCount":1,"source":"csv"},"geometry":{"type":"Point","coordinates":[115.000449,24.777776]}},{"type":"Feature","properties":{"id":"st-1657","name":"东乡","province":"江西","city":"抚州","tier":"local","sourceCount":0,"source":"csv"},"geometry":{"type":"Point","coordinates":[116.621386,28.231544]}},{"type":"Feature","properties":{"id":"st-1658","name":"分宜","province":"江西","city":"新余","tier":"local","sourceCount":0,"source":"csv"},"geometry":{"type":"Point","coordinates":[114.658641,27.809378]}},{"type":"Feature","properties":{"id":"st-1659","name":"丰城南","province":"江西","city":"宜春","tier":"regional-hub","sourceCount":0,"source":"csv"},"geometry":{"type":"Point","coordinates":[115.762203,28.077665]}},{"type":"Feature","properties":{"id":"st-1660","name":"丰城","province":"江西","city":"宜春","tier":"local","sourceCount":0,"source":"csv"},"geometry":{"type":"Point","coordinates":[115.785555,28.186034]}},{"type":"Feature","properties":{"id":"st-1661","name":"抚州","province":"江西","city":"抚州","tier":"local","sourceCount":0,"source":"csv"},"geometry":{"type":"Point","coordinates":[116.349107,27.923144]}},{"type":"Feature","properties":{"id":"st-1662","name":"江边村","province":"江西","city":"抚州","tier":"local","sourceCount":0,"source":"csv"},"geometry":{"type":"Point","coordinates":[113.107505,27.654979]}},{"type":"Feature","properties":{"id":"st-1663","name":"赣州","province":"江西","city":"赣州","tier":"regional-hub","sourceCount":22,"source":"csv"},"geometry":{"type":"Point","coordinates":[114.959611,25.822298]}},{"type":"Feature","properties":{"id":"st-1664","name":"共青城","province":"江西","city":"九江","tier":"local","sourceCount":0,"source":"csv"},"geometry":{"type":"Point","coordinates":[115.769658,29.245116]}},{"type":"Feature","properties":{"id":"st-1665","name":"横峰","province":"江西","city":"上饶","tier":"local","sourceCount":0,"source":"csv"},"geometry":{"type":"Point","coordinates":[117.597364,28.417322]}},{"type":"Feature","properties":{"id":"st-1666","name":"西江","province":"江西","city":"赣州","tier":"local","sourceCount":0,"source":"csv"},"geometry":{"type":"Point","coordinates":[115.780471,25.829989]}},{"type":"Feature","properties":{"id":"st-1667","name":"吉安","province":"江西","city":"吉安","tier":"local","sourceCount":0,"source":"csv"},"geometry":{"type":"Point","coordinates":[115.015997,27.108538]}},{"type":"Feature","properties":{"id":"st-1668","name":"峡江","province":"江西","city":"吉安","tier":"local","sourceCount":0,"source":"csv"},"geometry":{"type":"Point","coordinates":[115.330586,27.601887]}},{"type":"Feature","properties":{"id":"st-1669","name":"进贤","province":"江西","city":"南昌","tier":"local","sourceCount":0,"source":"csv"},"geometry":{"type":"Point","coordinates":[116.241345,28.35802]}},{"type":"Feature","properties":{"id":"st-1670","name":"龙市","province":"江西","city":"吉安","tier":"local","sourceCount":0,"source":"csv"},"geometry":{"type":"Point","coordinates":[113.963024,26.72282]}},{"type":"Feature","properties":{"id":"st-1671","name":"井冈山","province":"江西","city":"吉安","tier":"regional-hub","sourceCount":5,"source":"csv"},"geometry":{"type":"Point","coordinates":[114.292142,26.731302]}},{"type":"Feature","properties":{"id":"st-1672","name":"鲇鱼山","province":"江西","city":"吉安","tier":"local","sourceCount":0,"source":"csv"},"geometry":{"type":"Point","coordinates":[117.103706,29.207486]}},{"type":"Feature","properties":{"id":"st-1673","name":"景德镇","province":"江西","city":"景德镇","tier":"local","sourceCount":2,"source":"csv"},"geometry":{"type":"Point","coordinates":[117.216553,29.288159]}},{"type":"Feature","properties":{"id":"st-1674","name":"庐山","province":"江西","city":"九江","tier":"local","sourceCount":0,"source":"csv"},"geometry":{"type":"Point","coordinates":[115.877054,29.600444]}},{"type":"Feature","properties":{"id":"st-1675","name":"甘棠","province":"江西","city":"乐平","tier":"local","sourceCount":0,"source":"csv"},"geometry":{"type":"Point","coordinates":[117.092077,28.850264]}},{"type":"Feature","properties":{"id":"st-1676","name":"塔前","province":"江西","city":"乐平","tier":"local","sourceCount":0,"source":"csv"},"geometry":{"type":"Point","coordinates":[117.0877,29.050846]}},{"type":"Feature","properties":{"id":"st-1677","name":"乐平市","province":"江西","city":"景德镇","tier":"local","sourceCount":0,"source":"csv"},"geometry":{"type":"Point","coordinates":[117.109582,28.969079]}},{"type":"Feature","properties":{"id":"st-1678","name":"龙南","province":"江西","city":"赣州","tier":"regional-hub","sourceCount":0,"source":"csv"},"geometry":{"type":"Point","coordinates":[114.87286,24.922844]}},{"type":"Feature","properties":{"id":"st-1679","name":"南昌","province":"江西","city":"南昌","tier":"national-hub","sourceCount":65,"source":"csv"},"geometry":{"type":"Point","coordinates":[115.914324,28.6654]}},{"type":"Feature","properties":{"id":"st-1680","name":"南昌西","province":"江西","city":"南昌","tier":"national-hub","sourceCount":40,"source":"csv"},"geometry":{"type":"Point","coordinates":[115.78756,28.625739]}},{"type":"Feature","properties":{"id":"st-1681","name":"横岗","province":"江西","city":"南昌","tier":"local","sourceCount":0,"source":"csv"},"geometry":{"type":"Point","coordinates":[115.940692,28.508227]}},{"type":"Feature","properties":{"id":"st-1682","name":"莲塘","province":"江西","city":"南昌","tier":"local","sourceCount":0,"source":"csv"},"geometry":{"type":"Point","coordinates":[115.937194,28.555117]}},{"type":"Feature","properties":{"id":"st-1683","name":"向塘","province":"江西","city":"南昌","tier":"local","sourceCount":0,"source":"csv"},"geometry":{"type":"Point","coordinates":[115.955997,28.446287]}},{"type":"Feature","properties":{"id":"st-1684","name":"南城","province":"江西","city":"抚州","tier":"local","sourceCount":0,"source":"csv"},"geometry":{"type":"Point","coordinates":[116.611286,27.567344]}},{"type":"Feature","properties":{"id":"st-1685","name":"南丰","province":"江西","city":"抚州","tier":"local","sourceCount":1,"source":"csv"},"geometry":{"type":"Point","coordinates":[116.595022,27.28964]}},{"type":"Feature","properties":{"id":"st-1686","name":"彭泽","province":"江西","city":"九江","tier":"local","sourceCount":0,"source":"csv"},"geometry":{"type":"Point","coordinates":[116.538365,29.868941]}},{"type":"Feature","properties":{"id":"st-1687","name":"泉江","province":"江西","city":"萍乡","tier":"local","sourceCount":0,"source":"csv"},"geometry":{"type":"Point","coordinates":[113.953229,27.663431]}},{"type":"Feature","properties":{"id":"st-1688","name":"芦溪","province":"江西","city":"萍乡","tier":"local","sourceCount":0,"source":"csv"},"geometry":{"type":"Point","coordinates":[114.053903,27.660746]}},{"type":"Feature","properties":{"id":"st-1689","name":"萍乡","province":"江西","city":"萍乡","tier":"regional-hub","sourceCount":5,"source":"csv"},"geometry":{"type":"Point","coordinates":[113.835965,27.6504]}},{"type":"Feature","properties":{"id":"st-1690","name":"瑞昌","province":"江西","city":"九江","tier":"local","sourceCount":0,"source":"csv"},"geometry":{"type":"Point","coordinates":[115.666075,29.691034]}},{"type":"Feature","properties":{"id":"st-1691","name":"瑞金","province":"江西","city":"赣州","tier":"local","sourceCount":1,"source":"csv"},"geometry":{"type":"Point","coordinates":[116.050355,25.866463]}},{"type":"Feature","properties":{"id":"st-1692","name":"弋阳","province":"江西","city":"上饶","tier":"local","sourceCount":0,"source":"csv"},"geometry":{"type":"Point","coordinates":[117.439753,28.413957]}},{"type":"Feature","properties":{"id":"st-1693","name":"上饶","province":"江西","city":"上饶","tier":"regional-hub","sourceCount":6,"source":"csv"},"geometry":{"type":"Point","coordinates":[118.002529,28.49349]}},{"type":"Feature","properties":{"id":"st-1694","name":"泰和","province":"江西","city":"吉安","tier":"local","sourceCount":0,"source":"csv"},"geometry":{"type":"Point","coordinates":[114.944392,26.835003]}},{"type":"Feature","properties":{"id":"st-1695","name":"万年","province":"江西","city":"上饶","tier":"local","sourceCount":0,"source":"csv"},"geometry":{"type":"Point","coordinates":[117.07456,28.688356]}},{"type":"Feature","properties":{"id":"st-1696","name":"新干","province":"江西","city":"吉安","tier":"local","sourceCount":0,"source":"csv"},"geometry":{"type":"Point","coordinates":[115.39088,27.735734]}},{"type":"Feature","properties":{"id":"st-1697","name":"新余","province":"江西","city":"新余","tier":"local","sourceCount":0,"source":"csv"},"geometry":{"type":"Point","coordinates":[114.934457,27.812899]}},{"type":"Feature","properties":{"id":"st-1698","name":"信丰","province":"江西","city":"赣州","tier":"local","sourceCount":0,"source":"csv"},"geometry":{"type":"Point","coordinates":[114.902982,25.401155]}},{"type":"Feature","properties":{"id":"st-1699","name":"兴国","province":"江西","city":"赣州","tier":"local","sourceCount":0,"source":"csv"},"geometry":{"type":"Point","coordinates":[115.314136,26.333202]}},{"type":"Feature","properties":{"id":"st-1700","name":"彬江","province":"江西","city":"鹰潭","tier":"local","sourceCount":0,"source":"csv"},"geometry":{"type":"Point","coordinates":[114.547543,27.785536]}},{"type":"Feature","properties":{"id":"st-1701","name":"贵溪","province":"江西","city":"鹰潭","tier":"local","sourceCount":0,"source":"csv"},"geometry":{"type":"Point","coordinates":[117.210046,28.292487]}},{"type":"Feature","properties":{"id":"st-1702","name":"硬石岭","province":"江西","city":"鹰潭","tier":"local","sourceCount":0,"source":"csv"},"geometry":{"type":"Point","coordinates":[117.07012,28.451344]}},{"type":"Feature","properties":{"id":"st-1703","name":"鹰潭","province":"江西","city":"鹰潭","tier":"local","sourceCount":3,"source":"csv"},"geometry":{"type":"Point","coordinates":[117.022681,28.238617]}},{"type":"Feature","properties":{"id":"st-1704","name":"永修","province":"江西","city":"九江","tier":"local","sourceCount":0,"source":"csv"},"geometry":{"type":"Point","coordinates":[115.810459,29.02316]}},{"type":"Feature","properties":{"id":"st-1705","name":"于都","province":"江西","city":"赣州","tier":"local","sourceCount":0,"source":"csv"},"geometry":{"type":"Point","coordinates":[115.411432,25.978618]}},{"type":"Feature","properties":{"id":"st-1706","name":"余江","province":"江西","city":"鹰潭","tier":"local","sourceCount":0,"source":"csv"},"geometry":{"type":"Point","coordinates":[116.81424,28.218204]}},{"type":"Feature","properties":{"id":"st-1707","name":"画桥","province":"江西","city":"鹰潭","tier":"local","sourceCount":0,"source":"csv"},"geometry":{"type":"Point","coordinates":[117.033692,28.519401]}},{"type":"Feature","properties":{"id":"st-1708","name":"玉山","province":"江西","city":"上饶","tier":"local","sourceCount":2,"source":"csv"},"geometry":{"type":"Point","coordinates":[118.231394,28.663652]}},{"type":"Feature","properties":{"id":"st-1709","name":"樟树东","province":"江西","city":"宜春","tier":"regional-hub","sourceCount":0,"source":"csv"},"geometry":{"type":"Point","coordinates":[115.599595,27.972851]}},{"type":"Feature","properties":{"id":"st-1710","name":"樟树","province":"江西","city":"宜春","tier":"local","sourceCount":0,"source":"csv"},"geometry":{"type":"Point","coordinates":[115.57261,28.080015]}},{"type":"Feature","properties":{"id":"st-1711","name":"资溪","province":"江西","city":"抚州","tier":"local","sourceCount":0,"source":"csv"},"geometry":{"type":"Point","coordinates":[117.073778,27.724183]}},{"type":"Feature","properties":{"id":"st-1712","name":"化州","province":"广东","city":"茂名","tier":"local","sourceCount":0,"source":"csv"},"geometry":{"type":"Point","coordinates":[110.647312,21.655872]}},{"type":"Feature","properties":{"id":"st-1713","name":"河唇","province":"广东","city":"湛江","tier":"local","sourceCount":0,"source":"csv"},"geometry":{"type":"Point","coordinates":[110.304149,21.704887]}},{"type":"Feature","properties":{"id":"st-1714","name":"廉江","province":"广东","city":"湛江","tier":"local","sourceCount":0,"source":"csv"},"geometry":{"type":"Point","coordinates":[110.292064,21.61739]}},{"type":"Feature","properties":{"id":"st-1715","name":"茂名","province":"广东","city":"茂名","tier":"regional-hub","sourceCount":14,"source":"csv"},"geometry":{"type":"Point","coordinates":[110.843485,21.683697]}},{"type":"Feature","properties":{"id":"st-1716","name":"遂溪","province":"广东","city":"湛江","tier":"local","sourceCount":0,"source":"csv"},"geometry":{"type":"Point","coordinates":[110.262311,21.400758]}},{"type":"Feature","properties":{"id":"st-1717","name":"湛江","province":"广东","city":"湛江","tier":"regional-hub","sourceCount":16,"source":"csv"},"geometry":{"type":"Point","coordinates":[110.385913,21.189448]}},{"type":"Feature","properties":{"id":"st-1718","name":"兴安","province":"广西壮族自治区","city":"桂林","tier":"local","sourceCount":0,"source":"csv"},"geometry":{"type":"Point","coordinates":[110.656987,25.621182]}},{"type":"Feature","properties":{"id":"st-1719","name":"百色","province":"广西壮族自治区","city":"百色","tier":"regional-hub","sourceCount":18,"source":"csv"},"geometry":{"type":"Point","coordinates":[106.660827,23.888555]}},{"type":"Feature","properties":{"id":"st-1720","name":"北海","province":"广西壮族自治区","city":"北海","tier":"regional-hub","sourceCount":58,"source":"csv"},"geometry":{"type":"Point","coordinates":[109.123971,21.455194]}},{"type":"Feature","properties":{"id":"st-1721","name":"北流","province":"广西壮族自治区","city":"玉林","tier":"local","sourceCount":0,"source":"csv"},"geometry":{"type":"Point","coordinates":[110.152361,22.600245]}},{"type":"Feature","properties":{"id":"st-1722","name":"黎塘","province":"广西壮族自治区","city":"南宁","tier":"local","sourceCount":0,"source":"csv"},"geometry":{"type":"Point","coordinates":[109.127986,23.197668]}},{"type":"Feature","properties":{"id":"st-1723","name":"文地","province":"广西壮族自治区","city":"玉林","tier":"local","sourceCount":0,"source":"csv"},"geometry":{"type":"Point","coordinates":[110.20088,21.96004]}},{"type":"Feature","properties":{"id":"st-1724","name":"岑溪","province":"广西壮族自治区","city":"梧州","tier":"local","sourceCount":0,"source":"csv"},"geometry":{"type":"Point","coordinates":[110.943513,22.906454]}},{"type":"Feature","properties":{"id":"st-1725","name":"崇左","province":"广西壮族自治区","city":"崇左","tier":"local","sourceCount":0,"source":"csv"},"geometry":{"type":"Point","coordinates":[107.353994,22.406677]}},{"type":"Feature","properties":{"id":"st-1726","name":"濑湍","province":"广西壮族自治区","city":"崇左","tier":"local","sourceCount":0,"source":"csv"},"geometry":{"type":"Point","coordinates":[107.497662,22.44806]}},{"type":"Feature","properties":{"id":"st-1727","name":"防城港北","province":"广西壮族自治区","city":"防城港","tier":"regional-hub","sourceCount":14,"source":"csv"},"geometry":{"type":"Point","coordinates":[108.372269,21.716351]}},{"type":"Feature","properties":{"id":"st-1728","name":"渠旧","province":"广西壮族自治区","city":"崇左","tier":"local","sourceCount":0,"source":"csv"},"geometry":{"type":"Point","coordinates":[107.578499,22.517992]}},{"type":"Feature","properties":{"id":"st-1729","name":"渠黎","province":"广西壮族自治区","city":"崇左","tier":"local","sourceCount":0,"source":"csv"},"geometry":{"type":"Point","coordinates":[107.795404,22.562782]}},{"type":"Feature","properties":{"id":"st-1730","name":"扶绥","province":"广西壮族自治区","city":"崇左","tier":"local","sourceCount":0,"source":"csv"},"geometry":{"type":"Point","coordinates":[107.915392,22.631351]}},{"type":"Feature","properties":{"id":"st-1731","name":"富川","province":"广西壮族自治区","city":"贺州","tier":"local","sourceCount":0,"source":"csv"},"geometry":{"type":"Point","coordinates":[111.356713,24.795243]}},{"type":"Feature","properties":{"id":"st-1732","name":"贵港","province":"广西壮族自治区","city":"贵港","tier":"local","sourceCount":0,"source":"csv"},"geometry":{"type":"Point","coordinates":[109.608974,23.102006]}},{"type":"Feature","properties":{"id":"st-1733","name":"平南南","province":"广西壮族自治区","city":"贵港","tier":"regional-hub","sourceCount":0,"source":"csv"},"geometry":{"type":"Point","coordinates":[110.428057,23.420202]}},{"type":"Feature","properties":{"id":"st-1734","name":"桂林","province":"广西壮族自治区","city":"桂林","tier":"regional-hub","sourceCount":5,"source":"csv"},"geometry":{"type":"Point","coordinates":[110.278209,25.263879]}},{"type":"Feature","properties":{"id":"st-1735","name":"桂平","province":"广西壮族自治区","city":"贵港","tier":"local","sourceCount":0,"source":"csv"},"geometry":{"type":"Point","coordinates":[110.11182,23.318955]}},{"type":"Feature","properties":{"id":"st-1736","name":"合浦","province":"广西壮族自治区","city":"北海","tier":"local","sourceCount":0,"source":"csv"},"geometry":{"type":"Point","coordinates":[109.18405,21.625671]}},{"type":"Feature","properties":{"id":"st-1737","name":"金城江","province":"广西壮族自治区","city":"河池","tier":"regional-hub","sourceCount":6,"source":"csv"},"geometry":{"type":"Point","coordinates":[108.060829,24.702257]}},{"type":"Feature","properties":{"id":"st-1738","name":"贺州","province":"广西壮族自治区","city":"贺州","tier":"regional-hub","sourceCount":6,"source":"csv"},"geometry":{"type":"Point","coordinates":[111.534004,24.457268]}},{"type":"Feature","properties":{"id":"st-1739","name":"来宾北","province":"广西壮族自治区","city":"来宾","tier":"regional-hub","sourceCount":0,"source":"csv"},"geometry":{"type":"Point","coordinates":[109.24022,23.753291]}},{"type":"Feature","properties":{"id":"st-1740","name":"来宾","province":"广西壮族自治区","city":"来宾","tier":"local","sourceCount":0,"source":"csv"},"geometry":{"type":"Point","coordinates":[109.236655,23.733326]}},{"type":"Feature","properties":{"id":"st-1741","name":"柳州","province":"广西壮族自治区","city":"柳州","tier":"regional-hub","sourceCount":30,"source":"csv"},"geometry":{"type":"Point","coordinates":[109.384492,24.310159]}},{"type":"Feature","properties":{"id":"st-1742","name":"陆川","province":"广西壮族自治区","city":"玉林","tier":"local","sourceCount":0,"source":"csv"},"geometry":{"type":"Point","coordinates":[110.253671,22.312812]}},{"type":"Feature","properties":{"id":"st-1743","name":"鹿寨","province":"广西壮族自治区","city":"柳州","tier":"local","sourceCount":0,"source":"csv"},"geometry":{"type":"Point","coordinates":[109.741177,24.482891]}},{"type":"Feature","properties":{"id":"st-1744","name":"南丹","province":"广西壮族自治区","city":"河池","tier":"local","sourceCount":0,"source":"csv"},"geometry":{"type":"Point","coordinates":[107.553931,24.974656]}},{"type":"Feature","properties":{"id":"st-1745","name":"金鸡村","province":"广西壮族自治区","city":"南宁","tier":"local","sourceCount":0,"source":"csv"},"geometry":{"type":"Point","coordinates":[108.178447,22.764183]}},{"type":"Feature","properties":{"id":"st-1746","name":"江西村","province":"广西壮族自治区","city":"南宁","tier":"local","sourceCount":0,"source":"csv"},"geometry":{"type":"Point","coordinates":[108.099684,22.778995]}},{"type":"Feature","properties":{"id":"st-1747","name":"南宁","province":"广西壮族自治区","city":"南宁","tier":"national-hub","sourceCount":46,"source":"csv"},"geometry":{"type":"Point","coordinates":[108.311197,22.829528]}},{"type":"Feature","properties":{"id":"st-1748","name":"宁明","province":"广西壮族自治区","city":"崇左","tier":"local","sourceCount":0,"source":"csv"},"geometry":{"type":"Point","coordinates":[107.060048,22.160902]}},{"type":"Feature","properties":{"id":"st-1749","name":"龙伯屯","province":"广西壮族自治区","city":"崇左","tier":"local","sourceCount":0,"source":"csv"},"geometry":{"type":"Point","coordinates":[107.111924,22.186229]}},{"type":"Feature","properties":{"id":"st-1750","name":"亭亮","province":"广西壮族自治区","city":"崇左","tier":"local","sourceCount":0,"source":"csv"},"geometry":{"type":"Point","coordinates":[107.184071,22.219582]}},{"type":"Feature","properties":{"id":"st-1751","name":"天西","province":"广西壮族自治区","city":"崇左","tier":"regional-hub","sourceCount":0,"source":"csv"},"geometry":{"type":"Point","coordinates":[107.176388,22.306009]}},{"type":"Feature","properties":{"id":"st-1752","name":"平果","province":"广西壮族自治区","city":"百色","tier":"local","sourceCount":0,"source":"csv"},"geometry":{"type":"Point","coordinates":[107.561909,23.319185]}},{"type":"Feature","properties":{"id":"st-1753","name":"凭祥","province":"广西壮族自治区","city":"崇左","tier":"local","sourceCount":3,"source":"csv"},"geometry":{"type":"Point","coordinates":[106.738467,22.083031]}},{"type":"Feature","properties":{"id":"st-1754","name":"夏石","province":"广西壮族自治区","city":"崇左","tier":"local","sourceCount":0,"source":"csv"},"geometry":{"type":"Point","coordinates":[106.906391,22.128045]}},{"type":"Feature","properties":{"id":"st-1755","name":"钦州东","province":"广西壮族自治区","city":"钦州","tier":"regional-hub","sourceCount":0,"source":"csv"},"geometry":{"type":"Point","coordinates":[108.664594,21.982509]}},{"type":"Feature","properties":{"id":"st-1756","name":"钦州","province":"广西壮族自治区","city":"钦州","tier":"local","sourceCount":0,"source":"csv"},"geometry":{"type":"Point","coordinates":[108.612624,21.989557]}},{"type":"Feature","properties":{"id":"st-1757","name":"全州南","province":"广西壮族自治区","city":"桂林","tier":"regional-hub","sourceCount":0,"source":"csv"},"geometry":{"type":"Point","coordinates":[111.03636,25.956552]}},{"type":"Feature","properties":{"id":"st-1758","name":"融安","province":"广西壮族自治区","city":"柳州","tier":"local","sourceCount":0,"source":"csv"},"geometry":{"type":"Point","coordinates":[109.40225,25.209128]}},{"type":"Feature","properties":{"id":"st-1759","name":"融水","province":"广西壮族自治区","city":"柳州","tier":"local","sourceCount":0,"source":"csv"},"geometry":{"type":"Point","coordinates":[109.236406,25.074045]}},{"type":"Feature","properties":{"id":"st-1760","name":"三江县","province":"广西壮族自治区","city":"柳州","tier":"local","sourceCount":0,"source":"csv"},"geometry":{"type":"Point","coordinates":[109.572054,25.729404]}},{"type":"Feature","properties":{"id":"st-1761","name":"藤县","province":"广西壮族自治区","city":"梧州","tier":"local","sourceCount":0,"source":"csv"},"geometry":{"type":"Point","coordinates":[110.982522,23.337057]}},{"type":"Feature","properties":{"id":"st-1762","name":"田东","province":"广西壮族自治区","city":"百色","tier":"regional-hub","sourceCount":0,"source":"csv"},"geometry":{"type":"Point","coordinates":[107.12554,23.629872]}},{"type":"Feature","properties":{"id":"st-1763","name":"田林","province":"广西壮族自治区","city":"百色","tier":"local","sourceCount":0,"source":"csv"},"geometry":{"type":"Point","coordinates":[106.230613,24.288265]}},{"type":"Feature","properties":{"id":"st-1764","name":"田阳","province":"广西壮族自治区","city":"百色","tier":"local","sourceCount":0,"source":"csv"},"geometry":{"type":"Point","coordinates":[106.93228,23.768749]}},{"type":"Feature","properties":{"id":"st-1765","name":"梧州南","province":"广西壮族自治区","city":"梧州","tier":"regional-hub","sourceCount":4,"source":"csv"},"geometry":{"type":"Point","coordinates":[111.217659,23.395885]}},{"type":"Feature","properties":{"id":"st-1766","name":"梧州","province":"广西壮族自治区","city":"梧州","tier":"local","sourceCount":0,"source":"csv"},"geometry":{"type":"Point","coordinates":[111.235483,23.489577]}},{"type":"Feature","properties":{"id":"st-1767","name":"兴安北","province":"广西壮族自治区","city":"桂林","tier":"regional-hub","sourceCount":1,"source":"csv"},"geometry":{"type":"Point","coordinates":[110.661673,25.677298]}},{"type":"Feature","properties":{"id":"st-1768","name":"兴业","province":"广西壮族自治区","city":"玉林","tier":"local","sourceCount":0,"source":"csv"},"geometry":{"type":"Point","coordinates":[109.893065,22.740549]}},{"type":"Feature","properties":{"id":"st-1769","name":"宜州","province":"广西壮族自治区","city":"河池","tier":"local","sourceCount":0,"source":"csv"},"geometry":{"type":"Point","coordinates":[108.623481,24.482129]}},{"type":"Feature","properties":{"id":"st-1770","name":"永福南","province":"广西壮族自治区","city":"桂林","tier":"regional-hub","sourceCount":0,"source":"csv"},"geometry":{"type":"Point","coordinates":[109.994826,25.001073]}},{"type":"Feature","properties":{"id":"st-1771","name":"玉林","province":"广西壮族自治区","city":"玉林","tier":"regional-hub","sourceCount":13,"source":"csv"},"geometry":{"type":"Point","coordinates":[110.152361,22.600245]}},{"type":"Feature","properties":{"id":"st-1772","name":"容县","province":"广西壮族自治区","city":"玉林","tier":"local","sourceCount":0,"source":"csv"},"geometry":{"type":"Point","coordinates":[110.526964,22.862313]}},{"type":"Feature","properties":{"id":"st-1773","name":"安龙","province":"贵州","city":"黔西南布依族苗族自治州","tier":"local","sourceCount":0,"source":"csv"},"geometry":{"type":"Point","coordinates":[105.240779,25.066913]}},{"type":"Feature","properties":{"id":"st-1774","name":"册亨","province":"贵州","city":"黔西南布依族苗族自治州","tier":"local","sourceCount":0,"source":"csv"},"geometry":{"type":"Point","coordinates":[105.79311,24.995647]}},{"type":"Feature","properties":{"id":"st-1775","name":"兴义","province":"贵州","city":"黔西南布依族苗族自治州","tier":"local","sourceCount":0,"source":"csv"},"geometry":{"type":"Point","coordinates":[104.984192,25.168903]}},{"type":"Feature","properties":{"id":"st-1776","name":"道州","province":"湖南","city":"永州","tier":"local","sourceCount":0,"source":"csv"},"geometry":{"type":"Point","coordinates":[111.56454,25.518321]}},{"type":"Feature","properties":{"id":"st-1777","name":"东安东","province":"湖南","city":"永州","tier":"regional-hub","sourceCount":2,"source":"csv"},"geometry":{"type":"Point","coordinates":[111.332242,26.381196]}},{"type":"Feature","properties":{"id":"st-1778","name":"江华","province":"湖南","city":"永州","tier":"local","sourceCount":0,"source":"csv"},"geometry":{"type":"Point","coordinates":[111.549288,25.182735]}},{"type":"Feature","properties":{"id":"st-1779","name":"江永","province":"湖南","city":"永州","tier":"local","sourceCount":0,"source":"csv"},"geometry":{"type":"Point","coordinates":[111.460259,25.352616]}},{"type":"Feature","properties":{"id":"st-1780","name":"双牌","province":"湖南","city":"永州","tier":"local","sourceCount":0,"source":"csv"},"geometry":{"type":"Point","coordinates":[111.655333,26.02321]}},{"type":"Feature","properties":{"id":"st-1781","name":"牙屯堡","province":"湖南","city":"怀化","tier":"local","sourceCount":0,"source":"csv"},"geometry":{"type":"Point","coordinates":[109.618327,26.13358]}},{"type":"Feature","properties":{"id":"st-1782","name":"零陵","province":"湖南","city":"永州","tier":"local","sourceCount":0,"source":"csv"},"geometry":{"type":"Point","coordinates":[111.576079,26.226385]}},{"type":"Feature","properties":{"id":"st-1783","name":"海石湾","province":"甘肃","city":"兰州","tier":"local","sourceCount":0,"source":"csv"},"geometry":{"type":"Point","coordinates":[102.863708,36.341144]}},{"type":"Feature","properties":{"id":"st-1784","name":"德令哈","province":"青海","city":"海西蒙古族藏族自治州","tier":"local","sourceCount":1,"source":"csv"},"geometry":{"type":"Point","coordinates":[97.382908,37.31471]}},{"type":"Feature","properties":{"id":"st-1785","name":"察尔汗","province":"青海","city":"海西蒙古族藏族自治州","tier":"local","sourceCount":0,"source":"csv"},"geometry":{"type":"Point","coordinates":[95.303745,36.809665]}},{"type":"Feature","properties":{"id":"st-1786","name":"达布逊","province":"青海","city":"海西蒙古族藏族自治州","tier":"local","sourceCount":0,"source":"csv"},"geometry":{"type":"Point","coordinates":[95.362416,36.920165]}},{"type":"Feature","properties":{"id":"st-1787","name":"格尔木","province":"青海","city":"海西蒙古族藏族自治州","tier":"local","sourceCount":3,"source":"csv"},"geometry":{"type":"Point","coordinates":[94.906201,36.383255]}},{"type":"Feature","properties":{"id":"st-1788","name":"刚察","province":"青海","city":"海北藏族自治州","tier":"local","sourceCount":0,"source":"csv"},"geometry":{"type":"Point","coordinates":[100.13518,37.328062]}},{"type":"Feature","properties":{"id":"st-1789","name":"哈尔盖","province":"青海","city":"海北藏族自治州","tier":"local","sourceCount":0,"source":"csv"},"geometry":{"type":"Point","coordinates":[100.41723,37.222]}},{"type":"Feature","properties":{"id":"st-1790","name":"海晏","province":"青海","city":"海北藏族自治州","tier":"local","sourceCount":0,"source":"csv"},"geometry":{"type":"Point","coordinates":[100.979124,36.872855]}},{"type":"Feature","properties":{"id":"st-1791","name":"乐都","province":"青海","city":"海东","tier":"local","sourceCount":0,"source":"csv"},"geometry":{"type":"Point","coordinates":[102.433164,36.476941]}},{"type":"Feature","properties":{"id":"st-1792","name":"平安驿","province":"青海","city":"海东","tier":"local","sourceCount":0,"source":"csv"},"geometry":{"type":"Point","coordinates":[102.107066,36.505192]}},{"type":"Feature","properties":{"id":"st-1793","name":"锡铁山","province":"青海","city":"海西蒙古族藏族自治州","tier":"local","sourceCount":0,"source":"csv"},"geometry":{"type":"Point","coordinates":[95.639336,37.369324]}},{"type":"Feature","properties":{"id":"st-1794","name":"饮马峡","province":"青海","city":"海西蒙古族藏族自治州","tier":"local","sourceCount":0,"source":"csv"},"geometry":{"type":"Point","coordinates":[95.87234,37.323149]}},{"type":"Feature","properties":{"id":"st-1795","name":"南山","province":"青海","city":"海西蒙古族藏族自治州","tier":"local","sourceCount":0,"source":"csv"},"geometry":{"type":"Point","coordinates":[115.808535,29.009276]}},{"type":"Feature","properties":{"id":"st-1796","name":"柯柯","province":"青海","city":"海西蒙古族藏族自治州","tier":"local","sourceCount":0,"source":"csv"},"geometry":{"type":"Point","coordinates":[98.255264,36.984384]}},{"type":"Feature","properties":{"id":"st-1797","name":"乌兰","province":"青海","city":"海西蒙古族藏族自治州","tier":"local","sourceCount":0,"source":"csv"},"geometry":{"type":"Point","coordinates":[98.473238,36.959641]}},{"type":"Feature","properties":{"id":"st-1798","name":"湟源","province":"青海","city":"西宁","tier":"local","sourceCount":0,"source":"csv"},"geometry":{"type":"Point","coordinates":[101.165165,36.748212]}},{"type":"Feature","properties":{"id":"st-1799","name":"西宁西","province":"青海","city":"西宁","tier":"national-hub","sourceCount":0,"source":"csv"},"geometry":{"type":"Point","coordinates":[101.68452,36.65878]}},{"type":"Feature","properties":{"id":"st-1800","name":"西宁","province":"青海","city":"西宁","tier":"national-hub","sourceCount":31,"source":"csv"},"geometry":{"type":"Point","coordinates":[101.812152,36.619999]}},{"type":"Feature","properties":{"id":"st-1801","name":"安多","province":"西藏自治区","city":"那曲","tier":"local","sourceCount":0,"source":"csv"},"geometry":{"type":"Point","coordinates":[91.666418,32.25239]}},{"type":"Feature","properties":{"id":"st-1802","name":"当雄","province":"西藏自治区","city":"拉萨","tier":"local","sourceCount":0,"source":"csv"},"geometry":{"type":"Point","coordinates":[91.104427,30.475579]}},{"type":"Feature","properties":{"id":"st-1803","name":"协荣","province":"西藏自治区","city":"拉萨","tier":"local","sourceCount":0,"source":"csv"},"geometry":{"type":"Point","coordinates":[90.914945,29.392238]}},{"type":"Feature","properties":{"id":"st-1804","name":"拉萨","province":"西藏自治区","city":"拉萨","tier":"regional-hub","sourceCount":12,"source":"csv"},"geometry":{"type":"Point","coordinates":[91.068697,29.625795]}},{"type":"Feature","properties":{"id":"st-1805","name":"尼木","province":"西藏自治区","city":"拉萨","tier":"local","sourceCount":0,"source":"csv"},"geometry":{"type":"Point","coordinates":[90.282287,29.333047]}},{"type":"Feature","properties":{"id":"st-1806","name":"曲水","province":"西藏自治区","city":"拉萨","tier":"local","sourceCount":0,"source":"csv"},"geometry":{"type":"Point","coordinates":[129.788904,42.990396]}},{"type":"Feature","properties":{"id":"st-1807","name":"那曲","province":"西藏自治区","city":"那曲","tier":"local","sourceCount":1,"source":"csv"},"geometry":{"type":"Point","coordinates":[91.991129,31.444797]}},{"type":"Feature","properties":{"id":"st-1808","name":"日喀则","province":"西藏自治区","city":"日喀则","tier":"local","sourceCount":2,"source":"csv"},"geometry":{"type":"Point","coordinates":[88.91011,29.225477]}},{"type":"Feature","properties":{"id":"st-1809","name":"仁布","province":"西藏自治区","city":"日喀则","tier":"local","sourceCount":0,"source":"csv"},"geometry":{"type":"Point","coordinates":[89.809088,29.313414]}},{"type":"Feature","properties":{"id":"st-1810","name":"安庆西","province":"安徽","city":"安庆","tier":"regional-hub","sourceCount":0,"source":"csv"},"geometry":{"type":"Point","coordinates":[116.813402,30.764345]}},{"type":"Feature","properties":{"id":"st-1811","name":"安庆","province":"安徽","city":"安庆","tier":"regional-hub","sourceCount":42,"source":"csv"},"geometry":{"type":"Point","coordinates":[117.059927,30.551273]}},{"type":"Feature","properties":{"id":"st-1812","name":"天柱山","province":"安徽","city":"安庆","tier":"local","sourceCount":0,"source":"csv"},"geometry":{"type":"Point","coordinates":[116.555688,30.65831]}},{"type":"Feature","properties":{"id":"st-1813","name":"太湖","province":"安徽","city":"安庆","tier":"local","sourceCount":0,"source":"csv"},"geometry":{"type":"Point","coordinates":[116.294788,30.462046]}},{"type":"Feature","properties":{"id":"st-1814","name":"宿松","province":"安徽","city":"安庆","tier":"local","sourceCount":0,"source":"csv"},"geometry":{"type":"Point","coordinates":[116.098753,30.231661]}},{"type":"Feature","properties":{"id":"st-1815","name":"固镇","province":"安徽","city":"蚌埠","tier":"local","sourceCount":0,"source":"csv"},"geometry":{"type":"Point","coordinates":[117.300985,33.31874]}},{"type":"Feature","properties":{"id":"st-1816","name":"蚌埠","province":"安徽","city":"蚌埠","tier":"local","sourceCount":0,"source":"csv"},"geometry":{"type":"Point","coordinates":[117.371924,32.945583]}},{"type":"Feature","properties":{"id":"st-1817","name":"蚌埠南","province":"安徽","city":"蚌埠","tier":"regional-hub","sourceCount":4,"source":"csv"},"geometry":{"type":"Point","coordinates":[117.435853,32.903699]}},{"type":"Feature","properties":{"id":"st-1818","name":"亳州","province":"安徽","city":"亳州","tier":"regional-hub","sourceCount":5,"source":"csv"},"geometry":{"type":"Point","coordinates":[115.791992,33.849319]}},{"type":"Feature","properties":{"id":"st-1819","name":"涡阳","province":"安徽","city":"亳州","tier":"local","sourceCount":0,"source":"csv"},"geometry":{"type":"Point","coordinates":[116.234763,33.490534]}},{"type":"Feature","properties":{"id":"st-1820","name":"巢湖东","province":"安徽","city":"合肥","tier":"regional-hub","sourceCount":0,"source":"csv"},"geometry":{"type":"Point","coordinates":[117.917145,31.624325]}},{"type":"Feature","properties":{"id":"st-1821","name":"巢湖","province":"安徽","city":"合肥","tier":"local","sourceCount":1,"source":"csv"},"geometry":{"type":"Point","coordinates":[117.88537,31.616653]}},{"type":"Feature","properties":{"id":"st-1822","name":"东至","province":"安徽","city":"池州","tier":"local","sourceCount":0,"source":"csv"},"geometry":{"type":"Point","coordinates":[117.023196,30.175106]}},{"type":"Feature","properties":{"id":"st-1823","name":"池州","province":"安徽","city":"池州","tier":"local","sourceCount":2,"source":"csv"},"geometry":{"type":"Point","coordinates":[117.516842,30.621868]}},{"type":"Feature","properties":{"id":"st-1824","name":"定远","province":"安徽","city":"滁州","tier":"local","sourceCount":0,"source":"csv"},"geometry":{"type":"Point","coordinates":[117.830986,32.586993]}},{"type":"Feature","properties":{"id":"st-1825","name":"凤阳","province":"安徽","city":"滁州","tier":"local","sourceCount":0,"source":"csv"},"geometry":{"type":"Point","coordinates":[117.620967,32.909021]}},{"type":"Feature","properties":{"id":"st-1826","name":"滁州北","province":"安徽","city":"滁州","tier":"regional-hub","sourceCount":0,"source":"csv"},"geometry":{"type":"Point","coordinates":[118.321692,32.309755]}},{"type":"Feature","properties":{"id":"st-1827","name":"滁州","province":"安徽","city":"滁州","tier":"local","sourceCount":1,"source":"csv"},"geometry":{"type":"Point","coordinates":[118.315035,32.200054]}},{"type":"Feature","properties":{"id":"st-1828","name":"全椒","province":"安徽","city":"滁州","tier":"local","sourceCount":0,"source":"csv"},"geometry":{"type":"Point","coordinates":[118.276663,32.06372]}},{"type":"Feature","properties":{"id":"st-1829","name":"炉桥","province":"安徽","city":"滁州","tier":"local","sourceCount":0,"source":"csv"},"geometry":{"type":"Point","coordinates":[117.219988,32.557514]}},{"type":"Feature","properties":{"id":"st-1830","name":"阜南","province":"安徽","city":"阜阳","tier":"regional-hub","sourceCount":0,"source":"csv"},"geometry":{"type":"Point","coordinates":[115.548764,32.639903]}},{"type":"Feature","properties":{"id":"st-1831","name":"三堂集","province":"安徽","city":"阜阳","tier":"local","sourceCount":0,"source":"csv"},"geometry":{"type":"Point","coordinates":[115.815899,33.338863]}},{"type":"Feature","properties":{"id":"st-1832","name":"阜阳","province":"安徽","city":"阜阳","tier":"regional-hub","sourceCount":9,"source":"csv"},"geometry":{"type":"Point","coordinates":[115.862909,32.916755]}},{"type":"Feature","properties":{"id":"st-1833","name":"广德","province":"安徽","city":"宣城","tier":"local","sourceCount":0,"source":"csv"},"geometry":{"type":"Point","coordinates":[119.404001,30.91394]}},{"type":"Feature","properties":{"id":"st-1834","name":"合肥南","province":"安徽","city":"合肥","tier":"national-hub","sourceCount":83,"source":"csv"},"geometry":{"type":"Point","coordinates":[117.28484,31.800544]}},{"type":"Feature","properties":{"id":"st-1835","name":"肥东","province":"安徽","city":"合肥","tier":"regional-hub","sourceCount":0,"source":"csv"},"geometry":{"type":"Point","coordinates":[117.480067,31.864196]}},{"type":"Feature","properties":{"id":"st-1836","name":"长临河","province":"安徽","city":"合肥","tier":"local","sourceCount":0,"source":"csv"},"geometry":{"type":"Point","coordinates":[117.477879,31.700563]}},{"type":"Feature","properties":{"id":"st-1837","name":"庐江","province":"安徽","city":"合肥","tier":"local","sourceCount":0,"source":"csv"},"geometry":{"type":"Point","coordinates":[117.171702,31.343125]}},{"type":"Feature","properties":{"id":"st-1838","name":"合肥北城","province":"安徽","city":"合肥","tier":"national-hub","sourceCount":0,"source":"csv"},"geometry":{"type":"Point","coordinates":[117.247434,32.0654]}},{"type":"Feature","properties":{"id":"st-1839","name":"合肥","province":"安徽","city":"合肥","tier":"national-hub","sourceCount":30,"source":"csv"},"geometry":{"type":"Point","coordinates":[117.311941,31.887762]}},{"type":"Feature","properties":{"id":"st-1840","name":"水家湖","province":"安徽","city":"合肥","tier":"local","sourceCount":0,"source":"csv"},"geometry":{"type":"Point","coordinates":[117.169426,32.49125]}},{"type":"Feature","properties":{"id":"st-1841","name":"青龙山","province":"安徽","city":"淮北","tier":"local","sourceCount":0,"source":"csv"},"geometry":{"type":"Point","coordinates":[116.796334,33.871323]}},{"type":"Feature","properties":{"id":"st-1842","name":"淮北","province":"安徽","city":"淮北","tier":"regional-hub","sourceCount":17,"source":"csv"},"geometry":{"type":"Point","coordinates":[116.798367,33.968385]}},{"type":"Feature","properties":{"id":"st-1843","name":"淮南东","province":"安徽","city":"淮南","tier":"regional-hub","sourceCount":12,"source":"csv"},"geometry":{"type":"Point","coordinates":[117.14515,32.64811]}},{"type":"Feature","properties":{"id":"st-1844","name":"淮南","province":"安徽","city":"淮南","tier":"regional-hub","sourceCount":0,"source":"csv"},"geometry":{"type":"Point","coordinates":[117.013995,32.632902]}},{"type":"Feature","properties":{"id":"st-1845","name":"祁门","province":"安徽","city":"黄山","tier":"local","sourceCount":0,"source":"csv"},"geometry":{"type":"Point","coordinates":[117.724565,29.849274]}},{"type":"Feature","properties":{"id":"st-1846","name":"黄山北","province":"安徽","city":"黄山","tier":"regional-hub","sourceCount":31,"source":"csv"},"geometry":{"type":"Point","coordinates":[118.268257,29.81584]}},{"type":"Feature","properties":{"id":"st-1847","name":"黄山","province":"安徽","city":"黄山","tier":"local","sourceCount":3,"source":"csv"},"geometry":{"type":"Point","coordinates":[118.317128,29.724629]}},{"type":"Feature","properties":{"id":"st-1848","name":"歙县北","province":"安徽","city":"黄山","tier":"regional-hub","sourceCount":0,"source":"csv"},"geometry":{"type":"Point","coordinates":[118.405439,29.92439]}},{"type":"Feature","properties":{"id":"st-1849","name":"歙县","province":"安徽","city":"黄山","tier":"local","sourceCount":0,"source":"csv"},"geometry":{"type":"Point","coordinates":[118.406087,29.869124]}},{"type":"Feature","properties":{"id":"st-1850","name":"绩溪北","province":"安徽","city":"宣城","tier":"regional-hub","sourceCount":2,"source":"csv"},"geometry":{"type":"Point","coordinates":[118.567082,30.073633]}},{"type":"Feature","properties":{"id":"st-1851","name":"霍邱","province":"安徽","city":"六安","tier":"local","sourceCount":0,"source":"csv"},"geometry":{"type":"Point","coordinates":[116.137503,32.056164]}},{"type":"Feature","properties":{"id":"st-1852","name":"金寨","province":"安徽","city":"六安","tier":"local","sourceCount":2,"source":"csv"},"geometry":{"type":"Point","coordinates":[115.970131,31.628074]}},{"type":"Feature","properties":{"id":"st-1853","name":"舒城","province":"安徽","city":"六安","tier":"local","sourceCount":0,"source":"csv"},"geometry":{"type":"Point","coordinates":[117.154079,31.511276]}},{"type":"Feature","properties":{"id":"st-1854","name":"六安","province":"安徽","city":"六安","tier":"regional-hub","sourceCount":13,"source":"csv"},"geometry":{"type":"Point","coordinates":[116.495036,31.717103]}},{"type":"Feature","properties":{"id":"st-1855","name":"明光","province":"安徽","city":"滁州","tier":"local","sourceCount":0,"source":"csv"},"geometry":{"type":"Point","coordinates":[117.989809,32.777871]}},{"type":"Feature","properties":{"id":"st-1856","name":"南陵","province":"安徽","city":"芜湖","tier":"local","sourceCount":0,"source":"csv"},"geometry":{"type":"Point","coordinates":[118.292676,30.838234]}},{"type":"Feature","properties":{"id":"st-1857","name":"桐城","province":"安徽","city":"安庆","tier":"local","sourceCount":0,"source":"csv"},"geometry":{"type":"Point","coordinates":[116.972956,31.052797]}},{"type":"Feature","properties":{"id":"st-1858","name":"铜陵","province":"安徽","city":"铜陵","tier":"local","sourceCount":1,"source":"csv"},"geometry":{"type":"Point","coordinates":[117.856729,30.921313]}},{"type":"Feature","properties":{"id":"st-1859","name":"铜陵北","province":"安徽","city":"铜陵","tier":"regional-hub","sourceCount":0,"source":"csv"},"geometry":{"type":"Point","coordinates":[118.016004,31.014727]}},{"type":"Feature","properties":{"id":"st-1860","name":"芜湖","province":"安徽","city":"芜湖","tier":"regional-hub","sourceCount":22,"source":"csv"},"geometry":{"type":"Point","coordinates":[118.391174,31.350224]}},{"type":"Feature","properties":{"id":"st-1861","name":"无为","province":"安徽","city":"芜湖","tier":"local","sourceCount":0,"source":"csv"},"geometry":{"type":"Point","coordinates":[117.963128,31.306215]}},{"type":"Feature","properties":{"id":"st-1862","name":"黄口","province":"安徽","city":"宿州","tier":"local","sourceCount":0,"source":"csv"},"geometry":{"type":"Point","coordinates":[116.692233,34.36124]}},{"type":"Feature","properties":{"id":"st-1863","name":"砀山","province":"安徽","city":"宿州","tier":"local","sourceCount":0,"source":"csv"},"geometry":{"type":"Point","coordinates":[116.324703,34.418052]}},{"type":"Feature","properties":{"id":"st-1864","name":"灵璧","province":"安徽","city":"宿州","tier":"local","sourceCount":0,"source":"csv"},"geometry":{"type":"Point","coordinates":[117.535978,33.600204]}},{"type":"Feature","properties":{"id":"st-1865","name":"泗县","province":"安徽","city":"宿州","tier":"local","sourceCount":0,"source":"csv"},"geometry":{"type":"Point","coordinates":[117.844937,33.539186]}},{"type":"Feature","properties":{"id":"st-1866","name":"宿州东","province":"安徽","city":"宿州","tier":"regional-hub","sourceCount":0,"source":"csv"},"geometry":{"type":"Point","coordinates":[117.244717,33.677217]}},{"type":"Feature","properties":{"id":"st-1867","name":"宿州","province":"安徽","city":"宿州","tier":"local","sourceCount":0,"source":"csv"},"geometry":{"type":"Point","coordinates":[116.989309,33.639963]}},{"type":"Feature","properties":{"id":"st-1868","name":"宣城","province":"安徽","city":"宣城","tier":"local","sourceCount":0,"source":"csv"},"geometry":{"type":"Point","coordinates":[118.768575,30.949245]}},{"type":"Feature","properties":{"id":"st-1869","name":"绩溪县","province":"安徽","city":"宣城","tier":"local","sourceCount":0,"source":"csv"},"geometry":{"type":"Point","coordinates":[118.579129,30.05827]}},{"type":"Feature","properties":{"id":"st-1870","name":"泾县","province":"安徽","city":"宣城","tier":"local","sourceCount":0,"source":"csv"},"geometry":{"type":"Point","coordinates":[118.381449,30.661541]}},{"type":"Feature","properties":{"id":"st-1871","name":"旌德","province":"安徽","city":"宣城","tier":"local","sourceCount":0,"source":"csv"},"geometry":{"type":"Point","coordinates":[118.52526,30.293827]}},{"type":"Feature","properties":{"id":"st-1872","name":"宁国","province":"安徽","city":"宣城","tier":"local","sourceCount":0,"source":"csv"},"geometry":{"type":"Point","coordinates":[118.986992,30.637298]}},{"type":"Feature","properties":{"id":"st-1873","name":"夏邑县","province":"河南","city":"商丘","tier":"local","sourceCount":0,"source":"csv"},"geometry":{"type":"Point","coordinates":[116.024835,34.411308]}},{"type":"Feature","properties":{"id":"st-1874","name":"虞城县","province":"河南","city":"商丘","tier":"local","sourceCount":0,"source":"csv"},"geometry":{"type":"Point","coordinates":[115.859053,34.407916]}},{"type":"Feature","properties":{"id":"st-1875","name":"黄梅","province":"湖北","city":"黄冈","tier":"local","sourceCount":0,"source":"csv"},"geometry":{"type":"Point","coordinates":[115.937647,30.096226]}},{"type":"Feature","properties":{"id":"st-1876","name":"江山","province":"浙江","city":"衢州","tier":"regional-hub","sourceCount":12,"source":"csv"},"geometry":{"type":"Point","coordinates":[118.638996,28.77495]}},{"type":"Feature","properties":{"id":"st-1877","name":"戚墅堰","province":"江苏","city":"常州","tier":"local","sourceCount":0,"source":"csv"},"geometry":{"type":"Point","coordinates":[120.062696,31.72479]}},{"type":"Feature","properties":{"id":"st-1878","name":"常州","province":"江苏","city":"常州","tier":"regional-hub","sourceCount":5,"source":"csv"},"geometry":{"type":"Point","coordinates":[119.968517,31.787233]}},{"type":"Feature","properties":{"id":"st-1879","name":"常州北","province":"江苏","city":"常州","tier":"regional-hub","sourceCount":3,"source":"csv"},"geometry":{"type":"Point","coordinates":[119.950711,31.856195]}},{"type":"Feature","properties":{"id":"st-1880","name":"丹阳","province":"江苏","city":"镇江","tier":"local","sourceCount":0,"source":"csv"},"geometry":{"type":"Point","coordinates":[119.588333,32.004116]}},{"type":"Feature","properties":{"id":"st-1881","name":"丹阳北","province":"江苏","city":"镇江","tier":"regional-hub","sourceCount":0,"source":"csv"},"geometry":{"type":"Point","coordinates":[119.665807,32.01717]}},{"type":"Feature","properties":{"id":"st-1882","name":"东台","province":"江苏","city":"盐城","tier":"local","sourceCount":0,"source":"csv"},"geometry":{"type":"Point","coordinates":[120.339279,32.875992]}},{"type":"Feature","properties":{"id":"st-1883","name":"阜宁","province":"江苏","city":"盐城","tier":"local","sourceCount":0,"source":"csv"},"geometry":{"type":"Point","coordinates":[119.611865,33.59636]}},{"type":"Feature","properties":{"id":"st-1884","name":"淮安","province":"江苏","city":"淮安","tier":"local","sourceCount":0,"source":"csv"},"geometry":{"type":"Point","coordinates":[119.027648,33.650154]}},{"type":"Feature","properties":{"id":"st-1885","name":"句容西","province":"江苏","city":"镇江","tier":"regional-hub","sourceCount":0,"source":"csv"},"geometry":{"type":"Point","coordinates":[118.974212,31.835035]}},{"type":"Feature","properties":{"id":"st-1886","name":"昆山南","province":"江苏","city":"苏州","tier":"regional-hub","sourceCount":0,"source":"csv"},"geometry":{"type":"Point","coordinates":[120.946526,31.355041]}},{"type":"Feature","properties":{"id":"st-1887","name":"花桥","province":"江苏","city":"苏州","tier":"local","sourceCount":0,"source":"csv"},"geometry":{"type":"Point","coordinates":[121.04134,31.337715]}},{"type":"Feature","properties":{"id":"st-1888","name":"昆山","province":"江苏","city":"苏州","tier":"regional-hub","sourceCount":4,"source":"csv"},"geometry":{"type":"Point","coordinates":[120.953738,31.368569]}},{"type":"Feature","properties":{"id":"st-1889","name":"阳澄湖","province":"江苏","city":"苏州","tier":"local","sourceCount":0,"source":"csv"},"geometry":{"type":"Point","coordinates":[120.857648,31.382323]}},{"type":"Feature","properties":{"id":"st-1890","name":"瓦屋山","province":"江苏","city":"常州","tier":"local","sourceCount":0,"source":"csv"},"geometry":{"type":"Point","coordinates":[119.268691,31.560685]}},{"type":"Feature","properties":{"id":"st-1891","name":"溧阳","province":"江苏","city":"常州","tier":"local","sourceCount":2,"source":"csv"},"geometry":{"type":"Point","coordinates":[119.49796,31.388213]}},{"type":"Feature","properties":{"id":"st-1892","name":"东海县","province":"江苏","city":"连云港","tier":"local","sourceCount":0,"source":"csv"},"geometry":{"type":"Point","coordinates":[118.7627,34.518246]}},{"type":"Feature","properties":{"id":"st-1893","name":"连云港","province":"江苏","city":"连云港","tier":"regional-hub","sourceCount":4,"source":"csv"},"geometry":{"type":"Point","coordinates":[119.157744,34.610028]}},{"type":"Feature","properties":{"id":"st-1894","name":"马鞍山","province":"安徽","city":"马鞍山","tier":"local","sourceCount":0,"source":"csv"},"geometry":{"type":"Point","coordinates":[118.49696,31.709504]}},{"type":"Feature","properties":{"id":"st-1895","name":"江宁","province":"江苏","city":"南京","tier":"local","sourceCount":0,"source":"csv"},"geometry":{"type":"Point","coordinates":[118.893917,31.938563]}},{"type":"Feature","properties":{"id":"st-1896","name":"溧水","province":"江苏","city":"南京","tier":"local","sourceCount":0,"source":"csv"},"geometry":{"type":"Point","coordinates":[119.091109,31.681546]}},{"type":"Feature","properties":{"id":"st-1897","name":"仙林","province":"江苏","city":"南京","tier":"local","sourceCount":0,"source":"csv"},"geometry":{"type":"Point","coordinates":[118.907615,32.124796]}},{"type":"Feature","properties":{"id":"st-1898","name":"南京","province":"江苏","city":"南京","tier":"national-hub","sourceCount":87,"source":"csv"},"geometry":{"type":"Point","coordinates":[118.792979,32.089171]}},{"type":"Feature","properties":{"id":"st-1899","name":"南京南","province":"江苏","city":"南京","tier":"national-hub","sourceCount":68,"source":"csv"},"geometry":{"type":"Point","coordinates":[118.792759,31.970737]}},{"type":"Feature","properties":{"id":"st-1900","name":"南通","province":"江苏","city":"南通","tier":"regional-hub","sourceCount":41,"source":"csv"},"geometry":{"type":"Point","coordinates":[120.855943,32.070411]}},{"type":"Feature","properties":{"id":"st-1901","name":"海安县","province":"江苏","city":"南通","tier":"local","sourceCount":0,"source":"csv"},"geometry":{"type":"Point","coordinates":[120.500044,32.549971]}},{"type":"Feature","properties":{"id":"st-1902","name":"栟茶","province":"江苏","city":"南通","tier":"local","sourceCount":0,"source":"csv"},"geometry":{"type":"Point","coordinates":[120.87666,32.500733]}},{"type":"Feature","properties":{"id":"st-1903","name":"如东","province":"江苏","city":"南通","tier":"regional-hub","sourceCount":2,"source":"csv"},"geometry":{"type":"Point","coordinates":[121.172211,32.446726]}},{"type":"Feature","properties":{"id":"st-1904","name":"邳州","province":"江苏","city":"徐州","tier":"local","sourceCount":0,"source":"csv"},"geometry":{"type":"Point","coordinates":[117.952968,34.318426]}},{"type":"Feature","properties":{"id":"st-1905","name":"如皋","province":"江苏","city":"南通","tier":"local","sourceCount":0,"source":"csv"},"geometry":{"type":"Point","coordinates":[120.601965,32.385247]}},{"type":"Feature","properties":{"id":"st-1906","name":"沭阳","province":"江苏","city":"宿迁","tier":"local","sourceCount":0,"source":"csv"},"geometry":{"type":"Point","coordinates":[118.758709,34.112998]}},{"type":"Feature","properties":{"id":"st-1907","name":"苏州园区","province":"江苏","city":"苏州","tier":"local","sourceCount":0,"source":"csv"},"geometry":{"type":"Point","coordinates":[120.706458,31.343236]}},{"type":"Feature","properties":{"id":"st-1908","name":"苏州","province":"江苏","city":"苏州","tier":"regional-hub","sourceCount":8,"source":"csv"},"geometry":{"type":"Point","coordinates":[120.606639,31.331858]}},{"type":"Feature","properties":{"id":"st-1909","name":"苏州新区","province":"江苏","city":"苏州","tier":"local","sourceCount":0,"source":"csv"},"geometry":{"type":"Point","coordinates":[120.520413,31.373956]}},{"type":"Feature","properties":{"id":"st-1910","name":"苏州北","province":"江苏","city":"苏州","tier":"regional-hub","sourceCount":0,"source":"csv"},"geometry":{"type":"Point","coordinates":[120.638983,31.423789]}},{"type":"Feature","properties":{"id":"st-1911","name":"泰州","province":"江苏","city":"泰州","tier":"regional-hub","sourceCount":10,"source":"csv"},"geometry":{"type":"Point","coordinates":[119.975628,32.531063]}},{"type":"Feature","properties":{"id":"st-1912","name":"姜堰","province":"江苏","city":"泰州","tier":"local","sourceCount":0,"source":"csv"},"geometry":{"type":"Point","coordinates":[120.114833,32.536112]}},{"type":"Feature","properties":{"id":"st-1913","name":"无锡","province":"江苏","city":"无锡","tier":"regional-hub","sourceCount":4,"source":"csv"},"geometry":{"type":"Point","coordinates":[120.300905,31.589036]}},{"type":"Feature","properties":{"id":"st-1914","name":"惠山","province":"江苏","city":"无锡","tier":"local","sourceCount":0,"source":"csv"},"geometry":{"type":"Point","coordinates":[120.196882,31.671535]}},{"type":"Feature","properties":{"id":"st-1915","name":"无锡东","province":"江苏","city":"无锡","tier":"regional-hub","sourceCount":0,"source":"csv"},"geometry":{"type":"Point","coordinates":[120.455537,31.598783]}},{"type":"Feature","properties":{"id":"st-1916","name":"无锡新区","province":"江苏","city":"无锡","tier":"local","sourceCount":0,"source":"csv"},"geometry":{"type":"Point","coordinates":[120.387472,31.499848]}},{"type":"Feature","properties":{"id":"st-1917","name":"新沂","province":"江苏","city":"徐州","tier":"local","sourceCount":0,"source":"csv"},"geometry":{"type":"Point","coordinates":[118.343059,34.381869]}},{"type":"Feature","properties":{"id":"st-1918","name":"泗洪","province":"江苏","city":"宿迁","tier":"local","sourceCount":0,"source":"csv"},"geometry":{"type":"Point","coordinates":[118.213613,33.608336]}},{"type":"Feature","properties":{"id":"st-1919","name":"泗阳","province":"江苏","city":"宿迁","tier":"local","sourceCount":0,"source":"csv"},"geometry":{"type":"Point","coordinates":[118.708676,33.756218]}},{"type":"Feature","properties":{"id":"st-1920","name":"洋河","province":"江苏","city":"宿迁","tier":"local","sourceCount":0,"source":"csv"},"geometry":{"type":"Point","coordinates":[118.362744,33.790978]}},{"type":"Feature","properties":{"id":"st-1921","name":"徐州东","province":"江苏","city":"徐州","tier":"regional-hub","sourceCount":17,"source":"csv"},"geometry":{"type":"Point","coordinates":[117.297351,34.268109]}},{"type":"Feature","properties":{"id":"st-1922","name":"徐州","province":"江苏","city":"徐州","tier":"regional-hub","sourceCount":11,"source":"csv"},"geometry":{"type":"Point","coordinates":[117.201648,34.266624]}},{"type":"Feature","properties":{"id":"st-1923","name":"盐城","province":"江苏","city":"盐城","tier":"regional-hub","sourceCount":5,"source":"csv"},"geometry":{"type":"Point","coordinates":[120.169114,33.383938]}},{"type":"Feature","properties":{"id":"st-1924","name":"建湖","province":"江苏","city":"盐城","tier":"local","sourceCount":0,"source":"csv"},"geometry":{"type":"Point","coordinates":[119.79324,33.506683]}},{"type":"Feature","properties":{"id":"st-1925","name":"江都","province":"江苏","city":"扬州","tier":"local","sourceCount":0,"source":"csv"},"geometry":{"type":"Point","coordinates":[119.572737,32.460715]}},{"type":"Feature","properties":{"id":"st-1926","name":"扬州","province":"江苏","city":"扬州","tier":"regional-hub","sourceCount":5,"source":"csv"},"geometry":{"type":"Point","coordinates":[119.345694,32.391555]}},{"type":"Feature","properties":{"id":"st-1927","name":"宜兴","province":"江苏","city":"无锡","tier":"regional-hub","sourceCount":4,"source":"csv"},"geometry":{"type":"Point","coordinates":[119.80845,31.313991]}},{"type":"Feature","properties":{"id":"st-1928","name":"镇江南","province":"江苏","city":"镇江","tier":"regional-hub","sourceCount":0,"source":"csv"},"geometry":{"type":"Point","coordinates":[119.41872,32.154324]}},{"type":"Feature","properties":{"id":"st-1929","name":"丹徒","province":"江苏","city":"镇江","tier":"local","sourceCount":0,"source":"csv"},"geometry":{"type":"Point","coordinates":[119.515848,32.117646]}},{"type":"Feature","properties":{"id":"st-1930","name":"宝华山","province":"江苏","city":"镇江","tier":"local","sourceCount":0,"source":"csv"},"geometry":{"type":"Point","coordinates":[119.05012,32.150765]}},{"type":"Feature","properties":{"id":"st-1931","name":"镇江","province":"江苏","city":"镇江","tier":"local","sourceCount":0,"source":"csv"},"geometry":{"type":"Point","coordinates":[119.427256,32.19914]}},{"type":"Feature","properties":{"id":"st-1932","name":"金华","province":"浙江","city":"金华","tier":"regional-hub","sourceCount":6,"source":"csv"},"geometry":{"type":"Point","coordinates":[119.631028,29.113206]}},{"type":"Feature","properties":{"id":"st-1933","name":"兰溪","province":"浙江","city":"金华","tier":"local","sourceCount":1,"source":"csv"},"geometry":{"type":"Point","coordinates":[119.474847,29.216057]}},{"type":"Feature","properties":{"id":"st-1934","name":"衢州","province":"浙江","city":"衢州","tier":"regional-hub","sourceCount":5,"source":"csv"},"geometry":{"type":"Point","coordinates":[118.876432,28.926414]}},{"type":"Feature","properties":{"id":"st-1935","name":"龙游","province":"浙江","city":"衢州","tier":"local","sourceCount":0,"source":"csv"},"geometry":{"type":"Point","coordinates":[119.161339,29.006412]}},{"type":"Feature","properties":{"id":"st-1936","name":"海湾","province":"上海","city":"奉贤区","tier":"local","sourceCount":0,"source":"csv"},"geometry":{"type":"Point","coordinates":[121.543857,30.864251]}},{"type":"Feature","properties":{"id":"st-1937","name":"安亭北","province":"上海","city":"嘉定区","tier":"regional-hub","sourceCount":0,"source":"csv"},"geometry":{"type":"Point","coordinates":[121.153376,31.316408]}},{"type":"Feature","properties":{"id":"st-1938","name":"南翔北","province":"上海","city":"嘉定区","tier":"regional-hub","sourceCount":0,"source":"csv"},"geometry":{"type":"Point","coordinates":[121.304901,31.283424]}},{"type":"Feature","properties":{"id":"st-1939","name":"金山北","province":"上海","city":"金山区","tier":"regional-hub","sourceCount":0,"source":"csv"},"geometry":{"type":"Point","coordinates":[121.084875,30.896412]}},{"type":"Feature","properties":{"id":"st-1940","name":"上海虹桥","province":"上海","city":"闵行区","tier":"national-hub","sourceCount":314,"source":"csv"},"geometry":{"type":"Point","coordinates":[121.316046,31.196139]}},{"type":"Feature","properties":{"id":"st-1941","name":"芦潮港","province":"上海","city":"浦东新区","tier":"local","sourceCount":0,"source":"csv"},"geometry":{"type":"Point","coordinates":[121.846819,30.887545]}},{"type":"Feature","properties":{"id":"st-1942","name":"上海西","province":"上海","city":"普陀区","tier":"national-hub","sourceCount":0,"source":"csv"},"geometry":{"type":"Point","coordinates":[121.398723,31.263973]}},{"type":"Feature","properties":{"id":"st-1943","name":"松江","province":"上海","city":"松江区","tier":"local","sourceCount":0,"source":"csv"},"geometry":{"type":"Point","coordinates":[121.223547,31.002018]}},{"type":"Feature","properties":{"id":"st-1944","name":"新桥","province":"上海","city":"松江区","tier":"local","sourceCount":0,"source":"csv"},"geometry":{"type":"Point","coordinates":[121.310943,31.061057]}},{"type":"Feature","properties":{"id":"st-1945","name":"松江南","province":"上海","city":"松江区","tier":"regional-hub","sourceCount":0,"source":"csv"},"geometry":{"type":"Point","coordinates":[121.226719,30.987184]}},{"type":"Feature","properties":{"id":"st-1946","name":"上海南","province":"上海","city":"徐汇区","tier":"national-hub","sourceCount":88,"source":"csv"},"geometry":{"type":"Point","coordinates":[121.424846,31.154984]}},{"type":"Feature","properties":{"id":"st-1947","name":"上海","province":"上海","city":"闸北区","tier":"national-hub","sourceCount":197,"source":"csv"},"geometry":{"type":"Point","coordinates":[121.451047,31.25155]}},{"type":"Feature","properties":{"id":"st-1948","name":"奉化","province":"浙江","city":"宁波","tier":"local","sourceCount":1,"source":"csv"},"geometry":{"type":"Point","coordinates":[121.460073,29.630822]}},{"type":"Feature","properties":{"id":"st-1949","name":"海宁","province":"浙江","city":"嘉兴","tier":"local","sourceCount":0,"source":"csv"},"geometry":{"type":"Point","coordinates":[120.680994,30.536067]}},{"type":"Feature","properties":{"id":"st-1950","name":"海宁西","province":"浙江","city":"嘉兴","tier":"regional-hub","sourceCount":0,"source":"csv"},"geometry":{"type":"Point","coordinates":[120.38724,30.441269]}},{"type":"Feature","properties":{"id":"st-1951","name":"杭州东","province":"浙江","city":"杭州","tier":"national-hub","sourceCount":74,"source":"csv"},"geometry":{"type":"Point","coordinates":[120.208384,30.293492]}},{"type":"Feature","properties":{"id":"st-1952","name":"杭州","province":"浙江","city":"杭州","tier":"national-hub","sourceCount":46,"source":"csv"},"geometry":{"type":"Point","coordinates":[120.178407,30.245946]}},{"type":"Feature","properties":{"id":"st-1953","name":"余杭","province":"浙江","city":"杭州","tier":"local","sourceCount":0,"source":"csv"},"geometry":{"type":"Point","coordinates":[120.291696,30.382929]}},{"type":"Feature","properties":{"id":"st-1954","name":"德清","province":"浙江","city":"湖州","tier":"local","sourceCount":0,"source":"csv"},"geometry":{"type":"Point","coordinates":[120.056081,30.546933]}},{"type":"Feature","properties":{"id":"st-1955","name":"德清西","province":"浙江","city":"湖州","tier":"regional-hub","sourceCount":0,"source":"csv"},"geometry":{"type":"Point","coordinates":[119.953559,30.537951]}},{"type":"Feature","properties":{"id":"st-1956","name":"湖州","province":"浙江","city":"湖州","tier":"local","sourceCount":1,"source":"csv"},"geometry":{"type":"Point","coordinates":[120.018333,30.865561]}},{"type":"Feature","properties":{"id":"st-1957","name":"长兴南","province":"浙江","city":"湖州","tier":"regional-hub","sourceCount":0,"source":"csv"},"geometry":{"type":"Point","coordinates":[119.899471,30.992917]}},{"type":"Feature","properties":{"id":"st-1958","name":"嘉善南","province":"浙江","city":"嘉兴","tier":"regional-hub","sourceCount":0,"source":"csv"},"geometry":{"type":"Point","coordinates":[120.931546,30.790493]}},{"type":"Feature","properties":{"id":"st-1959","name":"嘉善","province":"浙江","city":"嘉兴","tier":"local","sourceCount":0,"source":"csv"},"geometry":{"type":"Point","coordinates":[120.914234,30.852316]}},{"type":"Feature","properties":{"id":"st-1960","name":"嘉兴","province":"浙江","city":"嘉兴","tier":"local","sourceCount":0,"source":"csv"},"geometry":{"type":"Point","coordinates":[120.758917,30.766542]}},{"type":"Feature","properties":{"id":"st-1961","name":"嘉兴南","province":"浙江","city":"嘉兴","tier":"regional-hub","sourceCount":6,"source":"csv"},"geometry":{"type":"Point","coordinates":[120.795516,30.693299]}},{"type":"Feature","properties":{"id":"st-1962","name":"金华南","province":"浙江","city":"嘉兴","tier":"regional-hub","sourceCount":3,"source":"csv"},"geometry":{"type":"Point","coordinates":[119.729452,29.120105]}},{"type":"Feature","properties":{"id":"st-1963","name":"缙云","province":"浙江","city":"丽水","tier":"local","sourceCount":0,"source":"csv"},"geometry":{"type":"Point","coordinates":[120.090571,28.664009]}},{"type":"Feature","properties":{"id":"st-1964","name":"乐清","province":"浙江","city":"温州","tier":"local","sourceCount":2,"source":"csv"},"geometry":{"type":"Point","coordinates":[120.85544,28.087719]}},{"type":"Feature","properties":{"id":"st-1965","name":"丽水","province":"浙江","city":"丽水","tier":"regional-hub","sourceCount":5,"source":"csv"},"geometry":{"type":"Point","coordinates":[119.949523,28.444819]}},{"type":"Feature","properties":{"id":"st-1966","name":"临海","province":"浙江","city":"台州","tier":"local","sourceCount":0,"source":"csv"},"geometry":{"type":"Point","coordinates":[121.241813,28.883382]}},{"type":"Feature","properties":{"id":"st-1967","name":"宁波","province":"浙江","city":"宁波","tier":"regional-hub","sourceCount":77,"source":"csv"},"geometry":{"type":"Point","coordinates":[121.532164,29.864087]}},{"type":"Feature","properties":{"id":"st-1968","name":"庄桥","province":"浙江","city":"宁波","tier":"local","sourceCount":0,"source":"csv"},"geometry":{"type":"Point","coordinates":[121.531356,29.92603]}},{"type":"Feature","properties":{"id":"st-1969","name":"宁波东","province":"浙江","city":"宁波","tier":"regional-hub","sourceCount":0,"source":"csv"},"geometry":{"type":"Point","coordinates":[121.579312,29.852729]}},{"type":"Feature","properties":{"id":"st-1970","name":"宁海","province":"浙江","city":"宁波","tier":"local","sourceCount":3,"source":"csv"},"geometry":{"type":"Point","coordinates":[121.415405,29.339033]}},{"type":"Feature","properties":{"id":"st-1971","name":"上虞","province":"浙江","city":"绍兴","tier":"local","sourceCount":0,"source":"csv"},"geometry":{"type":"Point","coordinates":[120.85267,30.004007]}},{"type":"Feature","properties":{"id":"st-1972","name":"上虞北","province":"浙江","city":"绍兴","tier":"regional-hub","sourceCount":0,"source":"csv"},"geometry":{"type":"Point","coordinates":[120.84883,30.055756]}},{"type":"Feature","properties":{"id":"st-1973","name":"绍兴","province":"浙江","city":"绍兴","tier":"local","sourceCount":0,"source":"csv"},"geometry":{"type":"Point","coordinates":[120.576019,30.016664]}},{"type":"Feature","properties":{"id":"st-1974","name":"绍兴北","province":"浙江","city":"绍兴","tier":"regional-hub","sourceCount":1,"source":"csv"},"geometry":{"type":"Point","coordinates":[120.534429,30.102284]}},{"type":"Feature","properties":{"id":"st-1975","name":"台州","province":"浙江","city":"台州","tier":"regional-hub","sourceCount":5,"source":"csv"},"geometry":{"type":"Point","coordinates":[121.285848,28.688904]}},{"type":"Feature","properties":{"id":"st-1976","name":"三门县","province":"浙江","city":"台州","tier":"local","sourceCount":1,"source":"csv"},"geometry":{"type":"Point","coordinates":[121.35887,29.058074]}},{"type":"Feature","properties":{"id":"st-1977","name":"桐乡","province":"浙江","city":"嘉兴","tier":"local","sourceCount":0,"source":"csv"},"geometry":{"type":"Point","coordinates":[120.56322,30.539366]}},{"type":"Feature","properties":{"id":"st-1978","name":"温岭","province":"浙江","city":"台州","tier":"local","sourceCount":0,"source":"csv"},"geometry":{"type":"Point","coordinates":[121.320842,28.482108]}},{"type":"Feature","properties":{"id":"st-1979","name":"绅坊","province":"浙江","city":"温州","tier":"local","sourceCount":0,"source":"csv"},"geometry":{"type":"Point","coordinates":[120.987499,28.20022]}},{"type":"Feature","properties":{"id":"st-1980","name":"苍南","province":"浙江","city":"温州","tier":"regional-hub","sourceCount":27,"source":"csv"},"geometry":{"type":"Point","coordinates":[120.407201,27.531027]}},{"type":"Feature","properties":{"id":"st-1981","name":"雁荡山","province":"浙江","city":"温州","tier":"local","sourceCount":0,"source":"csv"},"geometry":{"type":"Point","coordinates":[121.147742,28.344583]}},{"type":"Feature","properties":{"id":"st-1982","name":"温州南","province":"浙江","city":"温州","tier":"regional-hub","sourceCount":75,"source":"csv"},"geometry":{"type":"Point","coordinates":[120.581081,27.969502]}},{"type":"Feature","properties":{"id":"st-1983","name":"鳌江","province":"浙江","city":"温州","tier":"local","sourceCount":3,"source":"csv"},"geometry":{"type":"Point","coordinates":[120.541079,27.629163]}},{"type":"Feature","properties":{"id":"st-1984","name":"瑞安","province":"浙江","city":"温州","tier":"local","sourceCount":0,"source":"csv"},"geometry":{"type":"Point","coordinates":[120.577138,27.770144]}},{"type":"Feature","properties":{"id":"st-1985","name":"温州","province":"浙江","city":"温州","tier":"regional-hub","sourceCount":27,"source":"csv"},"geometry":{"type":"Point","coordinates":[120.681014,27.98344]}},{"type":"Feature","properties":{"id":"st-1986","name":"永嘉","province":"浙江","city":"温州","tier":"local","sourceCount":0,"source":"csv"},"geometry":{"type":"Point","coordinates":[120.690616,28.07291]}},{"type":"Feature","properties":{"id":"st-1987","name":"武义","province":"浙江","city":"金华","tier":"local","sourceCount":0,"source":"csv"},"geometry":{"type":"Point","coordinates":[119.826378,28.911575]}},{"type":"Feature","properties":{"id":"st-1988","name":"永康","province":"浙江","city":"金华","tier":"local","sourceCount":0,"source":"csv"},"geometry":{"type":"Point","coordinates":[120.016638,28.912275]}},{"type":"Feature","properties":{"id":"st-1989","name":"余姚北","province":"浙江","city":"宁波","tier":"regional-hub","sourceCount":0,"source":"csv"},"geometry":{"type":"Point","coordinates":[121.163857,30.100974]}},{"type":"Feature","properties":{"id":"st-1990","name":"余姚","province":"浙江","city":"宁波","tier":"local","sourceCount":0,"source":"csv"},"geometry":{"type":"Point","coordinates":[121.156445,30.056932]}},{"type":"Feature","properties":{"id":"st-1991","name":"长兴","province":"浙江","city":"湖州","tier":"local","sourceCount":0,"source":"csv"},"geometry":{"type":"Point","coordinates":[119.969382,31.044044]}},{"type":"Feature","properties":{"id":"st-1992","name":"青田","province":"浙江","city":"丽水","tier":"local","sourceCount":0,"source":"csv"},"geometry":{"type":"Point","coordinates":[120.27578,28.140125]}},{"type":"Feature","properties":{"id":"st-1993","name":"诸暨","province":"浙江","city":"绍兴","tier":"local","sourceCount":3,"source":"csv"},"geometry":{"type":"Point","coordinates":[120.180556,29.729703]}},{"type":"Feature","properties":{"id":"st-1994","name":"汤头沟","province":"河北","city":"承德","tier":"local","sourceCount":0,"source":"csv"},"geometry":{"type":"Point","coordinates":[117.714924,41.442965]}},{"type":"Feature","properties":{"id":"st-1995","name":"沙坨子","province":"河北","city":"保定","tier":"local","sourceCount":0,"source":"csv"},"geometry":{"type":"Point","coordinates":[115.25016,39.612848]}},{"type":"Feature","properties":{"id":"st-1996","name":"张三营","province":"河北","city":"承德","tier":"local","sourceCount":0,"source":"csv"},"geometry":{"type":"Point","coordinates":[117.750304,41.58195]}},{"type":"Feature","properties":{"id":"st-1997","name":"朝阳地","province":"河北","city":"承德","tier":"local","sourceCount":0,"source":"csv"},"geometry":{"type":"Point","coordinates":[118.208998,42.019049]}},{"type":"Feature","properties":{"id":"st-1998","name":"四合永","province":"河北","city":"承德","tier":"local","sourceCount":0,"source":"csv"},"geometry":{"type":"Point","coordinates":[117.827533,41.805738]}},{"type":"Feature","properties":{"id":"st-1999","name":"腰栈","province":"河北","city":"承德","tier":"local","sourceCount":0,"source":"csv"},"geometry":{"type":"Point","coordinates":[117.867686,41.854227]}},{"type":"Feature","properties":{"id":"st-2000","name":"河洛营","province":"河北","city":"承德","tier":"local","sourceCount":0,"source":"csv"},"geometry":{"type":"Point","coordinates":[117.722937,41.389126]}},{"type":"Feature","properties":{"id":"st-2001","name":"东大坝","province":"河北","city":"承德","tier":"local","sourceCount":0,"source":"csv"},"geometry":{"type":"Point","coordinates":[117.812392,41.656741]}},{"type":"Feature","properties":{"id":"st-2002","name":"杨树岭","province":"河北","city":"承德","tier":"local","sourceCount":0,"source":"csv"},"geometry":{"type":"Point","coordinates":[118.878624,40.995214]}},{"type":"Feature","properties":{"id":"st-2003","name":"山海关","province":"河北","city":"秦皇岛","tier":"regional-hub","sourceCount":8,"source":"csv"},"geometry":{"type":"Point","coordinates":[119.761575,39.999111]}},{"type":"Feature","properties":{"id":"st-2004","name":"纪家沟","province":"河北","city":"承德","tier":"local","sourceCount":0,"source":"csv"},"geometry":{"type":"Point","coordinates":[118.126768,41.927391]}},{"type":"Feature","properties":{"id":"st-2005","name":"黄家店","province":"河北","city":"承德","tier":"local","sourceCount":0,"source":"csv"},"geometry":{"type":"Point","coordinates":[118.190376,41.971096]}},{"type":"Feature","properties":{"id":"st-2006","name":"庙宫","province":"河北","city":"承德","tier":"local","sourceCount":0,"source":"csv"},"geometry":{"type":"Point","coordinates":[117.858705,41.715243]}},{"type":"Feature","properties":{"id":"st-2007","name":"广德号","province":"河北","city":"承德","tier":"local","sourceCount":0,"source":"csv"},"geometry":{"type":"Point","coordinates":[117.932651,41.87603]}},{"type":"Feature","properties":{"id":"st-2008","name":"银镇","province":"河北","city":"承德","tier":"local","sourceCount":0,"source":"csv"},"geometry":{"type":"Point","coordinates":[118.042468,41.903828]}},{"type":"Feature","properties":{"id":"st-2009","name":"太阳升","province":"黑龙江","city":"大庆","tier":"local","sourceCount":0,"source":"csv"},"geometry":{"type":"Point","coordinates":[124.580956,45.93707]}},{"type":"Feature","properties":{"id":"st-2010","name":"劳动屯","province":"黑龙江","city":"大庆","tier":"local","sourceCount":0,"source":"csv"},"geometry":{"type":"Point","coordinates":[124.535664,45.869623]}},{"type":"Feature","properties":{"id":"st-2011","name":"鹿道","province":"黑龙江","city":"牡丹江","tier":"local","sourceCount":0,"source":"csv"},"geometry":{"type":"Point","coordinates":[129.282648,43.874169]}},{"type":"Feature","properties":{"id":"st-2012","name":"街基","province":"黑龙江","city":"齐齐哈尔","tier":"local","sourceCount":0,"source":"csv"},"geometry":{"type":"Point","coordinates":[123.370634,46.299222]}},{"type":"Feature","properties":{"id":"st-2013","name":"杜家","province":"黑龙江","city":"哈尔滨","tier":"local","sourceCount":0,"source":"csv"},"geometry":{"type":"Point","coordinates":[127.192055,44.817005]}},{"type":"Feature","properties":{"id":"st-2014","name":"山河屯","province":"黑龙江","city":"哈尔滨","tier":"local","sourceCount":1,"source":"csv"},"geometry":{"type":"Point","coordinates":[127.204384,44.695004]}},{"type":"Feature","properties":{"id":"st-2015","name":"新肇","province":"黑龙江","city":"大庆","tier":"local","sourceCount":0,"source":"csv"},"geometry":{"type":"Point","coordinates":[124.406303,45.708513]}},{"type":"Feature","properties":{"id":"st-2016","name":"白河","province":"吉林","city":"延边朝鲜族自治州","tier":"local","sourceCount":3,"source":"csv"},"geometry":{"type":"Point","coordinates":[128.126207,42.45085]}},{"type":"Feature","properties":{"id":"st-2017","name":"亮兵台","province":"吉林","city":"延边朝鲜族自治州","tier":"local","sourceCount":0,"source":"csv"},"geometry":{"type":"Point","coordinates":[128.772499,43.1886]}},{"type":"Feature","properties":{"id":"st-2018","name":"南沟","province":"吉林","city":"延边朝鲜族自治州","tier":"local","sourceCount":0,"source":"csv"},"geometry":{"type":"Point","coordinates":[128.666647,43.239318]}},{"type":"Feature","properties":{"id":"st-2019","name":"采石场","province":"吉林","city":"延边朝鲜族自治州","tier":"local","sourceCount":0,"source":"csv"},"geometry":{"type":"Point","coordinates":[128.194825,46.91237]}},{"type":"Feature","properties":{"id":"st-2020","name":"安图","province":"吉林","city":"延边朝鲜族自治州","tier":"local","sourceCount":0,"source":"csv"},"geometry":{"type":"Point","coordinates":[128.90206,43.112834]}},{"type":"Feature","properties":{"id":"st-2021","name":"茶条沟","province":"吉林","city":"延边朝鲜族自治州","tier":"local","sourceCount":0,"source":"csv"},"geometry":{"type":"Point","coordinates":[129.01141,43.037515]}},{"type":"Feature","properties":{"id":"st-2022","name":"乐园","province":"吉林","city":"延边朝鲜族自治州","tier":"local","sourceCount":0,"source":"csv"},"geometry":{"type":"Point","coordinates":[128.945618,43.070652]}},{"type":"Feature","properties":{"id":"st-2023","name":"榆树川","province":"吉林","city":"延边朝鲜族自治州","tier":"local","sourceCount":0,"source":"csv"},"geometry":{"type":"Point","coordinates":[129.07811,42.981876]}},{"type":"Feature","properties":{"id":"st-2024","name":"松江镇","province":"吉林","city":"延边朝鲜族自治州","tier":"local","sourceCount":0,"source":"csv"},"geometry":{"type":"Point","coordinates":[128.332502,42.569048]}},{"type":"Feature","properties":{"id":"st-2025","name":"荒沟西","province":"吉林","city":"延边朝鲜族自治州","tier":"regional-hub","sourceCount":0,"source":"csv"},"geometry":{"type":"Point","coordinates":[128.365669,42.552162]}},{"type":"Feature","properties":{"id":"st-2026","name":"白城","province":"吉林","city":"白城","tier":"regional-hub","sourceCount":14,"source":"csv"},"geometry":{"type":"Point","coordinates":[122.857252,45.615138]}},{"type":"Feature","properties":{"id":"st-2027","name":"到保","province":"吉林","city":"白城","tier":"local","sourceCount":0,"source":"csv"},"geometry":{"type":"Point","coordinates":[123.164926,45.596297]}},{"type":"Feature","properties":{"id":"st-2028","name":"平台","province":"吉林","city":"白城","tier":"local","sourceCount":0,"source":"csv"},"geometry":{"type":"Point","coordinates":[122.653541,45.717242]}},{"type":"Feature","properties":{"id":"st-2029","name":"开通","province":"吉林","city":"白城","tier":"local","sourceCount":0,"source":"csv"},"geometry":{"type":"Point","coordinates":[123.070816,44.803282]}},{"type":"Feature","properties":{"id":"st-2030","name":"镇赉","province":"吉林","city":"白城","tier":"local","sourceCount":1,"source":"csv"},"geometry":{"type":"Point","coordinates":[123.18893,45.855697]}},{"type":"Feature","properties":{"id":"st-2031","name":"白山市","province":"吉林","city":"白山","tier":"local","sourceCount":3,"source":"csv"},"geometry":{"type":"Point","coordinates":[126.45155,41.950848]}},{"type":"Feature","properties":{"id":"st-2032","name":"老营","province":"吉林","city":"白山","tier":"local","sourceCount":0,"source":"csv"},"geometry":{"type":"Point","coordinates":[126.348394,41.877393]}},{"type":"Feature","properties":{"id":"st-2033","name":"松江河","province":"吉林","city":"白山","tier":"local","sourceCount":0,"source":"csv"},"geometry":{"type":"Point","coordinates":[127.477663,42.175507]}},{"type":"Feature","properties":{"id":"st-2034","name":"仙人桥","province":"吉林","city":"白山","tier":"local","sourceCount":0,"source":"csv"},"geometry":{"type":"Point","coordinates":[127.234121,42.173849]}},{"type":"Feature","properties":{"id":"st-2035","name":"大东","province":"吉林","city":"白山","tier":"regional-hub","sourceCount":0,"source":"csv"},"geometry":{"type":"Point","coordinates":[126.769934,42.076566]}},{"type":"Feature","properties":{"id":"st-2036","name":"遥林","province":"吉林","city":"白山","tier":"local","sourceCount":0,"source":"csv"},"geometry":{"type":"Point","coordinates":[126.6507,41.915983]}},{"type":"Feature","properties":{"id":"st-2037","name":"松树镇","province":"吉林","city":"白山","tier":"local","sourceCount":0,"source":"csv"},"geometry":{"type":"Point","coordinates":[127.10921,42.052863]}},{"type":"Feature","properties":{"id":"st-2038","name":"大安北","province":"吉林","city":"白城","tier":"regional-hub","sourceCount":0,"source":"csv"},"geometry":{"type":"Point","coordinates":[124.233018,45.514785]}},{"type":"Feature","properties":{"id":"st-2039","name":"安广","province":"吉林","city":"白城","tier":"local","sourceCount":0,"source":"csv"},"geometry":{"type":"Point","coordinates":[123.772225,45.573412]}},{"type":"Feature","properties":{"id":"st-2040","name":"海坨子","province":"吉林","city":"白城","tier":"local","sourceCount":0,"source":"csv"},"geometry":{"type":"Point","coordinates":[124.038315,45.268919]}},{"type":"Feature","properties":{"id":"st-2041","name":"大安","province":"吉林","city":"白城","tier":"local","sourceCount":0,"source":"csv"},"geometry":{"type":"Point","coordinates":[124.257705,45.493204]}},{"type":"Feature","properties":{"id":"st-2042","name":"来福","province":"吉林","city":"白城","tier":"local","sourceCount":0,"source":"csv"},"geometry":{"type":"Point","coordinates":[123.554504,45.564198]}},{"type":"Feature","properties":{"id":"st-2043","name":"两家","province":"吉林","city":"白城","tier":"local","sourceCount":0,"source":"csv"},"geometry":{"type":"Point","coordinates":[123.940432,45.525903]}},{"type":"Feature","properties":{"id":"st-2044","name":"建设","province":"吉林","city":"白城","tier":"local","sourceCount":0,"source":"csv"},"geometry":{"type":"Point","coordinates":[124.174609,45.450468]}},{"type":"Feature","properties":{"id":"st-2045","name":"中德","province":"吉林","city":"长春","tier":"local","sourceCount":0,"source":"csv"},"geometry":{"type":"Point","coordinates":[125.766412,44.615165]}},{"type":"Feature","properties":{"id":"st-2046","name":"布海","province":"吉林","city":"长春","tier":"local","sourceCount":0,"source":"csv"},"geometry":{"type":"Point","coordinates":[125.622831,44.380843]}},{"type":"Feature","properties":{"id":"st-2047","name":"丁家园","province":"吉林","city":"长春","tier":"local","sourceCount":0,"source":"csv"},"geometry":{"type":"Point","coordinates":[125.81769,44.742072]}},{"type":"Feature","properties":{"id":"st-2048","name":"姚家","province":"吉林","city":"长春","tier":"local","sourceCount":0,"source":"csv"},"geometry":{"type":"Point","coordinates":[125.873941,44.776811]}},{"type":"Feature","properties":{"id":"st-2049","name":"达家沟","province":"吉林","city":"长春","tier":"local","sourceCount":0,"source":"csv"},"geometry":{"type":"Point","coordinates":[125.815634,44.656554]}},{"type":"Feature","properties":{"id":"st-2050","name":"米沙子","province":"吉林","city":"长春","tier":"local","sourceCount":0,"source":"csv"},"geometry":{"type":"Point","coordinates":[125.471179,44.145565]}},{"type":"Feature","properties":{"id":"st-2051","name":"沃皮","province":"吉林","city":"长春","tier":"local","sourceCount":0,"source":"csv"},"geometry":{"type":"Point","coordinates":[125.525632,44.227226]}},{"type":"Feature","properties":{"id":"st-2052","name":"德惠","province":"吉林","city":"长春","tier":"local","sourceCount":1,"source":"csv"},"geometry":{"type":"Point","coordinates":[125.710729,44.531242]}},{"type":"Feature","properties":{"id":"st-2053","name":"德惠西","province":"吉林","city":"长春","tier":"regional-hub","sourceCount":0,"source":"csv"},"geometry":{"type":"Point","coordinates":[125.671188,44.543924]}},{"type":"Feature","properties":{"id":"st-2054","name":"大兴镇","province":"吉林","city":"辽源","tier":"local","sourceCount":0,"source":"csv"},"geometry":{"type":"Point","coordinates":[125.376064,42.739026]}},{"type":"Feature","properties":{"id":"st-2055","name":"东丰","province":"吉林","city":"辽源","tier":"local","sourceCount":0,"source":"csv"},"geometry":{"type":"Point","coordinates":[125.538465,42.652311]}},{"type":"Feature","properties":{"id":"st-2056","name":"白泉","province":"吉林","city":"辽源","tier":"local","sourceCount":0,"source":"csv"},"geometry":{"type":"Point","coordinates":[124.99545,42.923832]}},{"type":"Feature","properties":{"id":"st-2057","name":"平岗","province":"吉林","city":"辽源","tier":"local","sourceCount":0,"source":"csv"},"geometry":{"type":"Point","coordinates":[124.865062,42.971903]}},{"type":"Feature","properties":{"id":"st-2058","name":"渭津","province":"吉林","city":"辽源","tier":"local","sourceCount":0,"source":"csv"},"geometry":{"type":"Point","coordinates":[125.275874,42.791259]}},{"type":"Feature","properties":{"id":"st-2059","name":"大桥","province":"吉林","city":"延边朝鲜族自治州","tier":"local","sourceCount":0,"source":"csv"},"geometry":{"type":"Point","coordinates":[113.133353,24.996309]}},{"type":"Feature","properties":{"id":"st-2060","name":"哈尔巴岭","province":"吉林","city":"延边朝鲜族自治州","tier":"local","sourceCount":0,"source":"csv"},"geometry":{"type":"Point","coordinates":[128.628597,43.265501]}},{"type":"Feature","properties":{"id":"st-2061","name":"大石头","province":"吉林","city":"延边朝鲜族自治州","tier":"local","sourceCount":0,"source":"csv"},"geometry":{"type":"Point","coordinates":[128.495774,43.303631]}},{"type":"Feature","properties":{"id":"st-2062","name":"敦化","province":"吉林","city":"延边朝鲜族自治州","tier":"local","sourceCount":1,"source":"csv"},"geometry":{"type":"Point","coordinates":[128.240122,43.377467]}},{"type":"Feature","properties":{"id":"st-2063","name":"黄泥河","province":"吉林","city":"延边朝鲜族自治州","tier":"local","sourceCount":0,"source":"csv"},"geometry":{"type":"Point","coordinates":[128.011293,43.553229]}},{"type":"Feature","properties":{"id":"st-2064","name":"秋梨沟","province":"吉林","city":"延边朝鲜族自治州","tier":"local","sourceCount":0,"source":"csv"},"geometry":{"type":"Point","coordinates":[128.144641,43.490842]}},{"type":"Feature","properties":{"id":"st-2065","name":"太平岭","province":"吉林","city":"延边朝鲜族自治州","tier":"local","sourceCount":0,"source":"csv"},"geometry":{"type":"Point","coordinates":[128.200401,43.415527]}},{"type":"Feature","properties":{"id":"st-2066","name":"陶赖昭","province":"吉林","city":"松原","tier":"local","sourceCount":0,"source":"csv"},"geometry":{"type":"Point","coordinates":[125.933048,44.825002]}},{"type":"Feature","properties":{"id":"st-2067","name":"扶余","province":"吉林","city":"松原","tier":"local","sourceCount":0,"source":"csv"},"geometry":{"type":"Point","coordinates":[126.019114,44.985208]}},{"type":"Feature","properties":{"id":"st-2068","name":"团山","province":"吉林","city":"松原","tier":"local","sourceCount":0,"source":"csv"},"geometry":{"type":"Point","coordinates":[125.960646,44.905968]}},{"type":"Feature","properties":{"id":"st-2069","name":"黄泥崴子","province":"吉林","city":"白山","tier":"local","sourceCount":0,"source":"csv"},"geometry":{"type":"Point","coordinates":[127.260733,42.202646]}},{"type":"Feature","properties":{"id":"st-2070","name":"砬子河","province":"吉林","city":"白山","tier":"local","sourceCount":0,"source":"csv"},"geometry":{"type":"Point","coordinates":[127.693367,42.510549]}},{"type":"Feature","properties":{"id":"st-2071","name":"火炬沟","province":"吉林","city":"白山","tier":"local","sourceCount":0,"source":"csv"},"geometry":{"type":"Point","coordinates":[128.020256,42.492282]}},{"type":"Feature","properties":{"id":"st-2072","name":"露水河","province":"吉林","city":"白山","tier":"local","sourceCount":0,"source":"csv"},"geometry":{"type":"Point","coordinates":[127.809071,42.511423]}},{"type":"Feature","properties":{"id":"st-2073","name":"影壁山","province":"吉林","city":"白山","tier":"local","sourceCount":0,"source":"csv"},"geometry":{"type":"Point","coordinates":[127.621856,42.442582]}},{"type":"Feature","properties":{"id":"st-2074","name":"板石河","province":"吉林","city":"白山","tier":"local","sourceCount":0,"source":"csv"},"geometry":{"type":"Point","coordinates":[127.535597,42.277187]}},{"type":"Feature","properties":{"id":"st-2075","name":"北岗","province":"吉林","city":"白山","tier":"local","sourceCount":0,"source":"csv"},"geometry":{"type":"Point","coordinates":[127.578392,42.404902]}},{"type":"Feature","properties":{"id":"st-2076","name":"柳毛沟","province":"吉林","city":"白山","tier":"local","sourceCount":0,"source":"csv"},"geometry":{"type":"Point","coordinates":[127.541276,42.205315]}},{"type":"Feature","properties":{"id":"st-2077","name":"小山","province":"吉林","city":"白山","tier":"local","sourceCount":0,"source":"csv"},"geometry":{"type":"Point","coordinates":[127.412241,42.209199]}},{"type":"Feature","properties":{"id":"st-2078","name":"氡泉","province":"吉林","city":"白山","tier":"local","sourceCount":0,"source":"csv"},"geometry":{"type":"Point","coordinates":[127.170067,42.125731]}},{"type":"Feature","properties":{"id":"st-2079","name":"二岔","province":"吉林","city":"白山","tier":"local","sourceCount":0,"source":"csv"},"geometry":{"type":"Point","coordinates":[127.918387,42.49427]}},{"type":"Feature","properties":{"id":"st-2080","name":"范家屯","province":"吉林","city":"四平","tier":"local","sourceCount":0,"source":"csv"},"geometry":{"type":"Point","coordinates":[125.06878,43.710423]}},{"type":"Feature","properties":{"id":"st-2081","name":"公主岭南","province":"吉林","city":"四平","tier":"regional-hub","sourceCount":0,"source":"csv"},"geometry":{"type":"Point","coordinates":[124.809629,43.471124]}},{"type":"Feature","properties":{"id":"st-2082","name":"公主岭","province":"吉林","city":"四平","tier":"local","sourceCount":1,"source":"csv"},"geometry":{"type":"Point","coordinates":[124.805954,43.506485]}},{"type":"Feature","properties":{"id":"st-2083","name":"陶家屯","province":"吉林","city":"四平","tier":"local","sourceCount":0,"source":"csv"},"geometry":{"type":"Point","coordinates":[124.982734,43.64299]}},{"type":"Feature","properties":{"id":"st-2084","name":"十里坪","province":"吉林","city":"延边朝鲜族自治州","tier":"local","sourceCount":0,"source":"csv"},"geometry":{"type":"Point","coordinates":[128.887896,42.44751]}},{"type":"Feature","properties":{"id":"st-2085","name":"枕头峰","province":"吉林","city":"延边朝鲜族自治州","tier":"local","sourceCount":0,"source":"csv"},"geometry":{"type":"Point","coordinates":[128.587922,42.484778]}},{"type":"Feature","properties":{"id":"st-2086","name":"和龙","province":"吉林","city":"延边朝鲜族自治州","tier":"local","sourceCount":0,"source":"csv"},"geometry":{"type":"Point","coordinates":[128.988941,42.553414]}},{"type":"Feature","properties":{"id":"st-2087","name":"朝阳镇","province":"吉林","city":"通化","tier":"local","sourceCount":0,"source":"csv"},"geometry":{"type":"Point","coordinates":[126.021742,42.68157]}},{"type":"Feature","properties":{"id":"st-2088","name":"光辉","province":"吉林","city":"通化","tier":"local","sourceCount":0,"source":"csv"},"geometry":{"type":"Point","coordinates":[126.179647,42.709995]}},{"type":"Feature","properties":{"id":"st-2089","name":"辉南","province":"吉林","city":"通化","tier":"regional-hub","sourceCount":0,"source":"csv"},"geometry":{"type":"Point","coordinates":[126.014987,42.679462]}},{"type":"Feature","properties":{"id":"st-2090","name":"杉松岗","province":"吉林","city":"通化","tier":"local","sourceCount":0,"source":"csv"},"geometry":{"type":"Point","coordinates":[126.211444,42.501113]}},{"type":"Feature","properties":{"id":"st-2091","name":"团林","province":"吉林","city":"通化","tier":"local","sourceCount":0,"source":"csv"},"geometry":{"type":"Point","coordinates":[126.109163,42.709104]}},{"type":"Feature","properties":{"id":"st-2092","name":"孤店子","province":"吉林","city":"吉林","tier":"local","sourceCount":0,"source":"csv"},"geometry":{"type":"Point","coordinates":[126.356927,43.979409]}},{"type":"Feature","properties":{"id":"st-2093","name":"桦皮厂","province":"吉林","city":"吉林","tier":"local","sourceCount":0,"source":"csv"},"geometry":{"type":"Point","coordinates":[126.225915,43.994438]}},{"type":"Feature","properties":{"id":"st-2094","name":"吉林","province":"吉林","city":"吉林","tier":"regional-hub","sourceCount":60,"source":"csv"},"geometry":{"type":"Point","coordinates":[126.571489,43.856443]}},{"type":"Feature","properties":{"id":"st-2095","name":"前窑","province":"吉林","city":"吉林","tier":"local","sourceCount":0,"source":"csv"},"geometry":{"type":"Point","coordinates":[126.61626,44.193272]}},{"type":"Feature","properties":{"id":"st-2096","name":"蛟河","province":"吉林","city":"吉林","tier":"local","sourceCount":0,"source":"csv"},"geometry":{"type":"Point","coordinates":[127.34504,43.72303]}},{"type":"Feature","properties":{"id":"st-2097","name":"大口钦","province":"吉林","city":"吉林","tier":"local","sourceCount":0,"source":"csv"},"geometry":{"type":"Point","coordinates":[126.575114,44.161344]}},{"type":"Feature","properties":{"id":"st-2098","name":"丰广","province":"吉林","city":"吉林","tier":"local","sourceCount":0,"source":"csv"},"geometry":{"type":"Point","coordinates":[126.708729,44.248992]}},{"type":"Feature","properties":{"id":"st-2099","name":"江密峰","province":"吉林","city":"吉林","tier":"local","sourceCount":0,"source":"csv"},"geometry":{"type":"Point","coordinates":[126.739218,43.956331]}},{"type":"Feature","properties":{"id":"st-2100","name":"棋盘","province":"吉林","city":"吉林","tier":"local","sourceCount":0,"source":"csv"},"geometry":{"type":"Point","coordinates":[126.551393,43.966218]}},{"type":"Feature","properties":{"id":"st-2101","name":"亚复","province":"吉林","city":"吉林","tier":"local","sourceCount":0,"source":"csv"},"geometry":{"type":"Point","coordinates":[126.532079,44.064208]}},{"type":"Feature","properties":{"id":"st-2102","name":"双安屯","province":"吉林","city":"通化","tier":"local","sourceCount":0,"source":"csv"},"geometry":{"type":"Point","coordinates":[126.335882,41.376633]}},{"type":"Feature","properties":{"id":"st-2103","name":"西阳岔","province":"吉林","city":"通化","tier":"local","sourceCount":0,"source":"csv"},"geometry":{"type":"Point","coordinates":[126.283999,41.278308]}},{"type":"Feature","properties":{"id":"st-2104","name":"集安","province":"吉林","city":"通化","tier":"local","sourceCount":3,"source":"csv"},"geometry":{"type":"Point","coordinates":[126.205752,41.139907]}},{"type":"Feature","properties":{"id":"st-2105","name":"林子头","province":"吉林","city":"白山","tier":"local","sourceCount":0,"source":"csv"},"geometry":{"type":"Point","coordinates":[126.59384,41.948323]}},{"type":"Feature","properties":{"id":"st-2106","name":"青沟子","province":"吉林","city":"延边朝鲜族自治州","tier":"local","sourceCount":0,"source":"csv"},"geometry":{"type":"Point","coordinates":[128.341134,43.793885]}},{"type":"Feature","properties":{"id":"st-2107","name":"二道河","province":"吉林","city":"吉林","tier":"local","sourceCount":0,"source":"csv"},"geometry":{"type":"Point","coordinates":[126.89146,48.678637]}},{"type":"Feature","properties":{"id":"st-2108","name":"白石山","province":"吉林","city":"吉林","tier":"local","sourceCount":0,"source":"csv"},"geometry":{"type":"Point","coordinates":[127.554571,43.579535]}},{"type":"Feature","properties":{"id":"st-2109","name":"黄松甸","province":"吉林","city":"吉林","tier":"local","sourceCount":0,"source":"csv"},"geometry":{"type":"Point","coordinates":[127.722059,43.639551]}},{"type":"Feature","properties":{"id":"st-2110","name":"天岗","province":"吉林","city":"吉林","tier":"local","sourceCount":0,"source":"csv"},"geometry":{"type":"Point","coordinates":[126.94953,43.902195]}},{"type":"Feature","properties":{"id":"st-2111","name":"六道河","province":"吉林","city":"吉林","tier":"local","sourceCount":0,"source":"csv"},"geometry":{"type":"Point","coordinates":[127.072205,43.932189]}},{"type":"Feature","properties":{"id":"st-2112","name":"老爷岭","province":"吉林","city":"吉林","tier":"local","sourceCount":0,"source":"csv"},"geometry":{"type":"Point","coordinates":[127.18287,43.924763]}},{"type":"Feature","properties":{"id":"st-2113","name":"小姑家","province":"吉林","city":"吉林","tier":"local","sourceCount":0,"source":"csv"},"geometry":{"type":"Point","coordinates":[127.254008,43.886715]}},{"type":"Feature","properties":{"id":"st-2114","name":"龙嘉","province":"吉林","city":"长春","tier":"local","sourceCount":0,"source":"csv"},"geometry":{"type":"Point","coordinates":[125.693847,43.990654]}},{"type":"Feature","properties":{"id":"st-2115","name":"九台","province":"吉林","city":"长春","tier":"local","sourceCount":1,"source":"csv"},"geometry":{"type":"Point","coordinates":[125.831008,44.147752]}},{"type":"Feature","properties":{"id":"st-2116","name":"土们岭","province":"吉林","city":"长春","tier":"local","sourceCount":0,"source":"csv"},"geometry":{"type":"Point","coordinates":[126.043188,44.102787]}},{"type":"Feature","properties":{"id":"st-2117","name":"九台南","province":"吉林","city":"长春","tier":"regional-hub","sourceCount":0,"source":"csv"},"geometry":{"type":"Point","coordinates":[125.80544,44.020187]}},{"type":"Feature","properties":{"id":"st-2118","name":"营城","province":"吉林","city":"长春","tier":"local","sourceCount":0,"source":"csv"},"geometry":{"type":"Point","coordinates":[125.911858,44.137815]}},{"type":"Feature","properties":{"id":"st-2119","name":"郭家店","province":"吉林","city":"四平","tier":"local","sourceCount":0,"source":"csv"},"geometry":{"type":"Point","coordinates":[124.572116,43.339772]}},{"type":"Feature","properties":{"id":"st-2120","name":"石岭","province":"吉林","city":"四平","tier":"local","sourceCount":0,"source":"csv"},"geometry":{"type":"Point","coordinates":[124.697142,43.088615]}},{"type":"Feature","properties":{"id":"st-2121","name":"哈福","province":"吉林","city":"四平","tier":"local","sourceCount":0,"source":"csv"},"geometry":{"type":"Point","coordinates":[124.52458,43.090768]}},{"type":"Feature","properties":{"id":"st-2122","name":"辽源","province":"吉林","city":"辽源","tier":"regional-hub","sourceCount":6,"source":"csv"},"geometry":{"type":"Point","coordinates":[125.122581,42.902462]}},{"type":"Feature","properties":{"id":"st-2123","name":"大栗子","province":"吉林","city":"白山","tier":"local","sourceCount":0,"source":"csv"},"geometry":{"type":"Point","coordinates":[126.817865,41.735076]}},{"type":"Feature","properties":{"id":"st-2124","name":"花山","province":"吉林","city":"白山","tier":"local","sourceCount":0,"source":"csv"},"geometry":{"type":"Point","coordinates":[126.859642,41.880017]}},{"type":"Feature","properties":{"id":"st-2125","name":"三队","province":"吉林","city":"白山","tier":"local","sourceCount":0,"source":"csv"},"geometry":{"type":"Point","coordinates":[126.786458,41.916677]}},{"type":"Feature","properties":{"id":"st-2126","name":"松岭","province":"吉林","city":"白山","tier":"local","sourceCount":0,"source":"csv"},"geometry":{"type":"Point","coordinates":[126.74646,41.890681]}},{"type":"Feature","properties":{"id":"st-2127","name":"葆园","province":"吉林","city":"延边朝鲜族自治州","tier":"local","sourceCount":0,"source":"csv"},"geometry":{"type":"Point","coordinates":[129.110691,42.914055]}},{"type":"Feature","properties":{"id":"st-2128","name":"铜佛寺","province":"吉林","city":"延边朝鲜族自治州","tier":"local","sourceCount":0,"source":"csv"},"geometry":{"type":"Point","coordinates":[129.231663,42.875446]}},{"type":"Feature","properties":{"id":"st-2129","name":"龙井","province":"吉林","city":"延边朝鲜族自治州","tier":"local","sourceCount":1,"source":"csv"},"geometry":{"type":"Point","coordinates":[129.407236,42.900715]}},{"type":"Feature","properties":{"id":"st-2130","name":"海龙","province":"吉林","city":"通化","tier":"local","sourceCount":0,"source":"csv"},"geometry":{"type":"Point","coordinates":[125.836381,42.65286]}},{"type":"Feature","properties":{"id":"st-2131","name":"黑山头","province":"吉林","city":"通化","tier":"local","sourceCount":0,"source":"csv"},"geometry":{"type":"Point","coordinates":[125.559,42.434946]}},{"type":"Feature","properties":{"id":"st-2132","name":"宝山","province":"吉林","city":"通化","tier":"local","sourceCount":0,"source":"csv"},"geometry":{"type":"Point","coordinates":[125.627668,42.483085]}},{"type":"Feature","properties":{"id":"st-2133","name":"龙山","province":"吉林","city":"通化","tier":"local","sourceCount":0,"source":"csv"},"geometry":{"type":"Point","coordinates":[117.958506,40.143851]}},{"type":"Feature","properties":{"id":"st-2134","name":"山城镇","province":"吉林","city":"通化","tier":"local","sourceCount":0,"source":"csv"},"geometry":{"type":"Point","coordinates":[125.426811,42.376302]}},{"type":"Feature","properties":{"id":"st-2135","name":"梅河口","province":"吉林","city":"通化","tier":"local","sourceCount":1,"source":"csv"},"geometry":{"type":"Point","coordinates":[125.679022,42.532594]}},{"type":"Feature","properties":{"id":"st-2136","name":"哈拉海","province":"吉林","city":"长春","tier":"local","sourceCount":0,"source":"csv"},"geometry":{"type":"Point","coordinates":[125.088627,44.677887]}},{"type":"Feature","properties":{"id":"st-2137","name":"柴岗","province":"吉林","city":"长春","tier":"local","sourceCount":0,"source":"csv"},"geometry":{"type":"Point","coordinates":[125.118334,44.557945]}},{"type":"Feature","properties":{"id":"st-2138","name":"小合隆","province":"吉林","city":"长春","tier":"local","sourceCount":0,"source":"csv"},"geometry":{"type":"Point","coordinates":[125.256077,44.031094]}},{"type":"Feature","properties":{"id":"st-2139","name":"华家","province":"吉林","city":"长春","tier":"local","sourceCount":0,"source":"csv"},"geometry":{"type":"Point","coordinates":[125.133283,44.287817]}},{"type":"Feature","properties":{"id":"st-2140","name":"开安","province":"吉林","city":"长春","tier":"local","sourceCount":0,"source":"csv"},"geometry":{"type":"Point","coordinates":[125.192821,44.161723]}},{"type":"Feature","properties":{"id":"st-2141","name":"农安","province":"吉林","city":"长春","tier":"local","sourceCount":0,"source":"csv"},"geometry":{"type":"Point","coordinates":[125.317664,43.909413]}},{"type":"Feature","properties":{"id":"st-2142","name":"明城","province":"吉林","city":"吉林","tier":"local","sourceCount":0,"source":"csv"},"geometry":{"type":"Point","coordinates":[126.010109,43.191581]}},{"type":"Feature","properties":{"id":"st-2143","name":"七间房","province":"吉林","city":"吉林","tier":"local","sourceCount":0,"source":"csv"},"geometry":{"type":"Point","coordinates":[126.005036,43.133664]}},{"type":"Feature","properties":{"id":"st-2144","name":"石家","province":"吉林","city":"吉林","tier":"local","sourceCount":0,"source":"csv"},"geometry":{"type":"Point","coordinates":[126.130856,42.858022]}},{"type":"Feature","properties":{"id":"st-2145","name":"永宁","province":"吉林","city":"吉林","tier":"local","sourceCount":0,"source":"csv"},"geometry":{"type":"Point","coordinates":[126.028165,43.041189]}},{"type":"Feature","properties":{"id":"st-2146","name":"烟筒山","province":"吉林","city":"吉林","tier":"local","sourceCount":0,"source":"csv"},"geometry":{"type":"Point","coordinates":[126.024744,43.284007]}},{"type":"Feature","properties":{"id":"st-2147","name":"磐石","province":"吉林","city":"吉林","tier":"local","sourceCount":0,"source":"csv"},"geometry":{"type":"Point","coordinates":[126.062627,42.925515]}},{"type":"Feature","properties":{"id":"st-2148","name":"七家子","province":"吉林","city":"松原","tier":"local","sourceCount":0,"source":"csv"},"geometry":{"type":"Point","coordinates":[124.947146,45.03017]}},{"type":"Feature","properties":{"id":"st-2149","name":"通途","province":"吉林","city":"松原","tier":"local","sourceCount":0,"source":"csv"},"geometry":{"type":"Point","coordinates":[124.646403,45.193822]}},{"type":"Feature","properties":{"id":"st-2150","name":"二营子","province":"吉林","city":"松原","tier":"local","sourceCount":0,"source":"csv"},"geometry":{"type":"Point","coordinates":[125.02276,44.793179]}},{"type":"Feature","properties":{"id":"st-2151","name":"长山屯","province":"吉林","city":"松原","tier":"local","sourceCount":0,"source":"csv"},"geometry":{"type":"Point","coordinates":[124.463003,45.312273]}},{"type":"Feature","properties":{"id":"st-2152","name":"工农湖","province":"吉林","city":"松原","tier":"local","sourceCount":0,"source":"csv"},"geometry":{"type":"Point","coordinates":[123.619898,44.855413]}},{"type":"Feature","properties":{"id":"st-2153","name":"东富","province":"吉林","city":"吉林","tier":"local","sourceCount":0,"source":"csv"},"geometry":{"type":"Point","coordinates":[126.888524,44.364872]}},{"type":"Feature","properties":{"id":"st-2154","name":"吉舒","province":"吉林","city":"吉林","tier":"local","sourceCount":0,"source":"csv"},"geometry":{"type":"Point","coordinates":[126.79648,44.286039]}},{"type":"Feature","properties":{"id":"st-2155","name":"平安","province":"吉林","city":"吉林","tier":"local","sourceCount":0,"source":"csv"},"geometry":{"type":"Point","coordinates":[127.167861,44.590476]}},{"type":"Feature","properties":{"id":"st-2156","name":"舒兰","province":"吉林","city":"吉林","tier":"local","sourceCount":2,"source":"csv"},"geometry":{"type":"Point","coordinates":[126.94821,44.405852]}},{"type":"Feature","properties":{"id":"st-2157","name":"茂林","province":"吉林","city":"四平","tier":"local","sourceCount":0,"source":"csv"},"geometry":{"type":"Point","coordinates":[123.408263,43.965926]}},{"type":"Feature","properties":{"id":"st-2158","name":"郑家屯","province":"吉林","city":"四平","tier":"local","sourceCount":0,"source":"csv"},"geometry":{"type":"Point","coordinates":[123.510789,43.503214]}},{"type":"Feature","properties":{"id":"st-2159","name":"泉沟","province":"辽宁","city":"铁岭","tier":"local","sourceCount":0,"source":"csv"},"geometry":{"type":"Point","coordinates":[124.258691,43.180054]}},{"type":"Feature","properties":{"id":"st-2160","name":"四平","province":"吉林","city":"四平","tier":"local","sourceCount":3,"source":"csv"},"geometry":{"type":"Point","coordinates":[124.366879,43.1655]}},{"type":"Feature","properties":{"id":"st-2161","name":"四平东","province":"吉林","city":"四平","tier":"regional-hub","sourceCount":0,"source":"csv"},"geometry":{"type":"Point","coordinates":[124.432466,43.135044]}},{"type":"Feature","properties":{"id":"st-2162","name":"扶余北","province":"吉林","city":"松原","tier":"regional-hub","sourceCount":1,"source":"csv"},"geometry":{"type":"Point","coordinates":[125.996818,45.006379]}},{"type":"Feature","properties":{"id":"st-2163","name":"蔡家沟","province":"吉林","city":"松原","tier":"local","sourceCount":0,"source":"csv"},"geometry":{"type":"Point","coordinates":[126.130623,45.116661]}},{"type":"Feature","properties":{"id":"st-2164","name":"塔虎城","province":"吉林","city":"松原","tier":"local","sourceCount":0,"source":"csv"},"geometry":{"type":"Point","coordinates":[124.344259,45.389609]}},{"type":"Feature","properties":{"id":"st-2165","name":"王府","province":"吉林","city":"松原","tier":"local","sourceCount":0,"source":"csv"},"geometry":{"type":"Point","coordinates":[125.001008,44.87204]}},{"type":"Feature","properties":{"id":"st-2166","name":"官字井","province":"吉林","city":"松原","tier":"local","sourceCount":0,"source":"csv"},"geometry":{"type":"Point","coordinates":[123.796168,45.002822]}},{"type":"Feature","properties":{"id":"st-2167","name":"乾安","province":"吉林","city":"松原","tier":"local","sourceCount":0,"source":"csv"},"geometry":{"type":"Point","coordinates":[123.873677,45.097354]}},{"type":"Feature","properties":{"id":"st-2168","name":"松原","province":"吉林","city":"松原","tier":"local","sourceCount":3,"source":"csv"},"geometry":{"type":"Point","coordinates":[124.810415,45.107515]}},{"type":"Feature","properties":{"id":"st-2169","name":"巨宝","province":"吉林","city":"白城","tier":"local","sourceCount":0,"source":"csv"},"geometry":{"type":"Point","coordinates":[123.474113,44.714021]}},{"type":"Feature","properties":{"id":"st-2170","name":"太平川","province":"吉林","city":"松原","tier":"local","sourceCount":0,"source":"csv"},"geometry":{"type":"Point","coordinates":[123.179115,44.39748]}},{"type":"Feature","properties":{"id":"st-2171","name":"洮南","province":"吉林","city":"白城","tier":"regional-hub","sourceCount":0,"source":"csv"},"geometry":{"type":"Point","coordinates":[122.803198,45.338472]}},{"type":"Feature","properties":{"id":"st-2172","name":"黑水","province":"吉林","city":"白城","tier":"local","sourceCount":0,"source":"csv"},"geometry":{"type":"Point","coordinates":[122.818123,45.212035]}},{"type":"Feature","properties":{"id":"st-2173","name":"通化","province":"吉林","city":"通化","tier":"regional-hub","sourceCount":17,"source":"csv"},"geometry":{"type":"Point","coordinates":[125.974478,41.750939]}},{"type":"Feature","properties":{"id":"st-2174","name":"东通化","province":"吉林","city":"通化","tier":"local","sourceCount":0,"source":"csv"},"geometry":{"type":"Point","coordinates":[126.038313,41.76849]}},{"type":"Feature","properties":{"id":"st-2175","name":"郑家堡","province":"吉林","city":"通化","tier":"local","sourceCount":0,"source":"csv"},"geometry":{"type":"Point","coordinates":[125.834375,42.241251]}},{"type":"Feature","properties":{"id":"st-2176","name":"通沟","province":"吉林","city":"通化","tier":"local","sourceCount":0,"source":"csv"},"geometry":{"type":"Point","coordinates":[125.713643,41.949597]}},{"type":"Feature","properties":{"id":"st-2177","name":"三源浦","province":"吉林","city":"通化","tier":"local","sourceCount":0,"source":"csv"},"geometry":{"type":"Point","coordinates":[125.753872,42.053438]}},{"type":"Feature","properties":{"id":"st-2178","name":"驼腰岭","province":"吉林","city":"通化","tier":"local","sourceCount":0,"source":"csv"},"geometry":{"type":"Point","coordinates":[125.897342,42.179451]}},{"type":"Feature","properties":{"id":"st-2179","name":"五道沟","province":"吉林","city":"通化","tier":"local","sourceCount":0,"source":"csv"},"geometry":{"type":"Point","coordinates":[125.870264,42.134832]}},{"type":"Feature","properties":{"id":"st-2180","name":"柳河","province":"吉林","city":"通化","tier":"local","sourceCount":0,"source":"csv"},"geometry":{"type":"Point","coordinates":[125.758887,42.287189]}},{"type":"Feature","properties":{"id":"st-2181","name":"石湖","province":"吉林","city":"通化","tier":"local","sourceCount":0,"source":"csv"},"geometry":{"type":"Point","coordinates":[126.284887,41.509791]}},{"type":"Feature","properties":{"id":"st-2182","name":"二密河","province":"吉林","city":"通化","tier":"local","sourceCount":0,"source":"csv"},"geometry":{"type":"Point","coordinates":[125.824381,41.786757]}},{"type":"Feature","properties":{"id":"st-2183","name":"干沟","province":"吉林","city":"通化","tier":"local","sourceCount":0,"source":"csv"},"geometry":{"type":"Point","coordinates":[125.716484,41.859542]}},{"type":"Feature","properties":{"id":"st-2184","name":"万隆","province":"吉林","city":"通化","tier":"local","sourceCount":0,"source":"csv"},"geometry":{"type":"Point","coordinates":[126.214587,41.655379]}},{"type":"Feature","properties":{"id":"st-2185","name":"通化县","province":"吉林","city":"通化","tier":"local","sourceCount":0,"source":"csv"},"geometry":{"type":"Point","coordinates":[125.815424,41.676916]}},{"type":"Feature","properties":{"id":"st-2186","name":"老岭","province":"吉林","city":"通化","tier":"local","sourceCount":0,"source":"csv"},"geometry":{"type":"Point","coordinates":[126.29429,41.409039]}},{"type":"Feature","properties":{"id":"st-2187","name":"图们","province":"吉林","city":"延边朝鲜族自治州","tier":"regional-hub","sourceCount":7,"source":"csv"},"geometry":{"type":"Point","coordinates":[129.834519,42.963215]}},{"type":"Feature","properties":{"id":"st-2188","name":"石岘","province":"吉林","city":"延边朝鲜族自治州","tier":"local","sourceCount":0,"source":"csv"},"geometry":{"type":"Point","coordinates":[129.775755,43.076015]}},{"type":"Feature","properties":{"id":"st-2189","name":"河南","province":"吉林","city":"延边朝鲜族自治州","tier":"regional-hub","sourceCount":0,"source":"csv"},"geometry":{"type":"Point","coordinates":[120.855523,42.067214]}},{"type":"Feature","properties":{"id":"st-2190","name":"磨盘山","province":"吉林","city":"延边朝鲜族自治州","tier":"local","sourceCount":0,"source":"csv"},"geometry":{"type":"Point","coordinates":[129.608326,42.935134]}},{"type":"Feature","properties":{"id":"st-2191","name":"水礼","province":"吉林","city":"延边朝鲜族自治州","tier":"local","sourceCount":0,"source":"csv"},"geometry":{"type":"Point","coordinates":[129.729011,43.009363]}},{"type":"Feature","properties":{"id":"st-2192","name":"苇子沟","province":"吉林","city":"延边朝鲜族自治州","tier":"local","sourceCount":0,"source":"csv"},"geometry":{"type":"Point","coordinates":[129.670331,43.028877]}},{"type":"Feature","properties":{"id":"st-2193","name":"春阳","province":"吉林","city":"延边朝鲜族自治州","tier":"local","sourceCount":0,"source":"csv"},"geometry":{"type":"Point","coordinates":[129.436694,43.712243]}},{"type":"Feature","properties":{"id":"st-2194","name":"大兴沟","province":"吉林","city":"延边朝鲜族自治州","tier":"local","sourceCount":0,"source":"csv"},"geometry":{"type":"Point","coordinates":[129.655946,43.41]}},{"type":"Feature","properties":{"id":"st-2195","name":"庙岭","province":"吉林","city":"延边朝鲜族自治州","tier":"local","sourceCount":0,"source":"csv"},"geometry":{"type":"Point","coordinates":[129.658819,43.50018]}},{"type":"Feature","properties":{"id":"st-2196","name":"天桥岭","province":"吉林","city":"延边朝鲜族自治州","tier":"local","sourceCount":0,"source":"csv"},"geometry":{"type":"Point","coordinates":[129.626332,43.584371]}},{"type":"Feature","properties":{"id":"st-2197","name":"汪清","province":"吉林","city":"延边朝鲜族自治州","tier":"local","sourceCount":0,"source":"csv"},"geometry":{"type":"Point","coordinates":[129.73358,43.330229]}},{"type":"Feature","properties":{"id":"st-2198","name":"朝阳川","province":"吉林","city":"延边朝鲜族自治州","tier":"local","sourceCount":0,"source":"csv"},"geometry":{"type":"Point","coordinates":[129.441751,42.887097]}},{"type":"Feature","properties":{"id":"st-2199","name":"溪洞","province":"吉林","city":"延边朝鲜族自治州","tier":"local","sourceCount":0,"source":"csv"},"geometry":{"type":"Point","coordinates":[129.589798,42.908361]}},{"type":"Feature","properties":{"id":"st-2200","name":"延吉","province":"吉林","city":"延边朝鲜族自治州","tier":"local","sourceCount":1,"source":"csv"},"geometry":{"type":"Point","coordinates":[129.489938,42.884436]}},{"type":"Feature","properties":{"id":"st-2201","name":"口前","province":"吉林","city":"吉林","tier":"local","sourceCount":0,"source":"csv"},"geometry":{"type":"Point","coordinates":[126.491112,43.663846]}},{"type":"Feature","properties":{"id":"st-2202","name":"双河镇","province":"吉林","city":"吉林","tier":"local","sourceCount":0,"source":"csv"},"geometry":{"type":"Point","coordinates":[126.176852,43.46526]}},{"type":"Feature","properties":{"id":"st-2203","name":"刘家店","province":"吉林","city":"长春","tier":"local","sourceCount":0,"source":"csv"},"geometry":{"type":"Point","coordinates":[126.302854,44.800988]}},{"type":"Feature","properties":{"id":"st-2204","name":"榆树","province":"吉林","city":"长春","tier":"regional-hub","sourceCount":5,"source":"csv"},"geometry":{"type":"Point","coordinates":[126.529144,44.81512]}},{"type":"Feature","properties":{"id":"st-2205","name":"五棵树","province":"吉林","city":"长春","tier":"local","sourceCount":0,"source":"csv"},"geometry":{"type":"Point","coordinates":[126.154713,44.799347]}},{"type":"Feature","properties":{"id":"st-2206","name":"谢家镇","province":"吉林","city":"长春","tier":"local","sourceCount":0,"source":"csv"},"geometry":{"type":"Point","coordinates":[126.806843,44.566646]}},{"type":"Feature","properties":{"id":"st-2207","name":"新立镇","province":"吉林","city":"长春","tier":"local","sourceCount":0,"source":"csv"},"geometry":{"type":"Point","coordinates":[126.721703,44.691351]}},{"type":"Feature","properties":{"id":"st-2208","name":"大屯","province":"吉林","city":"长春","tier":"local","sourceCount":0,"source":"csv"},"geometry":{"type":"Point","coordinates":[125.158131,43.778081]}},{"type":"Feature","properties":{"id":"st-2209","name":"长春南","province":"吉林","city":"长春","tier":"national-hub","sourceCount":0,"source":"csv"},"geometry":{"type":"Point","coordinates":[125.253368,43.848715]}},{"type":"Feature","properties":{"id":"st-2210","name":"长春东","province":"吉林","city":"长春","tier":"national-hub","sourceCount":0,"source":"csv"},"geometry":{"type":"Point","coordinates":[125.358382,43.893263]}},{"type":"Feature","properties":{"id":"st-2211","name":"龙家堡","province":"吉林","city":"长春","tier":"local","sourceCount":0,"source":"csv"},"geometry":{"type":"Point","coordinates":[125.643458,44.065165]}},{"type":"Feature","properties":{"id":"st-2212","name":"兴隆山","province":"吉林","city":"长春","tier":"local","sourceCount":0,"source":"csv"},"geometry":{"type":"Point","coordinates":[125.462324,43.953991]}},{"type":"Feature","properties":{"id":"st-2213","name":"卡伦","province":"吉林","city":"长春","tier":"local","sourceCount":0,"source":"csv"},"geometry":{"type":"Point","coordinates":[125.549853,44.020676]}},{"type":"Feature","properties":{"id":"st-2214","name":"长春西","province":"吉林","city":"长春","tier":"national-hub","sourceCount":24,"source":"csv"},"geometry":{"type":"Point","coordinates":[125.193521,43.875235]}},{"type":"Feature","properties":{"id":"st-2215","name":"长春","province":"吉林","city":"长春","tier":"national-hub","sourceCount":84,"source":"csv"},"geometry":{"type":"Point","coordinates":[125.317664,43.909413]}},{"type":"Feature","properties":{"id":"st-2216","name":"庆丰","province":"吉林","city":"松原","tier":"local","sourceCount":0,"source":"csv"},"geometry":{"type":"Point","coordinates":[123.355877,44.60485]}},{"type":"Feature","properties":{"id":"st-2217","name":"左家","province":"吉林","city":"吉林","tier":"local","sourceCount":0,"source":"csv"},"geometry":{"type":"Point","coordinates":[126.079673,44.06784]}},{"type":"Feature","properties":{"id":"st-2218","name":"一间堡","province":"吉林","city":"长春","tier":"local","sourceCount":0,"source":"csv"},"geometry":{"type":"Point","coordinates":[125.352555,43.999743]}},{"type":"Feature","properties":{"id":"st-2219","name":"鞍山","province":"辽宁","city":"鞍山","tier":"local","sourceCount":3,"source":"csv"},"geometry":{"type":"Point","coordinates":[122.980738,41.11056]}},{"type":"Feature","properties":{"id":"st-2220","name":"灵山","province":"辽宁","city":"鞍山","tier":"local","sourceCount":0,"source":"csv"},"geometry":{"type":"Point","coordinates":[123.042945,41.192084]}},{"type":"Feature","properties":{"id":"st-2221","name":"鞍山西","province":"辽宁","city":"鞍山","tier":"regional-hub","sourceCount":1,"source":"csv"},"geometry":{"type":"Point","coordinates":[122.910121,41.116395]}},{"type":"Feature","properties":{"id":"st-2222","name":"台安","province":"辽宁","city":"鞍山","tier":"local","sourceCount":0,"source":"csv"},"geometry":{"type":"Point","coordinates":[122.425457,41.443631]}},{"type":"Feature","properties":{"id":"st-2223","name":"能家","province":"辽宁","city":"朝阳","tier":"local","sourceCount":0,"source":"csv"},"geometry":{"type":"Point","coordinates":[120.678592,41.619238]}},{"type":"Feature","properties":{"id":"st-2224","name":"北票南","province":"辽宁","city":"朝阳","tier":"regional-hub","sourceCount":0,"source":"csv"},"geometry":{"type":"Point","coordinates":[120.812903,41.700044]}},{"type":"Feature","properties":{"id":"st-2225","name":"上园","province":"辽宁","city":"朝阳","tier":"local","sourceCount":0,"source":"csv"},"geometry":{"type":"Point","coordinates":[120.975296,41.611484]}},{"type":"Feature","properties":{"id":"st-2226","name":"高山子","province":"辽宁","city":"锦州","tier":"local","sourceCount":0,"source":"csv"},"geometry":{"type":"Point","coordinates":[122.064316,41.545989]}},{"type":"Feature","properties":{"id":"st-2227","name":"沟帮子","province":"辽宁","city":"锦州","tier":"local","sourceCount":0,"source":"csv"},"geometry":{"type":"Point","coordinates":[121.769535,41.359814]}},{"type":"Feature","properties":{"id":"st-2228","name":"青堆子","province":"辽宁","city":"本溪","tier":"local","sourceCount":0,"source":"csv"},"geometry":{"type":"Point","coordinates":[121.907036,41.448143]}},{"type":"Feature","properties":{"id":"st-2229","name":"祁家堡","province":"辽宁","city":"本溪","tier":"local","sourceCount":0,"source":"csv"},"geometry":{"type":"Point","coordinates":[123.810769,40.92642]}},{"type":"Feature","properties":{"id":"st-2230","name":"连山关","province":"辽宁","city":"本溪","tier":"local","sourceCount":0,"source":"csv"},"geometry":{"type":"Point","coordinates":[123.755071,40.962687]}},{"type":"Feature","properties":{"id":"st-2231","name":"田师府","province":"辽宁","city":"本溪","tier":"local","sourceCount":0,"source":"csv"},"geometry":{"type":"Point","coordinates":[124.3343,41.239378]}},{"type":"Feature","properties":{"id":"st-2232","name":"泉水","province":"辽宁","city":"本溪","tier":"local","sourceCount":0,"source":"csv"},"geometry":{"type":"Point","coordinates":[124.215904,41.255601]}},{"type":"Feature","properties":{"id":"st-2233","name":"温泉寺","province":"辽宁","city":"本溪","tier":"local","sourceCount":0,"source":"csv"},"geometry":{"type":"Point","coordinates":[124.05185,41.336291]}},{"type":"Feature","properties":{"id":"st-2234","name":"松树台","province":"辽宁","city":"本溪","tier":"local","sourceCount":0,"source":"csv"},"geometry":{"type":"Point","coordinates":[124.03998,41.376234]}},{"type":"Feature","properties":{"id":"st-2235","name":"小市","province":"辽宁","city":"本溪","tier":"local","sourceCount":1,"source":"csv"},"geometry":{"type":"Point","coordinates":[124.117501,41.308783]}},{"type":"Feature","properties":{"id":"st-2236","name":"草河口","province":"辽宁","city":"本溪","tier":"local","sourceCount":0,"source":"csv"},"geometry":{"type":"Point","coordinates":[123.905631,40.87718]}},{"type":"Feature","properties":{"id":"st-2237","name":"偏岭","province":"辽宁","city":"本溪","tier":"local","sourceCount":0,"source":"csv"},"geometry":{"type":"Point","coordinates":[123.972536,41.386167]}},{"type":"Feature","properties":{"id":"st-2238","name":"五女山","province":"辽宁","city":"本溪","tier":"local","sourceCount":0,"source":"csv"},"geometry":{"type":"Point","coordinates":[125.32143,41.276265]}},{"type":"Feature","properties":{"id":"st-2239","name":"古城子","province":"辽宁","city":"本溪","tier":"local","sourceCount":0,"source":"csv"},"geometry":{"type":"Point","coordinates":[125.446403,41.46082]}},{"type":"Feature","properties":{"id":"st-2240","name":"桓龙湖","province":"辽宁","city":"本溪","tier":"local","sourceCount":0,"source":"csv"},"geometry":{"type":"Point","coordinates":[125.417927,41.252017]}},{"type":"Feature","properties":{"id":"st-2241","name":"大雅河","province":"辽宁","city":"本溪","tier":"local","sourceCount":0,"source":"csv"},"geometry":{"type":"Point","coordinates":[125.041066,41.146149]}},{"type":"Feature","properties":{"id":"st-2242","name":"牛心台","province":"辽宁","city":"本溪","tier":"local","sourceCount":0,"source":"csv"},"geometry":{"type":"Point","coordinates":[123.898184,41.350696]}},{"type":"Feature","properties":{"id":"st-2243","name":"南芬","province":"辽宁","city":"本溪","tier":"local","sourceCount":1,"source":"csv"},"geometry":{"type":"Point","coordinates":[123.743586,41.100798]}},{"type":"Feature","properties":{"id":"st-2244","name":"金坑","province":"辽宁","city":"本溪","tier":"local","sourceCount":0,"source":"csv"},"geometry":{"type":"Point","coordinates":[123.735306,41.132013]}},{"type":"Feature","properties":{"id":"st-2245","name":"下马塘","province":"辽宁","city":"本溪","tier":"local","sourceCount":0,"source":"csv"},"geometry":{"type":"Point","coordinates":[123.73001,41.029863]}},{"type":"Feature","properties":{"id":"st-2246","name":"北台","province":"辽宁","city":"本溪","tier":"local","sourceCount":0,"source":"csv"},"geometry":{"type":"Point","coordinates":[123.632485,41.228849]}},{"type":"Feature","properties":{"id":"st-2247","name":"桥头","province":"辽宁","city":"本溪","tier":"local","sourceCount":0,"source":"csv"},"geometry":{"type":"Point","coordinates":[123.724201,41.191078]}},{"type":"Feature","properties":{"id":"st-2248","name":"桥北","province":"辽宁","city":"本溪","tier":"regional-hub","sourceCount":0,"source":"csv"},"geometry":{"type":"Point","coordinates":[123.814884,41.337649]}},{"type":"Feature","properties":{"id":"st-2249","name":"本溪","province":"辽宁","city":"本溪","tier":"regional-hub","sourceCount":5,"source":"csv"},"geometry":{"type":"Point","coordinates":[123.761745,41.325313]}},{"type":"Feature","properties":{"id":"st-2250","name":"高家岁","province":"辽宁","city":"本溪","tier":"local","sourceCount":0,"source":"csv"},"geometry":{"type":"Point","coordinates":[123.733846,41.401606]}},{"type":"Feature","properties":{"id":"st-2251","name":"石桥子","province":"辽宁","city":"本溪","tier":"local","sourceCount":0,"source":"csv"},"geometry":{"type":"Point","coordinates":[123.717916,41.449316]}},{"type":"Feature","properties":{"id":"st-2252","name":"火连寨","province":"辽宁","city":"本溪","tier":"local","sourceCount":0,"source":"csv"},"geometry":{"type":"Point","coordinates":[123.728509,41.356471]}},{"type":"Feature","properties":{"id":"st-2253","name":"本溪湖","province":"辽宁","city":"本溪","tier":"local","sourceCount":0,"source":"csv"},"geometry":{"type":"Point","coordinates":[123.755719,41.322912]}},{"type":"Feature","properties":{"id":"st-2254","name":"歪头山","province":"辽宁","city":"本溪","tier":"local","sourceCount":0,"source":"csv"},"geometry":{"type":"Point","coordinates":[123.64551,41.494449]}},{"type":"Feature","properties":{"id":"st-2255","name":"八面城","province":"辽宁","city":"铁岭","tier":"local","sourceCount":0,"source":"csv"},"geometry":{"type":"Point","coordinates":[124.05511,43.206419]}},{"type":"Feature","properties":{"id":"st-2256","name":"昌图西","province":"辽宁","city":"铁岭","tier":"regional-hub","sourceCount":0,"source":"csv"},"geometry":{"type":"Point","coordinates":[124.061122,42.775215]}},{"type":"Feature","properties":{"id":"st-2257","name":"曲家店","province":"辽宁","city":"铁岭","tier":"local","sourceCount":0,"source":"csv"},"geometry":{"type":"Point","coordinates":[123.928118,43.224532]}},{"type":"Feature","properties":{"id":"st-2258","name":"三江口","province":"辽宁","city":"铁岭","tier":"local","sourceCount":0,"source":"csv"},"geometry":{"type":"Point","coordinates":[123.714353,43.36851]}},{"type":"Feature","properties":{"id":"st-2259","name":"石脑","province":"辽宁","city":"朝阳","tier":"local","sourceCount":0,"source":"csv"},"geometry":{"type":"Point","coordinates":[119.543616,41.450743]}},{"type":"Feature","properties":{"id":"st-2260","name":"小平房","province":"辽宁","city":"朝阳","tier":"local","sourceCount":0,"source":"csv"},"geometry":{"type":"Point","coordinates":[119.730197,41.382907]}},{"type":"Feature","properties":{"id":"st-2261","name":"叶柏寿","province":"辽宁","city":"朝阳","tier":"local","sourceCount":2,"source":"csv"},"geometry":{"type":"Point","coordinates":[119.63696,41.390524]}},{"type":"Feature","properties":{"id":"st-2262","name":"公营子","province":"辽宁","city":"朝阳","tier":"local","sourceCount":0,"source":"csv"},"geometry":{"type":"Point","coordinates":[119.845393,41.355463]}},{"type":"Feature","properties":{"id":"st-2263","name":"大营子","province":"辽宁","city":"朝阳","tier":"local","sourceCount":0,"source":"csv"},"geometry":{"type":"Point","coordinates":[120.313528,41.46022]}},{"type":"Feature","properties":{"id":"st-2264","name":"大平房","province":"辽宁","city":"朝阳","tier":"local","sourceCount":0,"source":"csv"},"geometry":{"type":"Point","coordinates":[120.164111,41.434372]}},{"type":"Feature","properties":{"id":"st-2265","name":"朝阳","province":"辽宁","city":"朝阳","tier":"regional-hub","sourceCount":8,"source":"csv"},"geometry":{"type":"Point","coordinates":[120.436202,41.576665]}},{"type":"Feature","properties":{"id":"st-2266","name":"革镇堡","province":"辽宁","city":"大连","tier":"local","sourceCount":0,"source":"csv"},"geometry":{"type":"Point","coordinates":[121.531618,39.008182]}},{"type":"Feature","properties":{"id":"st-2267","name":"夏家河","province":"辽宁","city":"大连","tier":"local","sourceCount":0,"source":"csv"},"geometry":{"type":"Point","coordinates":[121.483552,39.022214]}},{"type":"Feature","properties":{"id":"st-2268","name":"大连北","province":"辽宁","city":"大连","tier":"national-hub","sourceCount":78,"source":"csv"},"geometry":{"type":"Point","coordinates":[121.602455,39.015901]}},{"type":"Feature","properties":{"id":"st-2269","name":"南关岭","province":"辽宁","city":"大连","tier":"local","sourceCount":0,"source":"csv"},"geometry":{"type":"Point","coordinates":[121.576551,39.005577]}},{"type":"Feature","properties":{"id":"st-2270","name":"营城子","province":"辽宁","city":"大连","tier":"local","sourceCount":0,"source":"csv"},"geometry":{"type":"Point","coordinates":[121.370311,38.97948]}},{"type":"Feature","properties":{"id":"st-2271","name":"周水子","province":"辽宁","city":"大连","tier":"local","sourceCount":0,"source":"csv"},"geometry":{"type":"Point","coordinates":[121.555756,38.954638]}},{"type":"Feature","properties":{"id":"st-2272","name":"登沙河","province":"辽宁","city":"大连","tier":"local","sourceCount":0,"source":"csv"},"geometry":{"type":"Point","coordinates":[122.051096,39.218821]}},{"type":"Feature","properties":{"id":"st-2273","name":"广宁寺","province":"辽宁","city":"大连","tier":"local","sourceCount":0,"source":"csv"},"geometry":{"type":"Point","coordinates":[121.803689,39.186848]}},{"type":"Feature","properties":{"id":"st-2274","name":"牛角山","province":"辽宁","city":"大连","tier":"local","sourceCount":0,"source":"csv"},"geometry":{"type":"Point","coordinates":[121.776014,39.195576]}},{"type":"Feature","properties":{"id":"st-2275","name":"亮甲店","province":"辽宁","city":"大连","tier":"local","sourceCount":0,"source":"csv"},"geometry":{"type":"Point","coordinates":[121.931584,39.211217]}},{"type":"Feature","properties":{"id":"st-2276","name":"蚕厂屯","province":"辽宁","city":"大连","tier":"local","sourceCount":0,"source":"csv"},"geometry":{"type":"Point","coordinates":[121.880234,39.191042]}},{"type":"Feature","properties":{"id":"st-2277","name":"三十里堡","province":"辽宁","city":"大连","tier":"local","sourceCount":0,"source":"csv"},"geometry":{"type":"Point","coordinates":[121.792701,39.265116]}},{"type":"Feature","properties":{"id":"st-2278","name":"杏树屯","province":"辽宁","city":"大连","tier":"local","sourceCount":0,"source":"csv"},"geometry":{"type":"Point","coordinates":[122.147993,39.265018]}},{"type":"Feature","properties":{"id":"st-2279","name":"金州","province":"辽宁","city":"大连","tier":"local","sourceCount":0,"source":"csv"},"geometry":{"type":"Point","coordinates":[121.722282,39.086944]}},{"type":"Feature","properties":{"id":"st-2280","name":"龙头","province":"辽宁","city":"大连","tier":"local","sourceCount":0,"source":"csv"},"geometry":{"type":"Point","coordinates":[121.299817,38.869224]}},{"type":"Feature","properties":{"id":"st-2281","name":"长岭子","province":"辽宁","city":"大连","tier":"local","sourceCount":0,"source":"csv"},"geometry":{"type":"Point","coordinates":[121.311431,38.936018]}},{"type":"Feature","properties":{"id":"st-2282","name":"刘家村","province":"辽宁","city":"大连","tier":"local","sourceCount":0,"source":"csv"},"geometry":{"type":"Point","coordinates":[121.301753,38.903819]}},{"type":"Feature","properties":{"id":"st-2283","name":"大刘家","province":"辽宁","city":"大连","tier":"local","sourceCount":0,"source":"csv"},"geometry":{"type":"Point","coordinates":[122.180478,39.321856]}},{"type":"Feature","properties":{"id":"st-2284","name":"普湾","province":"辽宁","city":"大连","tier":"local","sourceCount":0,"source":"csv"},"geometry":{"type":"Point","coordinates":[121.808145,39.329055]}},{"type":"Feature","properties":{"id":"st-2285","name":"沙河口","province":"辽宁","city":"大连","tier":"local","sourceCount":0,"source":"csv"},"geometry":{"type":"Point","coordinates":[121.58232,38.924525]}},{"type":"Feature","properties":{"id":"st-2286","name":"大连","province":"辽宁","city":"大连","tier":"national-hub","sourceCount":63,"source":"csv"},"geometry":{"type":"Point","coordinates":[121.627747,38.921575]}},{"type":"Feature","properties":{"id":"st-2287","name":"大石桥","province":"辽宁","city":"营口","tier":"local","sourceCount":0,"source":"csv"},"geometry":{"type":"Point","coordinates":[122.500743,40.643895]}},{"type":"Feature","properties":{"id":"st-2288","name":"灌水","province":"辽宁","city":"丹东","tier":"local","sourceCount":0,"source":"csv"},"geometry":{"type":"Point","coordinates":[124.560273,40.860405]}},{"type":"Feature","properties":{"id":"st-2289","name":"长甸","province":"辽宁","city":"丹东","tier":"local","sourceCount":1,"source":"csv"},"geometry":{"type":"Point","coordinates":[124.805916,40.480355]}},{"type":"Feature","properties":{"id":"st-2290","name":"坦甸","province":"辽宁","city":"丹东","tier":"local","sourceCount":0,"source":"csv"},"geometry":{"type":"Point","coordinates":[124.794757,40.621639]}},{"type":"Feature","properties":{"id":"st-2291","name":"永甸","province":"辽宁","city":"丹东","tier":"local","sourceCount":0,"source":"csv"},"geometry":{"type":"Point","coordinates":[124.837208,40.557091]}},{"type":"Feature","properties":{"id":"st-2292","name":"汤山城","province":"辽宁","city":"丹东","tier":"local","sourceCount":0,"source":"csv"},"geometry":{"type":"Point","coordinates":[124.20357,40.310167]}},{"type":"Feature","properties":{"id":"st-2293","name":"老古沟","province":"辽宁","city":"丹东","tier":"local","sourceCount":0,"source":"csv"},"geometry":{"type":"Point","coordinates":[124.32852,40.228402]}},{"type":"Feature","properties":{"id":"st-2294","name":"蛤蟆塘","province":"辽宁","city":"丹东","tier":"local","sourceCount":0,"source":"csv"},"geometry":{"type":"Point","coordinates":[124.373183,40.171979]}},{"type":"Feature","properties":{"id":"st-2295","name":"金山湾","province":"辽宁","city":"丹东","tier":"local","sourceCount":0,"source":"csv"},"geometry":{"type":"Point","coordinates":[124.352339,40.204714]}},{"type":"Feature","properties":{"id":"st-2296","name":"五龙背","province":"辽宁","city":"丹东","tier":"local","sourceCount":0,"source":"csv"},"geometry":{"type":"Point","coordinates":[124.269725,40.258269]}},{"type":"Feature","properties":{"id":"st-2297","name":"丹东","province":"辽宁","city":"丹东","tier":"regional-hub","sourceCount":43,"source":"csv"},"geometry":{"type":"Point","coordinates":[124.38226,40.122888]}},{"type":"Feature","properties":{"id":"st-2298","name":"灯塔","province":"辽宁","city":"辽阳","tier":"local","sourceCount":0,"source":"csv"},"geometry":{"type":"Point","coordinates":[123.311907,41.428028]}},{"type":"Feature","properties":{"id":"st-2299","name":"张台子","province":"辽宁","city":"辽阳","tier":"local","sourceCount":0,"source":"csv"},"geometry":{"type":"Point","coordinates":[123.266869,41.351588]}},{"type":"Feature","properties":{"id":"st-2300","name":"一面山","province":"辽宁","city":"丹东","tier":"local","sourceCount":0,"source":"csv"},"geometry":{"type":"Point","coordinates":[124.091609,40.347124]}},{"type":"Feature","properties":{"id":"st-2301","name":"汤河","province":"辽宁","city":"丹东","tier":"local","sourceCount":0,"source":"csv"},"geometry":{"type":"Point","coordinates":[124.149363,40.317402]}},{"type":"Feature","properties":{"id":"st-2302","name":"官家","province":"辽宁","city":"丹东","tier":"local","sourceCount":0,"source":"csv"},"geometry":{"type":"Point","coordinates":[124.171439,40.474131]}},{"type":"Feature","properties":{"id":"st-2303","name":"赵家","province":"辽宁","city":"丹东","tier":"local","sourceCount":0,"source":"csv"},"geometry":{"type":"Point","coordinates":[126.929425,47.530805]}},{"type":"Feature","properties":{"id":"st-2304","name":"大堡","province":"辽宁","city":"丹东","tier":"local","sourceCount":0,"source":"csv"},"geometry":{"type":"Point","coordinates":[124.245173,40.551322]}},{"type":"Feature","properties":{"id":"st-2305","name":"凤凰城","province":"辽宁","city":"丹东","tier":"local","sourceCount":0,"source":"csv"},"geometry":{"type":"Point","coordinates":[124.051126,40.447226]}},{"type":"Feature","properties":{"id":"st-2306","name":"张家堡","province":"辽宁","city":"丹东","tier":"local","sourceCount":0,"source":"csv"},"geometry":{"type":"Point","coordinates":[124.029191,40.392495]}},{"type":"Feature","properties":{"id":"st-2307","name":"鸡冠山","province":"辽宁","city":"丹东","tier":"local","sourceCount":0,"source":"csv"},"geometry":{"type":"Point","coordinates":[123.918991,40.517693]}},{"type":"Feature","properties":{"id":"st-2308","name":"四台子","province":"辽宁","city":"丹东","tier":"local","sourceCount":0,"source":"csv"},"geometry":{"type":"Point","coordinates":[123.978847,40.481165]}},{"type":"Feature","properties":{"id":"st-2309","name":"袁家堡","province":"辽宁","city":"丹东","tier":"local","sourceCount":0,"source":"csv"},"geometry":{"type":"Point","coordinates":[123.93321,40.49322]}},{"type":"Feature","properties":{"id":"st-2310","name":"刘家河","province":"辽宁","city":"丹东","tier":"local","sourceCount":0,"source":"csv"},"geometry":{"type":"Point","coordinates":[123.980999,40.670178]}},{"type":"Feature","properties":{"id":"st-2311","name":"秋木庄","province":"辽宁","city":"丹东","tier":"local","sourceCount":0,"source":"csv"},"geometry":{"type":"Point","coordinates":[123.938163,40.63092]}},{"type":"Feature","properties":{"id":"st-2312","name":"石城","province":"辽宁","city":"丹东","tier":"local","sourceCount":0,"source":"csv"},"geometry":{"type":"Point","coordinates":[124.435402,40.286172]}},{"type":"Feature","properties":{"id":"st-2313","name":"边沟","province":"辽宁","city":"丹东","tier":"local","sourceCount":0,"source":"csv"},"geometry":{"type":"Point","coordinates":[124.373161,40.723732]}},{"type":"Feature","properties":{"id":"st-2314","name":"庙阳","province":"辽宁","city":"丹东","tier":"local","sourceCount":0,"source":"csv"},"geometry":{"type":"Point","coordinates":[124.450122,40.797002]}},{"type":"Feature","properties":{"id":"st-2315","name":"天桥","province":"辽宁","city":"丹东","tier":"local","sourceCount":0,"source":"csv"},"geometry":{"type":"Point","coordinates":[124.501965,40.813234]}},{"type":"Feature","properties":{"id":"st-2316","name":"铁佛寺","province":"辽宁","city":"丹东","tier":"local","sourceCount":0,"source":"csv"},"geometry":{"type":"Point","coordinates":[124.341709,40.687411]}},{"type":"Feature","properties":{"id":"st-2317","name":"佟家","province":"辽宁","city":"丹东","tier":"local","sourceCount":0,"source":"csv"},"geometry":{"type":"Point","coordinates":[124.412801,40.752097]}},{"type":"Feature","properties":{"id":"st-2318","name":"林家台","province":"辽宁","city":"丹东","tier":"local","sourceCount":0,"source":"csv"},"geometry":{"type":"Point","coordinates":[123.946625,40.716126]}},{"type":"Feature","properties":{"id":"st-2319","name":"通远堡","province":"辽宁","city":"丹东","tier":"local","sourceCount":0,"source":"csv"},"geometry":{"type":"Point","coordinates":[123.921469,40.785689]}},{"type":"Feature","properties":{"id":"st-2320","name":"章党","province":"辽宁","city":"抚顺","tier":"local","sourceCount":0,"source":"csv"},"geometry":{"type":"Point","coordinates":[124.071393,41.905434]}},{"type":"Feature","properties":{"id":"st-2321","name":"李石寨","province":"辽宁","city":"抚顺","tier":"local","sourceCount":0,"source":"csv"},"geometry":{"type":"Point","coordinates":[123.721472,41.815032]}},{"type":"Feature","properties":{"id":"st-2322","name":"南口前","province":"辽宁","city":"抚顺","tier":"local","sourceCount":0,"source":"csv"},"geometry":{"type":"Point","coordinates":[124.607923,41.997869]}},{"type":"Feature","properties":{"id":"st-2323","name":"黑石木","province":"辽宁","city":"抚顺","tier":"local","sourceCount":0,"source":"csv"},"geometry":{"type":"Point","coordinates":[124.673336,42.028517]}},{"type":"Feature","properties":{"id":"st-2324","name":"清原","province":"辽宁","city":"抚顺","tier":"local","sourceCount":0,"source":"csv"},"geometry":{"type":"Point","coordinates":[124.930589,42.102218]}},{"type":"Feature","properties":{"id":"st-2325","name":"抚顺北","province":"辽宁","city":"抚顺","tier":"regional-hub","sourceCount":4,"source":"csv"},"geometry":{"type":"Point","coordinates":[123.912244,41.886175]}},{"type":"Feature","properties":{"id":"st-2326","name":"瓢儿屯","province":"辽宁","city":"抚顺","tier":"local","sourceCount":0,"source":"csv"},"geometry":{"type":"Point","coordinates":[123.796764,41.846901]}},{"type":"Feature","properties":{"id":"st-2327","name":"南杂木","province":"辽宁","city":"抚顺","tier":"local","sourceCount":0,"source":"csv"},"geometry":{"type":"Point","coordinates":[124.401296,41.963256]}},{"type":"Feature","properties":{"id":"st-2328","name":"大官屯","province":"辽宁","city":"抚顺","tier":"local","sourceCount":0,"source":"csv"},"geometry":{"type":"Point","coordinates":[123.86497,41.854911]}},{"type":"Feature","properties":{"id":"st-2329","name":"抚顺","province":"辽宁","city":"抚顺","tier":"local","sourceCount":0,"source":"csv"},"geometry":{"type":"Point","coordinates":[123.896278,41.86116]}},{"type":"Feature","properties":{"id":"st-2330","name":"营东","province":"辽宁","city":"抚顺","tier":"regional-hub","sourceCount":0,"source":"csv"},"geometry":{"type":"Point","coordinates":[124.27998,41.943139]}},{"type":"Feature","properties":{"id":"st-2331","name":"阿金","province":"辽宁","city":"阜新","tier":"local","sourceCount":0,"source":"csv"},"geometry":{"type":"Point","coordinates":[121.749405,42.041408]}},{"type":"Feature","properties":{"id":"st-2332","name":"阜新","province":"辽宁","city":"阜新","tier":"local","sourceCount":3,"source":"csv"},"geometry":{"type":"Point","coordinates":[121.632528,41.985323]}},{"type":"Feature","properties":{"id":"st-2333","name":"清河门","province":"辽宁","city":"阜新","tier":"local","sourceCount":0,"source":"csv"},"geometry":{"type":"Point","coordinates":[121.414353,41.77456]}},{"type":"Feature","properties":{"id":"st-2334","name":"新邱","province":"辽宁","city":"阜新","tier":"local","sourceCount":0,"source":"csv"},"geometry":{"type":"Point","coordinates":[121.793408,42.093235]}},{"type":"Feature","properties":{"id":"st-2335","name":"彰武","province":"辽宁","city":"阜新","tier":"local","sourceCount":0,"source":"csv"},"geometry":{"type":"Point","coordinates":[122.523407,42.385042]}},{"type":"Feature","properties":{"id":"st-2336","name":"章古台","province":"辽宁","city":"阜新","tier":"local","sourceCount":0,"source":"csv"},"geometry":{"type":"Point","coordinates":[122.480979,42.703971]}},{"type":"Feature","properties":{"id":"st-2337","name":"大巴","province":"辽宁","city":"阜新","tier":"local","sourceCount":0,"source":"csv"},"geometry":{"type":"Point","coordinates":[121.997764,42.099847]}},{"type":"Feature","properties":{"id":"st-2338","name":"泡子","province":"辽宁","city":"阜新","tier":"local","sourceCount":0,"source":"csv"},"geometry":{"type":"Point","coordinates":[122.322998,42.205157]}},{"type":"Feature","properties":{"id":"st-2339","name":"十家子","province":"辽宁","city":"阜新","tier":"local","sourceCount":0,"source":"csv"},"geometry":{"type":"Point","coordinates":[122.255652,42.099978]}},{"type":"Feature","properties":{"id":"st-2340","name":"盖州西","province":"辽宁","city":"营口","tier":"regional-hub","sourceCount":0,"source":"csv"},"geometry":{"type":"Point","coordinates":[122.268809,40.402875]}},{"type":"Feature","properties":{"id":"st-2341","name":"盖州","province":"辽宁","city":"营口","tier":"local","sourceCount":0,"source":"csv"},"geometry":{"type":"Point","coordinates":[122.328395,40.41768]}},{"type":"Feature","properties":{"id":"st-2342","name":"威宁","province":"辽宁","city":"本溪","tier":"local","sourceCount":0,"source":"csv"},"geometry":{"type":"Point","coordinates":[123.814093,41.344586]}},{"type":"Feature","properties":{"id":"st-2343","name":"新岭","province":"辽宁","city":"本溪","tier":"local","sourceCount":0,"source":"csv"},"geometry":{"type":"Point","coordinates":[123.766063,41.396034]}},{"type":"Feature","properties":{"id":"st-2344","name":"海城西","province":"辽宁","city":"鞍山","tier":"regional-hub","sourceCount":0,"source":"csv"},"geometry":{"type":"Point","coordinates":[122.654728,40.912885]}},{"type":"Feature","properties":{"id":"st-2345","name":"拉拉屯","province":"辽宁","city":"鞍山","tier":"local","sourceCount":0,"source":"csv"},"geometry":{"type":"Point","coordinates":[122.359431,41.03077]}},{"type":"Feature","properties":{"id":"st-2346","name":"南台","province":"辽宁","city":"鞍山","tier":"local","sourceCount":0,"source":"csv"},"geometry":{"type":"Point","coordinates":[122.802665,40.920562]}},{"type":"Feature","properties":{"id":"st-2347","name":"牛庄","province":"辽宁","city":"鞍山","tier":"local","sourceCount":0,"source":"csv"},"geometry":{"type":"Point","coordinates":[122.513315,40.932703]}},{"type":"Feature","properties":{"id":"st-2348","name":"西柳","province":"辽宁","city":"鞍山","tier":"local","sourceCount":0,"source":"csv"},"geometry":{"type":"Point","coordinates":[122.618109,40.84282]}},{"type":"Feature","properties":{"id":"st-2349","name":"海城","province":"辽宁","city":"鞍山","tier":"local","sourceCount":0,"source":"csv"},"geometry":{"type":"Point","coordinates":[122.737066,40.861469]}},{"type":"Feature","properties":{"id":"st-2350","name":"唐家","province":"辽宁","city":"锦州","tier":"local","sourceCount":0,"source":"csv"},"geometry":{"type":"Point","coordinates":[122.244054,41.676526]}},{"type":"Feature","properties":{"id":"st-2351","name":"大虎山","province":"辽宁","city":"锦州","tier":"local","sourceCount":0,"source":"csv"},"geometry":{"type":"Point","coordinates":[122.143182,41.611498]}},{"type":"Feature","properties":{"id":"st-2352","name":"南桥","province":"辽宁","city":"葫芦岛","tier":"local","sourceCount":0,"source":"csv"},"geometry":{"type":"Point","coordinates":[119.930738,40.711905]}},{"type":"Feature","properties":{"id":"st-2353","name":"建昌","province":"辽宁","city":"葫芦岛","tier":"local","sourceCount":0,"source":"csv"},"geometry":{"type":"Point","coordinates":[119.816141,40.804687]}},{"type":"Feature","properties":{"id":"st-2354","name":"钟杖子","province":"辽宁","city":"葫芦岛","tier":"local","sourceCount":0,"source":"csv"},"geometry":{"type":"Point","coordinates":[119.843496,40.764737]}},{"type":"Feature","properties":{"id":"st-2355","name":"杨家店","province":"辽宁","city":"葫芦岛","tier":"local","sourceCount":0,"source":"csv"},"geometry":{"type":"Point","coordinates":[119.994884,40.693149]}},{"type":"Feature","properties":{"id":"st-2356","name":"高桥镇","province":"辽宁","city":"葫芦岛","tier":"local","sourceCount":0,"source":"csv"},"geometry":{"type":"Point","coordinates":[121.000282,40.896522]}},{"type":"Feature","properties":{"id":"st-2357","name":"葫芦岛北","province":"辽宁","city":"葫芦岛","tier":"regional-hub","sourceCount":0,"source":"csv"},"geometry":{"type":"Point","coordinates":[120.758204,40.741669]}},{"type":"Feature","properties":{"id":"st-2358","name":"营北","province":"辽宁","city":"葫芦岛","tier":"regional-hub","sourceCount":0,"source":"csv"},"geometry":{"type":"Point","coordinates":[120.871958,40.78332]}},{"type":"Feature","properties":{"id":"st-2359","name":"柳树屯","province":"辽宁","city":"葫芦岛","tier":"local","sourceCount":0,"source":"csv"},"geometry":{"type":"Point","coordinates":[120.795435,40.762561]}},{"type":"Feature","properties":{"id":"st-2360","name":"孔家沟","province":"辽宁","city":"葫芦岛","tier":"local","sourceCount":0,"source":"csv"},"geometry":{"type":"Point","coordinates":[120.504614,40.791905]}},{"type":"Feature","properties":{"id":"st-2361","name":"台集屯","province":"辽宁","city":"葫芦岛","tier":"local","sourceCount":0,"source":"csv"},"geometry":{"type":"Point","coordinates":[120.874898,41.050073]}},{"type":"Feature","properties":{"id":"st-2362","name":"葫芦岛","province":"辽宁","city":"葫芦岛","tier":"local","sourceCount":0,"source":"csv"},"geometry":{"type":"Point","coordinates":[120.862962,40.752715]}},{"type":"Feature","properties":{"id":"st-2363","name":"大荒地","province":"辽宁","city":"葫芦岛","tier":"local","sourceCount":0,"source":"csv"},"geometry":{"type":"Point","coordinates":[120.839559,41.067261]}},{"type":"Feature","properties":{"id":"st-2364","name":"黄甲屯","province":"辽宁","city":"葫芦岛","tier":"local","sourceCount":0,"source":"csv"},"geometry":{"type":"Point","coordinates":[120.742206,41.096181]}},{"type":"Feature","properties":{"id":"st-2365","name":"南票","province":"辽宁","city":"葫芦岛","tier":"local","sourceCount":0,"source":"csv"},"geometry":{"type":"Point","coordinates":[120.72617,41.117306]}},{"type":"Feature","properties":{"id":"st-2366","name":"绥中北","province":"辽宁","city":"葫芦岛","tier":"regional-hub","sourceCount":0,"source":"csv"},"geometry":{"type":"Point","coordinates":[120.318927,40.346745]}},{"type":"Feature","properties":{"id":"st-2367","name":"高岭","province":"辽宁","city":"葫芦岛","tier":"local","sourceCount":0,"source":"csv"},"geometry":{"type":"Point","coordinates":[120.007436,40.144254]}},{"type":"Feature","properties":{"id":"st-2368","name":"万家屯","province":"辽宁","city":"葫芦岛","tier":"local","sourceCount":0,"source":"csv"},"geometry":{"type":"Point","coordinates":[119.857752,40.039633]}},{"type":"Feature","properties":{"id":"st-2369","name":"塔山","province":"辽宁","city":"葫芦岛","tier":"local","sourceCount":0,"source":"csv"},"geometry":{"type":"Point","coordinates":[120.925698,40.817868]}},{"type":"Feature","properties":{"id":"st-2370","name":"杨树湾","province":"辽宁","city":"葫芦岛","tier":"local","sourceCount":0,"source":"csv"},"geometry":{"type":"Point","coordinates":[120.060839,40.692774]}},{"type":"Feature","properties":{"id":"st-2371","name":"四家子","province":"辽宁","city":"葫芦岛","tier":"local","sourceCount":0,"source":"csv"},"geometry":{"type":"Point","coordinates":[120.096874,40.722895]}},{"type":"Feature","properties":{"id":"st-2372","name":"鸽子洞","province":"辽宁","city":"葫芦岛","tier":"local","sourceCount":0,"source":"csv"},"geometry":{"type":"Point","coordinates":[120.195294,40.785021]}},{"type":"Feature","properties":{"id":"st-2373","name":"红石","province":"辽宁","city":"朝阳","tier":"local","sourceCount":0,"source":"csv"},"geometry":{"type":"Point","coordinates":[119.536227,41.330836]}},{"type":"Feature","properties":{"id":"st-2374","name":"沙海","province":"辽宁","city":"朝阳","tier":"local","sourceCount":0,"source":"csv"},"geometry":{"type":"Point","coordinates":[119.460756,41.495214]}},{"type":"Feature","properties":{"id":"st-2375","name":"南洼","province":"辽宁","city":"朝阳","tier":"local","sourceCount":0,"source":"csv"},"geometry":{"type":"Point","coordinates":[118.766477,42.23854]}},{"type":"Feature","properties":{"id":"st-2376","name":"西刘","province":"辽宁","city":"锦州","tier":"local","sourceCount":0,"source":"csv"},"geometry":{"type":"Point","coordinates":[122.204512,41.649999]}},{"type":"Feature","properties":{"id":"st-2377","name":"段家","province":"辽宁","city":"锦州","tier":"local","sourceCount":0,"source":"csv"},"geometry":{"type":"Point","coordinates":[122.086405,41.576742]}},{"type":"Feature","properties":{"id":"st-2378","name":"励家","province":"辽宁","city":"锦州","tier":"local","sourceCount":0,"source":"csv"},"geometry":{"type":"Point","coordinates":[122.349964,41.735022]}},{"type":"Feature","properties":{"id":"st-2379","name":"广盛","province":"辽宁","city":"锦州","tier":"local","sourceCount":0,"source":"csv"},"geometry":{"type":"Point","coordinates":[122.295155,41.706877]}},{"type":"Feature","properties":{"id":"st-2380","name":"绕阳河","province":"辽宁","city":"锦州","tier":"local","sourceCount":0,"source":"csv"},"geometry":{"type":"Point","coordinates":[122.459363,41.7932]}},{"type":"Feature","properties":{"id":"st-2381","name":"小东","province":"辽宁","city":"锦州","tier":"regional-hub","sourceCount":0,"source":"csv"},"geometry":{"type":"Point","coordinates":[122.323498,42.029462]}},{"type":"Feature","properties":{"id":"st-2382","name":"新立屯","province":"辽宁","city":"锦州","tier":"local","sourceCount":0,"source":"csv"},"geometry":{"type":"Point","coordinates":[122.171169,42.017997]}},{"type":"Feature","properties":{"id":"st-2383","name":"锦州","province":"辽宁","city":"锦州","tier":"regional-hub","sourceCount":4,"source":"csv"},"geometry":{"type":"Point","coordinates":[121.135302,41.122228]}},{"type":"Feature","properties":{"id":"st-2384","name":"锦州南","province":"辽宁","city":"锦州","tier":"regional-hub","sourceCount":0,"source":"csv"},"geometry":{"type":"Point","coordinates":[121.12011,41.014781]}},{"type":"Feature","properties":{"id":"st-2385","name":"薛家","province":"辽宁","city":"锦州","tier":"local","sourceCount":0,"source":"csv"},"geometry":{"type":"Point","coordinates":[121.183172,41.168567]}},{"type":"Feature","properties":{"id":"st-2386","name":"女儿河","province":"辽宁","city":"锦州","tier":"local","sourceCount":0,"source":"csv"},"geometry":{"type":"Point","coordinates":[121.038287,41.065416]}},{"type":"Feature","properties":{"id":"st-2387","name":"何三家","province":"辽宁","city":"锦州","tier":"local","sourceCount":0,"source":"csv"},"geometry":{"type":"Point","coordinates":[120.965317,41.052562]}},{"type":"Feature","properties":{"id":"st-2388","name":"八角台","province":"辽宁","city":"锦州","tier":"local","sourceCount":0,"source":"csv"},"geometry":{"type":"Point","coordinates":[121.239181,41.283976]}},{"type":"Feature","properties":{"id":"st-2389","name":"桃园","province":"辽宁","city":"锦州","tier":"local","sourceCount":0,"source":"csv"},"geometry":{"type":"Point","coordinates":[121.084436,41.10488]}},{"type":"Feature","properties":{"id":"st-2390","name":"七里河","province":"辽宁","city":"锦州","tier":"local","sourceCount":0,"source":"csv"},"geometry":{"type":"Point","coordinates":[121.251344,41.337409]}},{"type":"Feature","properties":{"id":"st-2391","name":"周家屯","province":"辽宁","city":"锦州","tier":"local","sourceCount":0,"source":"csv"},"geometry":{"type":"Point","coordinates":[121.079358,41.57421]}},{"type":"Feature","properties":{"id":"st-2392","name":"义县","province":"辽宁","city":"锦州","tier":"local","sourceCount":0,"source":"csv"},"geometry":{"type":"Point","coordinates":[121.224046,41.5252]}},{"type":"Feature","properties":{"id":"st-2393","name":"泥河子","province":"辽宁","city":"锦州","tier":"local","sourceCount":0,"source":"csv"},"geometry":{"type":"Point","coordinates":[121.223515,41.451305]}},{"type":"Feature","properties":{"id":"st-2394","name":"南汤","province":"辽宁","city":"朝阳","tier":"local","sourceCount":0,"source":"csv"},"geometry":{"type":"Point","coordinates":[119.743852,40.870574]}},{"type":"Feature","properties":{"id":"st-2395","name":"宣家沟","province":"辽宁","city":"朝阳","tier":"local","sourceCount":0,"source":"csv"},"geometry":{"type":"Point","coordinates":[119.546621,40.912644]}},{"type":"Feature","properties":{"id":"st-2396","name":"金杖子","province":"辽宁","city":"朝阳","tier":"local","sourceCount":0,"source":"csv"},"geometry":{"type":"Point","coordinates":[119.498808,40.883762]}},{"type":"Feature","properties":{"id":"st-2397","name":"开原西","province":"辽宁","city":"铁岭","tier":"regional-hub","sourceCount":0,"source":"csv"},"geometry":{"type":"Point","coordinates":[123.913833,42.54735]}},{"type":"Feature","properties":{"id":"st-2398","name":"开原","province":"辽宁","city":"铁岭","tier":"local","sourceCount":0,"source":"csv"},"geometry":{"type":"Point","coordinates":[124.026272,42.543993]}},{"type":"Feature","properties":{"id":"st-2399","name":"雅河","province":"辽宁","city":"本溪","tier":"local","sourceCount":0,"source":"csv"},"geometry":{"type":"Point","coordinates":[125.336114,41.226309]}},{"type":"Feature","properties":{"id":"st-2400","name":"天桥沟","province":"辽宁","city":"丹东","tier":"local","sourceCount":0,"source":"csv"},"geometry":{"type":"Point","coordinates":[124.728123,40.993806]}},{"type":"Feature","properties":{"id":"st-2401","name":"龙爪沟","province":"辽宁","city":"丹东","tier":"local","sourceCount":0,"source":"csv"},"geometry":{"type":"Point","coordinates":[124.64311,40.817826]}},{"type":"Feature","properties":{"id":"st-2402","name":"宽甸","province":"辽宁","city":"丹东","tier":"local","sourceCount":0,"source":"csv"},"geometry":{"type":"Point","coordinates":[124.775736,40.717961]}},{"type":"Feature","properties":{"id":"st-2403","name":"安平","province":"辽宁","city":"辽阳","tier":"local","sourceCount":1,"source":"csv"},"geometry":{"type":"Point","coordinates":[123.418522,41.185792]}},{"type":"Feature","properties":{"id":"st-2404","name":"寒岭","province":"辽宁","city":"辽阳","tier":"local","sourceCount":0,"source":"csv"},"geometry":{"type":"Point","coordinates":[123.553164,41.179356]}},{"type":"Feature","properties":{"id":"st-2405","name":"新寒岭","province":"辽宁","city":"辽阳","tier":"local","sourceCount":0,"source":"csv"},"geometry":{"type":"Point","coordinates":[123.516389,41.168502]}},{"type":"Feature","properties":{"id":"st-2406","name":"太子河","province":"辽宁","city":"辽阳","tier":"local","sourceCount":0,"source":"csv"},"geometry":{"type":"Point","coordinates":[123.225305,41.302083]}},{"type":"Feature","properties":{"id":"st-2407","name":"辽阳","province":"辽宁","city":"辽阳","tier":"local","sourceCount":1,"source":"csv"},"geometry":{"type":"Point","coordinates":[123.162731,41.27976]}},{"type":"Feature","properties":{"id":"st-2408","name":"红旗","province":"辽宁","city":"辽阳","tier":"local","sourceCount":0,"source":"csv"},"geometry":{"type":"Point","coordinates":[120.337003,47.569662]}},{"type":"Feature","properties":{"id":"st-2409","name":"道口","province":"辽宁","city":"辽阳","tier":"local","sourceCount":0,"source":"csv"},"geometry":{"type":"Point","coordinates":[121.696299,41.319068]}},{"type":"Feature","properties":{"id":"st-2410","name":"金城","province":"辽宁","city":"辽阳","tier":"local","sourceCount":0,"source":"csv"},"geometry":{"type":"Point","coordinates":[121.39583,41.191238]}},{"type":"Feature","properties":{"id":"st-2411","name":"兰家","province":"辽宁","city":"辽阳","tier":"local","sourceCount":0,"source":"csv"},"geometry":{"type":"Point","coordinates":[121.312458,41.145465]}},{"type":"Feature","properties":{"id":"st-2412","name":"石山","province":"辽宁","city":"辽阳","tier":"local","sourceCount":0,"source":"csv"},"geometry":{"type":"Point","coordinates":[121.522328,41.227506]}},{"type":"Feature","properties":{"id":"st-2413","name":"双羊店","province":"辽宁","city":"辽阳","tier":"local","sourceCount":0,"source":"csv"},"geometry":{"type":"Point","coordinates":[121.263013,41.108965]}},{"type":"Feature","properties":{"id":"st-2414","name":"凌海","province":"辽宁","city":"锦州","tier":"local","sourceCount":0,"source":"csv"},"geometry":{"type":"Point","coordinates":[121.357653,41.179139]}},{"type":"Feature","properties":{"id":"st-2415","name":"刀尔登","province":"辽宁","city":"朝阳","tier":"local","sourceCount":0,"source":"csv"},"geometry":{"type":"Point","coordinates":[119.116204,40.747572]}},{"type":"Feature","properties":{"id":"st-2416","name":"北磴","province":"辽宁","city":"朝阳","tier":"local","sourceCount":0,"source":"csv"},"geometry":{"type":"Point","coordinates":[119.207557,40.731869]}},{"type":"Feature","properties":{"id":"st-2417","name":"任家店","province":"辽宁","city":"朝阳","tier":"local","sourceCount":0,"source":"csv"},"geometry":{"type":"Point","coordinates":[119.379294,40.808199]}},{"type":"Feature","properties":{"id":"st-2418","name":"凌源东","province":"辽宁","city":"朝阳","tier":"regional-hub","sourceCount":0,"source":"csv"},"geometry":{"type":"Point","coordinates":[119.408546,41.261092]}},{"type":"Feature","properties":{"id":"st-2419","name":"凌源","province":"辽宁","city":"朝阳","tier":"regional-hub","sourceCount":4,"source":"csv"},"geometry":{"type":"Point","coordinates":[119.377475,41.233455]}},{"type":"Feature","properties":{"id":"st-2420","name":"侯杖子","province":"辽宁","city":"朝阳","tier":"local","sourceCount":0,"source":"csv"},"geometry":{"type":"Point","coordinates":[119.1903,41.140032]}},{"type":"Feature","properties":{"id":"st-2421","name":"河汤沟","province":"辽宁","city":"朝阳","tier":"local","sourceCount":0,"source":"csv"},"geometry":{"type":"Point","coordinates":[119.464106,41.286129]}},{"type":"Feature","properties":{"id":"st-2422","name":"魏杖子","province":"辽宁","city":"朝阳","tier":"local","sourceCount":0,"source":"csv"},"geometry":{"type":"Point","coordinates":[119.058537,40.974722]}},{"type":"Feature","properties":{"id":"st-2423","name":"东沟门","province":"辽宁","city":"朝阳","tier":"local","sourceCount":0,"source":"csv"},"geometry":{"type":"Point","coordinates":[119.073312,40.920319]}},{"type":"Feature","properties":{"id":"st-2424","name":"东营子","province":"辽宁","city":"朝阳","tier":"local","sourceCount":0,"source":"csv"},"geometry":{"type":"Point","coordinates":[119.090447,40.868716]}},{"type":"Feature","properties":{"id":"st-2425","name":"田家沟","province":"辽宁","city":"朝阳","tier":"local","sourceCount":0,"source":"csv"},"geometry":{"type":"Point","coordinates":[119.432865,40.853094]}},{"type":"Feature","properties":{"id":"st-2426","name":"四道沟","province":"辽宁","city":"朝阳","tier":"local","sourceCount":0,"source":"csv"},"geometry":{"type":"Point","coordinates":[119.081894,41.078514]}},{"type":"Feature","properties":{"id":"st-2427","name":"三十家","province":"辽宁","city":"朝阳","tier":"local","sourceCount":0,"source":"csv"},"geometry":{"type":"Point","coordinates":[119.048637,41.012323]}},{"type":"Feature","properties":{"id":"st-2428","name":"水泉","province":"辽宁","city":"朝阳","tier":"local","sourceCount":0,"source":"csv"},"geometry":{"type":"Point","coordinates":[119.15815,41.111252]}},{"type":"Feature","properties":{"id":"st-2429","name":"杨杖子","province":"辽宁","city":"朝阳","tier":"local","sourceCount":0,"source":"csv"},"geometry":{"type":"Point","coordinates":[119.128994,40.717945]}},{"type":"Feature","properties":{"id":"st-2430","name":"新开","province":"辽宁","city":"盘锦","tier":"local","sourceCount":0,"source":"csv"},"geometry":{"type":"Point","coordinates":[122.274732,41.069099]}},{"type":"Feature","properties":{"id":"st-2431","name":"盘锦北","province":"辽宁","city":"盘锦","tier":"regional-hub","sourceCount":0,"source":"csv"},"geometry":{"type":"Point","coordinates":[121.802174,41.334005]}},{"type":"Feature","properties":{"id":"st-2432","name":"羊圈子","province":"辽宁","city":"盘锦","tier":"local","sourceCount":0,"source":"csv"},"geometry":{"type":"Point","coordinates":[121.627163,41.27873]}},{"type":"Feature","properties":{"id":"st-2433","name":"盘锦","province":"辽宁","city":"盘锦","tier":"local","sourceCount":3,"source":"csv"},"geometry":{"type":"Point","coordinates":[122.055806,41.195528]}},{"type":"Feature","properties":{"id":"st-2434","name":"渤海","province":"辽宁","city":"大连","tier":"local","sourceCount":0,"source":"csv"},"geometry":{"type":"Point","coordinates":[122.090579,41.146943]}},{"type":"Feature","properties":{"id":"st-2435","name":"城子坦","province":"辽宁","city":"大连","tier":"local","sourceCount":0,"source":"csv"},"geometry":{"type":"Point","coordinates":[122.48794,39.505836]}},{"type":"Feature","properties":{"id":"st-2436","name":"夹心子","province":"辽宁","city":"大连","tier":"local","sourceCount":0,"source":"csv"},"geometry":{"type":"Point","coordinates":[122.399643,39.457057]}},{"type":"Feature","properties":{"id":"st-2437","name":"皮口","province":"辽宁","city":"大连","tier":"local","sourceCount":0,"source":"csv"},"geometry":{"type":"Point","coordinates":[122.351867,39.406106]}},{"type":"Feature","properties":{"id":"st-2438","name":"李家屯","province":"辽宁","city":"大连","tier":"local","sourceCount":0,"source":"csv"},"geometry":{"type":"Point","coordinates":[122.280899,39.388681]}},{"type":"Feature","properties":{"id":"st-2439","name":"清水河","province":"辽宁","city":"大连","tier":"local","sourceCount":0,"source":"csv"},"geometry":{"type":"Point","coordinates":[122.243638,39.344212]}},{"type":"Feature","properties":{"id":"st-2440","name":"普兰店","province":"辽宁","city":"大连","tier":"local","sourceCount":0,"source":"csv"},"geometry":{"type":"Point","coordinates":[121.955254,39.400368]}},{"type":"Feature","properties":{"id":"st-2441","name":"草市","province":"辽宁","city":"抚顺","tier":"local","sourceCount":0,"source":"csv"},"geometry":{"type":"Point","coordinates":[125.230134,42.294994]}},{"type":"Feature","properties":{"id":"st-2442","name":"苍石","province":"辽宁","city":"抚顺","tier":"local","sourceCount":0,"source":"csv"},"geometry":{"type":"Point","coordinates":[124.515115,41.985424]}},{"type":"Feature","properties":{"id":"st-2443","name":"英额门","province":"辽宁","city":"抚顺","tier":"local","sourceCount":0,"source":"csv"},"geometry":{"type":"Point","coordinates":[125.068322,42.167947]}},{"type":"Feature","properties":{"id":"st-2444","name":"长山堡","province":"辽宁","city":"抚顺","tier":"local","sourceCount":0,"source":"csv"},"geometry":{"type":"Point","coordinates":[124.987393,42.133098]}},{"type":"Feature","properties":{"id":"st-2445","name":"孤家子","province":"辽宁","city":"沈阳","tier":"local","sourceCount":0,"source":"csv"},"geometry":{"type":"Point","coordinates":[123.482554,41.732453]}},{"type":"Feature","properties":{"id":"st-2446","name":"深井子","province":"辽宁","city":"沈阳","tier":"local","sourceCount":0,"source":"csv"},"geometry":{"type":"Point","coordinates":[123.646679,41.784067]}},{"type":"Feature","properties":{"id":"st-2447","name":"东湖","province":"辽宁","city":"沈阳","tier":"local","sourceCount":0,"source":"csv"},"geometry":{"type":"Point","coordinates":[120.598682,30.014244]}},{"type":"Feature","properties":{"id":"st-2448","name":"沈阳","province":"辽宁","city":"沈阳","tier":"national-hub","sourceCount":72,"source":"csv"},"geometry":{"type":"Point","coordinates":[123.38719,41.792687]}},{"type":"Feature","properties":{"id":"st-2449","name":"大成","province":"辽宁","city":"沈阳","tier":"local","sourceCount":0,"source":"csv"},"geometry":{"type":"Point","coordinates":[123.344918,41.825655]}},{"type":"Feature","properties":{"id":"st-2450","name":"辽中","province":"辽宁","city":"沈阳","tier":"local","sourceCount":0,"source":"csv"},"geometry":{"type":"Point","coordinates":[122.766184,41.556869]}},{"type":"Feature","properties":{"id":"st-2451","name":"虎石台","province":"辽宁","city":"沈阳","tier":"local","sourceCount":0,"source":"csv"},"geometry":{"type":"Point","coordinates":[123.496346,41.940566]}},{"type":"Feature","properties":{"id":"st-2452","name":"沈阳北","province":"辽宁","city":"沈阳","tier":"national-hub","sourceCount":58,"source":"csv"},"geometry":{"type":"Point","coordinates":[123.429758,41.816988]}},{"type":"Feature","properties":{"id":"st-2453","name":"陈相屯","province":"辽宁","city":"沈阳","tier":"local","sourceCount":0,"source":"csv"},"geometry":{"type":"Point","coordinates":[123.525525,41.562469]}},{"type":"Feature","properties":{"id":"st-2454","name":"苏家屯","province":"辽宁","city":"沈阳","tier":"local","sourceCount":0,"source":"csv"},"geometry":{"type":"Point","coordinates":[123.34899,41.660163]}},{"type":"Feature","properties":{"id":"st-2455","name":"林盛堡","province":"辽宁","city":"沈阳","tier":"local","sourceCount":0,"source":"csv"},"geometry":{"type":"Point","coordinates":[123.357311,41.576883]}},{"type":"Feature","properties":{"id":"st-2456","name":"苏北","province":"辽宁","city":"沈阳","tier":"regional-hub","sourceCount":0,"source":"csv"},"geometry":{"type":"Point","coordinates":[123.356445,41.681103]}},{"type":"Feature","properties":{"id":"st-2457","name":"吴家屯","province":"辽宁","city":"沈阳","tier":"local","sourceCount":0,"source":"csv"},"geometry":{"type":"Point","coordinates":[123.439118,41.623441]}},{"type":"Feature","properties":{"id":"st-2458","name":"姚千户屯","province":"辽宁","city":"沈阳","tier":"local","sourceCount":0,"source":"csv"},"geometry":{"type":"Point","coordinates":[123.613121,41.530168]}},{"type":"Feature","properties":{"id":"st-2459","name":"沈阳西","province":"辽宁","city":"沈阳","tier":"national-hub","sourceCount":0,"source":"csv"},"geometry":{"type":"Point","coordinates":[123.279902,41.866561]}},{"type":"Feature","properties":{"id":"st-2460","name":"三台","province":"辽宁","city":"沈阳","tier":"local","sourceCount":0,"source":"csv"},"geometry":{"type":"Point","coordinates":[123.149112,41.946578]}},{"type":"Feature","properties":{"id":"st-2461","name":"兰家屯","province":"辽宁","city":"沈阳","tier":"local","sourceCount":0,"source":"csv"},"geometry":{"type":"Point","coordinates":[123.254886,41.884776]}},{"type":"Feature","properties":{"id":"st-2462","name":"马三家","province":"辽宁","city":"沈阳","tier":"local","sourceCount":1,"source":"csv"},"geometry":{"type":"Point","coordinates":[123.231745,41.896433]}},{"type":"Feature","properties":{"id":"st-2463","name":"江家岭","province":"辽宁","city":"沈阳","tier":"local","sourceCount":0,"source":"csv"},"geometry":{"type":"Point","coordinates":[120.315962,40.281438]}},{"type":"Feature","properties":{"id":"st-2464","name":"网户","province":"辽宁","city":"沈阳","tier":"local","sourceCount":0,"source":"csv"},"geometry":{"type":"Point","coordinates":[120.182616,40.192213]}},{"type":"Feature","properties":{"id":"st-2465","name":"绥中","province":"辽宁","city":"葫芦岛","tier":"local","sourceCount":0,"source":"csv"},"geometry":{"type":"Point","coordinates":[120.347417,40.320705]}},{"type":"Feature","properties":{"id":"st-2466","name":"昌图","province":"辽宁","city":"铁岭","tier":"local","sourceCount":0,"source":"csv"},"geometry":{"type":"Point","coordinates":[124.111033,42.776585]}},{"type":"Feature","properties":{"id":"st-2467","name":"得胜台","province":"辽宁","city":"铁岭","tier":"local","sourceCount":0,"source":"csv"},"geometry":{"type":"Point","coordinates":[123.745886,42.232673]}},{"type":"Feature","properties":{"id":"st-2468","name":"铁岭西","province":"辽宁","city":"铁岭","tier":"regional-hub","sourceCount":0,"source":"csv"},"geometry":{"type":"Point","coordinates":[123.66771,42.230385]}},{"type":"Feature","properties":{"id":"st-2469","name":"铁岭","province":"辽宁","city":"铁岭","tier":"local","sourceCount":0,"source":"csv"},"geometry":{"type":"Point","coordinates":[123.831074,42.291331]}},{"type":"Feature","properties":{"id":"st-2470","name":"瓦房店","province":"辽宁","city":"大连","tier":"local","sourceCount":1,"source":"csv"},"geometry":{"type":"Point","coordinates":[122.002608,39.624321]}},{"type":"Feature","properties":{"id":"st-2471","name":"瓦房店西","province":"辽宁","city":"大连","tier":"regional-hub","sourceCount":0,"source":"csv"},"geometry":{"type":"Point","coordinates":[121.832802,39.655779]}},{"type":"Feature","properties":{"id":"st-2472","name":"松树","province":"辽宁","city":"大连","tier":"local","sourceCount":0,"source":"csv"},"geometry":{"type":"Point","coordinates":[122.092613,39.824675]}},{"type":"Feature","properties":{"id":"st-2473","name":"许家屯","province":"辽宁","city":"大连","tier":"local","sourceCount":0,"source":"csv"},"geometry":{"type":"Point","coordinates":[122.075793,40.038993]}},{"type":"Feature","properties":{"id":"st-2474","name":"天德泉","province":"辽宁","city":"大连","tier":"local","sourceCount":0,"source":"csv"},"geometry":{"type":"Point","coordinates":[124.738953,43.066491]}},{"type":"Feature","properties":{"id":"st-2475","name":"西丰","province":"辽宁","city":"铁岭","tier":"local","sourceCount":1,"source":"csv"},"geometry":{"type":"Point","coordinates":[124.701289,42.732036]}},{"type":"Feature","properties":{"id":"st-2476","name":"大红旗","province":"辽宁","city":"沈阳","tier":"local","sourceCount":0,"source":"csv"},"geometry":{"type":"Point","coordinates":[122.608422,41.871941]}},{"type":"Feature","properties":{"id":"st-2477","name":"罗家","province":"辽宁","city":"沈阳","tier":"local","sourceCount":0,"source":"csv"},"geometry":{"type":"Point","coordinates":[122.779964,42.04304]}},{"type":"Feature","properties":{"id":"st-2478","name":"兴隆店","province":"辽宁","city":"沈阳","tier":"local","sourceCount":0,"source":"csv"},"geometry":{"type":"Point","coordinates":[123.050934,41.978731]}},{"type":"Feature","properties":{"id":"st-2479","name":"新民","province":"辽宁","city":"沈阳","tier":"local","sourceCount":0,"source":"csv"},"geometry":{"type":"Point","coordinates":[122.812736,41.999601]}},{"type":"Feature","properties":{"id":"st-2480","name":"大甸","province":"辽宁","city":"沈阳","tier":"local","sourceCount":0,"source":"csv"},"geometry":{"type":"Point","coordinates":[120.647469,40.581979]}},{"type":"Feature","properties":{"id":"st-2481","name":"东辛庄","province":"辽宁","city":"葫芦岛","tier":"local","sourceCount":0,"source":"csv"},"geometry":{"type":"Point","coordinates":[120.447915,40.359227]}},{"type":"Feature","properties":{"id":"st-2482","name":"串子沟","province":"辽宁","city":"葫芦岛","tier":"local","sourceCount":0,"source":"csv"},"geometry":{"type":"Point","coordinates":[120.422455,40.726658]}},{"type":"Feature","properties":{"id":"st-2483","name":"郭家屯","province":"辽宁","city":"葫芦岛","tier":"local","sourceCount":0,"source":"csv"},"geometry":{"type":"Point","coordinates":[120.528169,40.73688]}},{"type":"Feature","properties":{"id":"st-2484","name":"刘屯","province":"辽宁","city":"葫芦岛","tier":"local","sourceCount":0,"source":"csv"},"geometry":{"type":"Point","coordinates":[120.472144,40.739192]}},{"type":"Feature","properties":{"id":"st-2485","name":"兴城","province":"辽宁","city":"葫芦岛","tier":"local","sourceCount":0,"source":"csv"},"geometry":{"type":"Point","coordinates":[120.696655,40.621924]}},{"type":"Feature","properties":{"id":"st-2486","name":"沙后所","province":"辽宁","city":"葫芦岛","tier":"local","sourceCount":0,"source":"csv"},"geometry":{"type":"Point","coordinates":[120.549292,40.476174]}},{"type":"Feature","properties":{"id":"st-2487","name":"大徐屯","province":"辽宁","city":"葫芦岛","tier":"local","sourceCount":0,"source":"csv"},"geometry":{"type":"Point","coordinates":[120.319454,40.726365]}},{"type":"Feature","properties":{"id":"st-2488","name":"鲅鱼圈","province":"辽宁","city":"营口","tier":"local","sourceCount":0,"source":"csv"},"geometry":{"type":"Point","coordinates":[122.088954,40.186382]}},{"type":"Feature","properties":{"id":"st-2489","name":"熊岳城","province":"辽宁","city":"营口","tier":"local","sourceCount":0,"source":"csv"},"geometry":{"type":"Point","coordinates":[122.142428,40.179823]}},{"type":"Feature","properties":{"id":"st-2490","name":"营口东","province":"辽宁","city":"营口","tier":"regional-hub","sourceCount":1,"source":"csv"},"geometry":{"type":"Point","coordinates":[122.423,40.622806]}},{"type":"Feature","properties":{"id":"st-2491","name":"老边","province":"辽宁","city":"营口","tier":"local","sourceCount":0,"source":"csv"},"geometry":{"type":"Point","coordinates":[122.364056,40.671276]}},{"type":"Feature","properties":{"id":"st-2492","name":"营口","province":"辽宁","city":"营口","tier":"local","sourceCount":2,"source":"csv"},"geometry":{"type":"Point","coordinates":[122.259814,40.684236]}},{"type":"Feature","properties":{"id":"st-2493","name":"四道湾","province":"内蒙古自治区","city":"赤峰","tier":"local","sourceCount":0,"source":"csv"},"geometry":{"type":"Point","coordinates":[119.634093,42.481465]}},{"type":"Feature","properties":{"id":"st-2494","name":"白狼","province":"内蒙古自治区","city":"兴安盟","tier":"local","sourceCount":0,"source":"csv"},"geometry":{"type":"Point","coordinates":[120.094707,47.047259]}},{"type":"Feature","properties":{"id":"st-2495","name":"五叉沟","province":"内蒙古自治区","city":"兴安盟","tier":"local","sourceCount":0,"source":"csv"},"geometry":{"type":"Point","coordinates":[120.312931,46.768363]}},{"type":"Feature","properties":{"id":"st-2496","name":"北兴安","province":"内蒙古自治区","city":"兴安盟","tier":"local","sourceCount":0,"source":"csv"},"geometry":{"type":"Point","coordinates":[120.02988,47.110567]}},{"type":"Feature","properties":{"id":"st-2497","name":"南兴安","province":"内蒙古自治区","city":"兴安盟","tier":"local","sourceCount":0,"source":"csv"},"geometry":{"type":"Point","coordinates":[120.089879,47.136662]}},{"type":"Feature","properties":{"id":"st-2498","name":"伊尔施","province":"内蒙古自治区","city":"兴安盟","tier":"local","sourceCount":0,"source":"csv"},"geometry":{"type":"Point","coordinates":[119.83244,47.287579]}},{"type":"Feature","properties":{"id":"st-2499","name":"莲花山","province":"内蒙古自治区","city":"赤峰","tier":"local","sourceCount":0,"source":"csv"},"geometry":{"type":"Point","coordinates":[119.729468,42.576906]}},{"type":"Feature","properties":{"id":"st-2500","name":"孤山子","province":"内蒙古自治区","city":"赤峰","tier":"local","sourceCount":0,"source":"csv"},"geometry":{"type":"Point","coordinates":[119.293848,41.641556]}},{"type":"Feature","properties":{"id":"st-2501","name":"敖汉","province":"内蒙古自治区","city":"赤峰","tier":"local","sourceCount":0,"source":"csv"},"geometry":{"type":"Point","coordinates":[119.995244,42.637115]}},{"type":"Feature","properties":{"id":"st-2502","name":"新窝铺","province":"内蒙古自治区","city":"赤峰","tier":"local","sourceCount":0,"source":"csv"},"geometry":{"type":"Point","coordinates":[120.39391,42.711462]}},{"type":"Feature","properties":{"id":"st-2503","name":"小河沿","province":"内蒙古自治区","city":"赤峰","tier":"local","sourceCount":0,"source":"csv"},"geometry":{"type":"Point","coordinates":[119.542349,42.396548]}},{"type":"Feature","properties":{"id":"st-2504","name":"三义井","province":"内蒙古自治区","city":"赤峰","tier":"local","sourceCount":0,"source":"csv"},"geometry":{"type":"Point","coordinates":[120.245407,42.698688]}},{"type":"Feature","properties":{"id":"st-2505","name":"羊场","province":"内蒙古自治区","city":"赤峰","tier":"local","sourceCount":0,"source":"csv"},"geometry":{"type":"Point","coordinates":[119.995244,42.637115]}},{"type":"Feature","properties":{"id":"st-2506","name":"三把火","province":"内蒙古自治区","city":"赤峰","tier":"local","sourceCount":0,"source":"csv"},"geometry":{"type":"Point","coordinates":[118.672044,42.294481]}},{"type":"Feature","properties":{"id":"st-2507","name":"曹家营子","province":"内蒙古自治区","city":"包头","tier":"local","sourceCount":0,"source":"csv"},"geometry":{"type":"Point","coordinates":[109.84448,40.623489]}},{"type":"Feature","properties":{"id":"st-2508","name":"赤峰东","province":"内蒙古自治区","city":"包头","tier":"regional-hub","sourceCount":0,"source":"csv"},"geometry":{"type":"Point","coordinates":[119.033461,42.281708]}},{"type":"Feature","properties":{"id":"st-2509","name":"东南营子","province":"内蒙古自治区","city":"包头","tier":"local","sourceCount":0,"source":"csv"},"geometry":{"type":"Point","coordinates":[119.131418,42.297953]}},{"type":"Feature","properties":{"id":"st-2510","name":"赤峰","province":"内蒙古自治区","city":"赤峰","tier":"regional-hub","sourceCount":14,"source":"csv"},"geometry":{"type":"Point","coordinates":[118.953314,42.254938]}},{"type":"Feature","properties":{"id":"st-2511","name":"平庄南","province":"内蒙古自治区","city":"赤峰","tier":"regional-hub","sourceCount":0,"source":"csv"},"geometry":{"type":"Point","coordinates":[119.250255,41.978921]}},{"type":"Feature","properties":{"id":"st-2512","name":"乃林","province":"内蒙古自治区","city":"赤峰","tier":"local","sourceCount":0,"source":"csv"},"geometry":{"type":"Point","coordinates":[119.273102,41.910336]}},{"type":"Feature","properties":{"id":"st-2513","name":"五十家子","province":"内蒙古自治区","city":"赤峰","tier":"local","sourceCount":0,"source":"csv"},"geometry":{"type":"Point","coordinates":[118.157933,42.08974]}},{"type":"Feature","properties":{"id":"st-2514","name":"赤峰西","province":"内蒙古自治区","city":"赤峰","tier":"regional-hub","sourceCount":0,"source":"csv"},"geometry":{"type":"Point","coordinates":[118.896142,42.274174]}},{"type":"Feature","properties":{"id":"st-2515","name":"天义","province":"内蒙古自治区","city":"赤峰","tier":"local","sourceCount":0,"source":"csv"},"geometry":{"type":"Point","coordinates":[119.331365,41.593018]}},{"type":"Feature","properties":{"id":"st-2516","name":"二龙","province":"内蒙古自治区","city":"赤峰","tier":"local","sourceCount":0,"source":"csv"},"geometry":{"type":"Point","coordinates":[119.270436,41.696432]}},{"type":"Feature","properties":{"id":"st-2517","name":"汐子","province":"内蒙古自治区","city":"赤峰","tier":"local","sourceCount":0,"source":"csv"},"geometry":{"type":"Point","coordinates":[119.261516,41.790089]}},{"type":"Feature","properties":{"id":"st-2518","name":"安庆沟","province":"内蒙古自治区","city":"赤峰","tier":"local","sourceCount":0,"source":"csv"},"geometry":{"type":"Point","coordinates":[119.328064,42.400923]}},{"type":"Feature","properties":{"id":"st-2519","name":"老府","province":"内蒙古自治区","city":"赤峰","tier":"local","sourceCount":0,"source":"csv"},"geometry":{"type":"Point","coordinates":[118.266436,42.188213]}},{"type":"Feature","properties":{"id":"st-2520","name":"杨家营","province":"内蒙古自治区","city":"赤峰","tier":"local","sourceCount":0,"source":"csv"},"geometry":{"type":"Point","coordinates":[118.241794,42.139931]}},{"type":"Feature","properties":{"id":"st-2521","name":"中台子","province":"内蒙古自治区","city":"赤峰","tier":"local","sourceCount":0,"source":"csv"},"geometry":{"type":"Point","coordinates":[118.356629,42.210402]}},{"type":"Feature","properties":{"id":"st-2522","name":"北台子","province":"内蒙古自治区","city":"赤峰","tier":"local","sourceCount":0,"source":"csv"},"geometry":{"type":"Point","coordinates":[118.822613,42.288153]}},{"type":"Feature","properties":{"id":"st-2523","name":"红花沟","province":"内蒙古自治区","city":"赤峰","tier":"local","sourceCount":0,"source":"csv"},"geometry":{"type":"Point","coordinates":[118.628489,42.242901]}},{"type":"Feature","properties":{"id":"st-2524","name":"牛家营子","province":"内蒙古自治区","city":"赤峰","tier":"local","sourceCount":0,"source":"csv"},"geometry":{"type":"Point","coordinates":[118.444188,42.215977]}},{"type":"Feature","properties":{"id":"st-2525","name":"水地","province":"内蒙古自治区","city":"赤峰","tier":"local","sourceCount":0,"source":"csv"},"geometry":{"type":"Point","coordinates":[119.15756,42.350171]}},{"type":"Feature","properties":{"id":"st-2526","name":"风水沟","province":"内蒙古自治区","city":"赤峰","tier":"local","sourceCount":0,"source":"csv"},"geometry":{"type":"Point","coordinates":[119.405336,42.342966]}},{"type":"Feature","properties":{"id":"st-2527","name":"山湾子","province":"内蒙古自治区","city":"赤峰","tier":"local","sourceCount":0,"source":"csv"},"geometry":{"type":"Point","coordinates":[119.435863,42.351247]}},{"type":"Feature","properties":{"id":"st-2528","name":"热水","province":"内蒙古自治区","city":"赤峰","tier":"local","sourceCount":0,"source":"csv"},"geometry":{"type":"Point","coordinates":[117.689695,43.475477]}},{"type":"Feature","properties":{"id":"st-2529","name":"平庄","province":"内蒙古自治区","city":"赤峰","tier":"local","sourceCount":0,"source":"csv"},"geometry":{"type":"Point","coordinates":[119.299245,42.038834]}},{"type":"Feature","properties":{"id":"st-2530","name":"马林","province":"内蒙古自治区","city":"赤峰","tier":"local","sourceCount":0,"source":"csv"},"geometry":{"type":"Point","coordinates":[119.178214,42.272395]}},{"type":"Feature","properties":{"id":"st-2531","name":"元宝山","province":"内蒙古自治区","city":"赤峰","tier":"local","sourceCount":0,"source":"csv"},"geometry":{"type":"Point","coordinates":[119.235592,42.232469]}},{"type":"Feature","properties":{"id":"st-2532","name":"霍林郭勒","province":"内蒙古自治区","city":"通辽","tier":"regional-hub","sourceCount":4,"source":"csv"},"geometry":{"type":"Point","coordinates":[119.662756,45.53221]}},{"type":"Feature","properties":{"id":"st-2533","name":"扎鲁特","province":"内蒙古自治区","city":"通辽","tier":"local","sourceCount":0,"source":"csv"},"geometry":{"type":"Point","coordinates":[121.23307,44.649282]}},{"type":"Feature","properties":{"id":"st-2534","name":"布敦化","province":"内蒙古自治区","city":"兴安盟","tier":"local","sourceCount":0,"source":"csv"},"geometry":{"type":"Point","coordinates":[121.441884,44.969555]}},{"type":"Feature","properties":{"id":"st-2535","name":"毛告吐","province":"内蒙古自治区","city":"通辽","tier":"local","sourceCount":0,"source":"csv"},"geometry":{"type":"Point","coordinates":[121.572215,44.310691]}},{"type":"Feature","properties":{"id":"st-2536","name":"舍伯吐","province":"内蒙古自治区","city":"通辽","tier":"local","sourceCount":0,"source":"csv"},"geometry":{"type":"Point","coordinates":[121.957465,44.020951]}},{"type":"Feature","properties":{"id":"st-2537","name":"大罕","province":"内蒙古自治区","city":"通辽","tier":"local","sourceCount":0,"source":"csv"},"geometry":{"type":"Point","coordinates":[122.946505,43.692103]}},{"type":"Feature","properties":{"id":"st-2538","name":"大林","province":"内蒙古自治区","city":"通辽","tier":"local","sourceCount":0,"source":"csv"},"geometry":{"type":"Point","coordinates":[122.802461,43.714125]}},{"type":"Feature","properties":{"id":"st-2539","name":"奈曼","province":"内蒙古自治区","city":"通辽","tier":"local","sourceCount":0,"source":"csv"},"geometry":{"type":"Point","coordinates":[120.670926,42.839104]}},{"type":"Feature","properties":{"id":"st-2540","name":"昆都庙","province":"内蒙古自治区","city":"通辽","tier":"local","sourceCount":0,"source":"csv"},"geometry":{"type":"Point","coordinates":[122.179771,43.675383]}},{"type":"Feature","properties":{"id":"st-2541","name":"高林屯","province":"内蒙古自治区","city":"通辽","tier":"local","sourceCount":0,"source":"csv"},"geometry":{"type":"Point","coordinates":[122.545875,43.868464]}},{"type":"Feature","properties":{"id":"st-2542","name":"珠斯花","province":"内蒙古自治区","city":"通辽","tier":"local","sourceCount":0,"source":"csv"},"geometry":{"type":"Point","coordinates":[119.671255,45.562164]}},{"type":"Feature","properties":{"id":"st-2543","name":"乌斯土","province":"内蒙古自治区","city":"通辽","tier":"local","sourceCount":0,"source":"csv"},"geometry":{"type":"Point","coordinates":[122.686178,43.714062]}},{"type":"Feature","properties":{"id":"st-2544","name":"东来","province":"内蒙古自治区","city":"通辽","tier":"local","sourceCount":0,"source":"csv"},"geometry":{"type":"Point","coordinates":[121.636538,43.387704]}},{"type":"Feature","properties":{"id":"st-2545","name":"通辽北","province":"内蒙古自治区","city":"通辽","tier":"regional-hub","sourceCount":0,"source":"csv"},"geometry":{"type":"Point","coordinates":[122.191379,43.614734]}},{"type":"Feature","properties":{"id":"st-2546","name":"通辽","province":"内蒙古自治区","city":"通辽","tier":"regional-hub","sourceCount":36,"source":"csv"},"geometry":{"type":"Point","coordinates":[122.265606,43.6028]}},{"type":"Feature","properties":{"id":"st-2547","name":"余粮堡","province":"内蒙古自治区","city":"通辽","tier":"local","sourceCount":0,"source":"csv"},"geometry":{"type":"Point","coordinates":[121.963359,43.437791]}},{"type":"Feature","properties":{"id":"st-2548","name":"西六方","province":"内蒙古自治区","city":"通辽","tier":"local","sourceCount":0,"source":"csv"},"geometry":{"type":"Point","coordinates":[122.075628,43.484048]}},{"type":"Feature","properties":{"id":"st-2549","name":"大青沟","province":"内蒙古自治区","city":"通辽","tier":"local","sourceCount":0,"source":"csv"},"geometry":{"type":"Point","coordinates":[122.182151,42.822391]}},{"type":"Feature","properties":{"id":"st-2550","name":"甘旗卡","province":"内蒙古自治区","city":"通辽","tier":"local","sourceCount":0,"source":"csv"},"geometry":{"type":"Point","coordinates":[122.350231,42.956163]}},{"type":"Feature","properties":{"id":"st-2551","name":"金宝屯","province":"内蒙古自治区","city":"通辽","tier":"local","sourceCount":0,"source":"csv"},"geometry":{"type":"Point","coordinates":[123.57159,43.38061]}},{"type":"Feature","properties":{"id":"st-2552","name":"宝龙山","province":"内蒙古自治区","city":"通辽","tier":"local","sourceCount":0,"source":"csv"},"geometry":{"type":"Point","coordinates":[122.734671,44.028569]}},{"type":"Feature","properties":{"id":"st-2553","name":"保康","province":"内蒙古自治区","city":"通辽","tier":"local","sourceCount":0,"source":"csv"},"geometry":{"type":"Point","coordinates":[123.320518,44.125931]}},{"type":"Feature","properties":{"id":"st-2554","name":"敖力布告","province":"内蒙古自治区","city":"通辽","tier":"local","sourceCount":0,"source":"csv"},"geometry":{"type":"Point","coordinates":[123.017757,44.24154]}},{"type":"Feature","properties":{"id":"st-2555","name":"门达","province":"内蒙古自治区","city":"通辽","tier":"local","sourceCount":0,"source":"csv"},"geometry":{"type":"Point","coordinates":[123.106789,43.648385]}},{"type":"Feature","properties":{"id":"st-2556","name":"库伦","province":"内蒙古自治区","city":"通辽","tier":"regional-hub","sourceCount":4,"source":"csv"},"geometry":{"type":"Point","coordinates":[121.805651,42.721319]}},{"type":"Feature","properties":{"id":"st-2557","name":"三家子","province":"内蒙古自治区","city":"通辽","tier":"local","sourceCount":0,"source":"csv"},"geometry":{"type":"Point","coordinates":[121.924938,42.761578]}},{"type":"Feature","properties":{"id":"st-2558","name":"欧里","province":"内蒙古自治区","city":"通辽","tier":"local","sourceCount":0,"source":"csv"},"geometry":{"type":"Point","coordinates":[123.228345,43.591963]}},{"type":"Feature","properties":{"id":"st-2559","name":"木里图","province":"内蒙古自治区","city":"通辽","tier":"local","sourceCount":0,"source":"csv"},"geometry":{"type":"Point","coordinates":[122.211278,43.46979]}},{"type":"Feature","properties":{"id":"st-2560","name":"昂乃","province":"内蒙古自治区","city":"通辽","tier":"local","sourceCount":0,"source":"csv"},"geometry":{"type":"Point","coordinates":[120.75447,42.98726]}},{"type":"Feature","properties":{"id":"st-2561","name":"八仙筒","province":"内蒙古自治区","city":"通辽","tier":"local","sourceCount":0,"source":"csv"},"geometry":{"type":"Point","coordinates":[121.05704,43.199597]}},{"type":"Feature","properties":{"id":"st-2562","name":"黄花筒","province":"内蒙古自治区","city":"通辽","tier":"local","sourceCount":0,"source":"csv"},"geometry":{"type":"Point","coordinates":[120.953419,43.146064]}},{"type":"Feature","properties":{"id":"st-2563","name":"白音他拉","province":"内蒙古自治区","city":"通辽","tier":"local","sourceCount":0,"source":"csv"},"geometry":{"type":"Point","coordinates":[120.827843,43.070972]}},{"type":"Feature","properties":{"id":"st-2564","name":"舍力虎","province":"内蒙古自治区","city":"通辽","tier":"local","sourceCount":0,"source":"csv"},"geometry":{"type":"Point","coordinates":[120.650222,42.743331]}},{"type":"Feature","properties":{"id":"st-2565","name":"东明村","province":"内蒙古自治区","city":"通辽","tier":"local","sourceCount":0,"source":"csv"},"geometry":{"type":"Point","coordinates":[121.222668,43.270808]}},{"type":"Feature","properties":{"id":"st-2566","name":"敖来","province":"内蒙古自治区","city":"通辽","tier":"local","sourceCount":0,"source":"csv"},"geometry":{"type":"Point","coordinates":[121.174244,43.255052]}},{"type":"Feature","properties":{"id":"st-2567","name":"嘎什甸子","province":"内蒙古自治区","city":"通辽","tier":"local","sourceCount":0,"source":"csv"},"geometry":{"type":"Point","coordinates":[121.351592,43.308863]}},{"type":"Feature","properties":{"id":"st-2568","name":"四合","province":"内蒙古自治区","city":"通辽","tier":"local","sourceCount":0,"source":"csv"},"geometry":{"type":"Point","coordinates":[120.523292,42.718385]}},{"type":"Feature","properties":{"id":"st-2569","name":"治安","province":"内蒙古自治区","city":"通辽","tier":"local","sourceCount":0,"source":"csv"},"geometry":{"type":"Point","coordinates":[121.503488,43.347889]}},{"type":"Feature","properties":{"id":"st-2570","name":"钱家店","province":"内蒙古自治区","city":"通辽","tier":"local","sourceCount":0,"source":"csv"},"geometry":{"type":"Point","coordinates":[122.511712,43.712304]}},{"type":"Feature","properties":{"id":"st-2571","name":"双泡子","province":"内蒙古自治区","city":"通辽","tier":"local","sourceCount":0,"source":"csv"},"geometry":{"type":"Point","coordinates":[122.163302,43.715256]}},{"type":"Feature","properties":{"id":"st-2572","name":"太平庄","province":"内蒙古自治区","city":"通辽","tier":"local","sourceCount":0,"source":"csv"},"geometry":{"type":"Point","coordinates":[121.858311,43.417848]}},{"type":"Feature","properties":{"id":"st-2573","name":"瓦房","province":"内蒙古自治区","city":"通辽","tier":"local","sourceCount":0,"source":"csv"},"geometry":{"type":"Point","coordinates":[121.737292,43.40706]}},{"type":"Feature","properties":{"id":"st-2574","name":"云端","province":"内蒙古自治区","city":"通辽","tier":"local","sourceCount":0,"source":"csv"},"geometry":{"type":"Point","coordinates":[119.827516,45.560926]}},{"type":"Feature","properties":{"id":"st-2575","name":"阿尔山","province":"内蒙古自治区","city":"兴安盟","tier":"regional-hub","sourceCount":4,"source":"csv"},"geometry":{"type":"Point","coordinates":[119.941694,47.1703]}},{"type":"Feature","properties":{"id":"st-2576","name":"西口","province":"内蒙古自治区","city":"兴安盟","tier":"local","sourceCount":0,"source":"csv"},"geometry":{"type":"Point","coordinates":[120.689223,46.705631]}},{"type":"Feature","properties":{"id":"st-2577","name":"牛汾台","province":"内蒙古自治区","city":"兴安盟","tier":"local","sourceCount":0,"source":"csv"},"geometry":{"type":"Point","coordinates":[120.241428,46.87176]}},{"type":"Feature","properties":{"id":"st-2578","name":"葛根庙","province":"内蒙古自治区","city":"兴安盟","tier":"local","sourceCount":0,"source":"csv"},"geometry":{"type":"Point","coordinates":[122.299343,45.893797]}},{"type":"Feature","properties":{"id":"st-2579","name":"白海","province":"内蒙古自治区","city":"兴安盟","tier":"local","sourceCount":0,"source":"csv"},"geometry":{"type":"Point","coordinates":[121.048127,46.659249]}},{"type":"Feature","properties":{"id":"st-2580","name":"白音胡硕","province":"内蒙古自治区","city":"兴安盟","tier":"local","sourceCount":0,"source":"csv"},"geometry":{"type":"Point","coordinates":[121.435775,45.013955]}},{"type":"Feature","properties":{"id":"st-2581","name":"大石寨","province":"内蒙古自治区","city":"兴安盟","tier":"local","sourceCount":0,"source":"csv"},"geometry":{"type":"Point","coordinates":[121.383986,46.316146]}},{"type":"Feature","properties":{"id":"st-2582","name":"德伯斯","province":"内蒙古自治区","city":"兴安盟","tier":"local","sourceCount":0,"source":"csv"},"geometry":{"type":"Point","coordinates":[121.363578,46.496492]}},{"type":"Feature","properties":{"id":"st-2583","name":"归流河","province":"内蒙古自治区","city":"兴安盟","tier":"local","sourceCount":0,"source":"csv"},"geometry":{"type":"Point","coordinates":[121.726382,46.198417]}},{"type":"Feature","properties":{"id":"st-2584","name":"哈拉黑","province":"内蒙古自治区","city":"兴安盟","tier":"local","sourceCount":0,"source":"csv"},"geometry":{"type":"Point","coordinates":[121.519117,46.213596]}},{"type":"Feature","properties":{"id":"st-2585","name":"索伦","province":"内蒙古自治区","city":"兴安盟","tier":"local","sourceCount":0,"source":"csv"},"geometry":{"type":"Point","coordinates":[121.235983,46.601129]}},{"type":"Feature","properties":{"id":"st-2586","name":"西哲里木","province":"内蒙古自治区","city":"兴安盟","tier":"local","sourceCount":0,"source":"csv"},"geometry":{"type":"Point","coordinates":[120.596845,45.550366]}},{"type":"Feature","properties":{"id":"st-2587","name":"杜尔基","province":"内蒙古自治区","city":"兴安盟","tier":"local","sourceCount":0,"source":"csv"},"geometry":{"type":"Point","coordinates":[121.193085,45.237781]}},{"type":"Feature","properties":{"id":"st-2588","name":"哈日努拉","province":"内蒙古自治区","city":"兴安盟","tier":"local","sourceCount":0,"source":"csv"},"geometry":{"type":"Point","coordinates":[120.056486,45.619682]}},{"type":"Feature","properties":{"id":"st-2589","name":"吐列毛杜","province":"内蒙古自治区","city":"兴安盟","tier":"local","sourceCount":0,"source":"csv"},"geometry":{"type":"Point","coordinates":[120.882146,45.535904]}},{"type":"Feature","properties":{"id":"st-2590","name":"宁家","province":"内蒙古自治区","city":"兴安盟","tier":"local","sourceCount":0,"source":"csv"},"geometry":{"type":"Point","coordinates":[122.162352,45.983159]}},{"type":"Feature","properties":{"id":"st-2591","name":"卫东","province":"内蒙古自治区","city":"兴安盟","tier":"regional-hub","sourceCount":0,"source":"csv"},"geometry":{"type":"Point","coordinates":[122.234155,45.927774]}},{"type":"Feature","properties":{"id":"st-2592","name":"湖南","province":"内蒙古自治区","city":"兴安盟","tier":"regional-hub","sourceCount":0,"source":"csv"},"geometry":{"type":"Point","coordinates":[121.911337,46.161226]}},{"type":"Feature","properties":{"id":"st-2593","name":"乌兰浩特","province":"内蒙古自治区","city":"兴安盟","tier":"regional-hub","sourceCount":17,"source":"csv"},"geometry":{"type":"Point","coordinates":[122.057092,46.069025]}},{"type":"Feature","properties":{"id":"st-2594","name":"四分地","province":"内蒙古自治区","city":"赤峰","tier":"local","sourceCount":0,"source":"csv"},"geometry":{"type":"Point","coordinates":[118.550618,42.225047]}},{"type":"Feature","properties":{"id":"st-2595","name":"新城子","province":"辽宁","city":"沈阳","tier":"local","sourceCount":0,"source":"csv"},"geometry":{"type":"Point","coordinates":[123.502141,42.04921]}},{"type":"Feature","properties":{"id":"st-2596","name":"大同","province":"山西","city":"大同","tier":"regional-hub","sourceCount":19,"source":"csv"},"geometry":{"type":"Point","coordinates":[113.296105,40.119055]}},{"type":"Feature","properties":{"id":"st-2597","name":"周士庄","province":"山西","city":"大同","tier":"local","sourceCount":0,"source":"csv"},"geometry":{"type":"Point","coordinates":[113.459143,40.114852]}},{"type":"Feature","properties":{"id":"st-2598","name":"平型关","province":"山西","city":"大同","tier":"local","sourceCount":0,"source":"csv"},"geometry":{"type":"Point","coordinates":[113.942129,39.33066]}},{"type":"Feature","properties":{"id":"st-2599","name":"灵丘","province":"山西","city":"大同","tier":"local","sourceCount":1,"source":"csv"},"geometry":{"type":"Point","coordinates":[114.216233,39.460786]}},{"type":"Feature","properties":{"id":"st-2600","name":"平旺","province":"山西","city":"大同","tier":"local","sourceCount":0,"source":"csv"},"geometry":{"type":"Point","coordinates":[113.211617,40.067662]}},{"type":"Feature","properties":{"id":"st-2601","name":"大同东","province":"山西","city":"大同","tier":"regional-hub","sourceCount":0,"source":"csv"},"geometry":{"type":"Point","coordinates":[113.356261,40.112628]}},{"type":"Feature","properties":{"id":"st-2602","name":"永嘉堡","province":"山西","city":"大同","tier":"local","sourceCount":0,"source":"csv"},"geometry":{"type":"Point","coordinates":[114.215157,40.527676]}},{"type":"Feature","properties":{"id":"st-2603","name":"下社","province":"山西","city":"忻州","tier":"local","sourceCount":0,"source":"csv"},"geometry":{"type":"Point","coordinates":[113.171384,39.148846]}},{"type":"Feature","properties":{"id":"st-2604","name":"代县","province":"山西","city":"忻州","tier":"local","sourceCount":0,"source":"csv"},"geometry":{"type":"Point","coordinates":[112.977642,39.07621]}},{"type":"Feature","properties":{"id":"st-2605","name":"河边","province":"山西","city":"忻州","tier":"local","sourceCount":1,"source":"csv"},"geometry":{"type":"Point","coordinates":[113.098572,38.605051]}},{"type":"Feature","properties":{"id":"st-2606","name":"定襄","province":"山西","city":"忻州","tier":"local","sourceCount":0,"source":"csv"},"geometry":{"type":"Point","coordinates":[112.953875,38.478601]}},{"type":"Feature","properties":{"id":"st-2607","name":"大营","province":"山西","city":"忻州","tier":"local","sourceCount":0,"source":"csv"},"geometry":{"type":"Point","coordinates":[113.726195,39.285351]}},{"type":"Feature","properties":{"id":"st-2608","name":"五台山","province":"山西","city":"忻州","tier":"local","sourceCount":0,"source":"csv"},"geometry":{"type":"Point","coordinates":[113.559846,39.264303]}},{"type":"Feature","properties":{"id":"st-2609","name":"繁峙","province":"山西","city":"忻州","tier":"local","sourceCount":0,"source":"csv"},"geometry":{"type":"Point","coordinates":[113.267238,39.16456]}},{"type":"Feature","properties":{"id":"st-2610","name":"汾阳","province":"山西","city":"吕梁","tier":"local","sourceCount":0,"source":"csv"},"geometry":{"type":"Point","coordinates":[111.910914,37.37238]}},{"type":"Feature","properties":{"id":"st-2611","name":"古东","province":"山西","city":"太原","tier":"regional-hub","sourceCount":0,"source":"csv"},"geometry":{"type":"Point","coordinates":[112.230621,37.926337]}},{"type":"Feature","properties":{"id":"st-2612","name":"古交","province":"山西","city":"太原","tier":"local","sourceCount":0,"source":"csv"},"geometry":{"type":"Point","coordinates":[112.158089,37.916759]}},{"type":"Feature","properties":{"id":"st-2613","name":"镇城底","province":"山西","city":"太原","tier":"local","sourceCount":0,"source":"csv"},"geometry":{"type":"Point","coordinates":[112.062471,37.958095]}},{"type":"Feature","properties":{"id":"st-2614","name":"河津","province":"山西","city":"运城","tier":"local","sourceCount":0,"source":"csv"},"geometry":{"type":"Point","coordinates":[110.720133,35.58808]}},{"type":"Feature","properties":{"id":"st-2615","name":"洪洞","province":"山西","city":"临汾","tier":"local","sourceCount":0,"source":"csv"},"geometry":{"type":"Point","coordinates":[111.665544,36.262043]}},{"type":"Feature","properties":{"id":"st-2616","name":"洪洞西","province":"山西","city":"临汾","tier":"regional-hub","sourceCount":1,"source":"csv"},"geometry":{"type":"Point","coordinates":[111.57513,36.254049]}},{"type":"Feature","properties":{"id":"st-2617","name":"赵城","province":"山西","city":"临汾","tier":"local","sourceCount":0,"source":"csv"},"geometry":{"type":"Point","coordinates":[111.692898,36.38131]}},{"type":"Feature","properties":{"id":"st-2618","name":"侯马西","province":"山西","city":"临汾","tier":"regional-hub","sourceCount":0,"source":"csv"},"geometry":{"type":"Point","coordinates":[111.282082,35.602101]}},{"type":"Feature","properties":{"id":"st-2619","name":"侯马","province":"山西","city":"临汾","tier":"local","sourceCount":1,"source":"csv"},"geometry":{"type":"Point","coordinates":[111.352145,35.613203]}},{"type":"Feature","properties":{"id":"st-2620","name":"霍州","province":"山西","city":"临汾","tier":"local","sourceCount":0,"source":"csv"},"geometry":{"type":"Point","coordinates":[111.712444,36.585491]}},{"type":"Feature","properties":{"id":"st-2621","name":"霍州东","province":"山西","city":"临汾","tier":"regional-hub","sourceCount":0,"source":"csv"},"geometry":{"type":"Point","coordinates":[111.831101,36.564282]}},{"type":"Feature","properties":{"id":"st-2622","name":"稷山","province":"山西","city":"运城","tier":"local","sourceCount":0,"source":"csv"},"geometry":{"type":"Point","coordinates":[110.989331,35.612513]}},{"type":"Feature","properties":{"id":"st-2623","name":"祁县东","province":"山西","city":"晋中","tier":"regional-hub","sourceCount":0,"source":"csv"},"geometry":{"type":"Point","coordinates":[112.350399,37.323386]}},{"type":"Feature","properties":{"id":"st-2624","name":"晋中","province":"山西","city":"晋中","tier":"local","sourceCount":0,"source":"csv"},"geometry":{"type":"Point","coordinates":[112.636183,37.685703]}},{"type":"Feature","properties":{"id":"st-2625","name":"榆次","province":"山西","city":"晋中","tier":"local","sourceCount":1,"source":"csv"},"geometry":{"type":"Point","coordinates":[112.724647,37.696396]}},{"type":"Feature","properties":{"id":"st-2626","name":"临汾","province":"山西","city":"临汾","tier":"regional-hub","sourceCount":10,"source":"csv"},"geometry":{"type":"Point","coordinates":[111.531052,36.087206]}},{"type":"Feature","properties":{"id":"st-2627","name":"临汾西","province":"山西","city":"临汾","tier":"regional-hub","sourceCount":2,"source":"csv"},"geometry":{"type":"Point","coordinates":[111.459406,36.101294]}},{"type":"Feature","properties":{"id":"st-2628","name":"灵石东","province":"山西","city":"晋中","tier":"regional-hub","sourceCount":0,"source":"csv"},"geometry":{"type":"Point","coordinates":[111.908195,36.879696]}},{"type":"Feature","properties":{"id":"st-2629","name":"交城","province":"山西","city":"吕梁","tier":"local","sourceCount":0,"source":"csv"},"geometry":{"type":"Point","coordinates":[112.189394,37.519274]}},{"type":"Feature","properties":{"id":"st-2630","name":"吕梁","province":"山西","city":"吕梁","tier":"local","sourceCount":2,"source":"csv"},"geometry":{"type":"Point","coordinates":[111.131474,37.567579]}},{"type":"Feature","properties":{"id":"st-2631","name":"柳林南","province":"山西","city":"吕梁","tier":"regional-hub","sourceCount":3,"source":"csv"},"geometry":{"type":"Point","coordinates":[110.925974,37.443478]}},{"type":"Feature","properties":{"id":"st-2632","name":"文水","province":"山西","city":"吕梁","tier":"local","sourceCount":0,"source":"csv"},"geometry":{"type":"Point","coordinates":[112.071027,37.438779]}},{"type":"Feature","properties":{"id":"st-2633","name":"平遥古城","province":"山西","city":"晋中","tier":"local","sourceCount":0,"source":"csv"},"geometry":{"type":"Point","coordinates":[112.143666,37.15492]}},{"type":"Feature","properties":{"id":"st-2634","name":"沁县","province":"山西","city":"长治","tier":"local","sourceCount":1,"source":"csv"},"geometry":{"type":"Point","coordinates":[112.698963,36.758616]}},{"type":"Feature","properties":{"id":"st-2635","name":"风陵渡","province":"山西","city":"运城","tier":"local","sourceCount":2,"source":"csv"},"geometry":{"type":"Point","coordinates":[110.305197,34.632839]}},{"type":"Feature","properties":{"id":"st-2636","name":"寿阳","province":"山西","city":"晋中","tier":"local","sourceCount":0,"source":"csv"},"geometry":{"type":"Point","coordinates":[113.183455,37.881933]}},{"type":"Feature","properties":{"id":"st-2637","name":"芦家庄","province":"山西","city":"晋中","tier":"local","sourceCount":0,"source":"csv"},"geometry":{"type":"Point","coordinates":[113.046823,37.735433]}},{"type":"Feature","properties":{"id":"st-2638","name":"怀仁","province":"山西","city":"朔州","tier":"local","sourceCount":0,"source":"csv"},"geometry":{"type":"Point","coordinates":[113.087785,39.826592]}},{"type":"Feature","properties":{"id":"st-2639","name":"金沙滩","province":"山西","city":"朔州","tier":"local","sourceCount":0,"source":"csv"},"geometry":{"type":"Point","coordinates":[112.906842,39.672653]}},{"type":"Feature","properties":{"id":"st-2640","name":"怀仁东","province":"山西","city":"朔州","tier":"regional-hub","sourceCount":4,"source":"csv"},"geometry":{"type":"Point","coordinates":[113.156472,39.791774]}},{"type":"Feature","properties":{"id":"st-2641","name":"岱岳","province":"山西","city":"朔州","tier":"local","sourceCount":0,"source":"csv"},"geometry":{"type":"Point","coordinates":[112.819752,39.516863]}},{"type":"Feature","properties":{"id":"st-2642","name":"山阴","province":"山西","city":"朔州","tier":"local","sourceCount":0,"source":"csv"},"geometry":{"type":"Point","coordinates":[112.933958,39.465599]}},{"type":"Feature","properties":{"id":"st-2643","name":"神头","province":"山西","city":"朔州","tier":"local","sourceCount":0,"source":"csv"},"geometry":{"type":"Point","coordinates":[112.550423,39.366358]}},{"type":"Feature","properties":{"id":"st-2644","name":"朔州","province":"山西","city":"朔州","tier":"local","sourceCount":3,"source":"csv"},"geometry":{"type":"Point","coordinates":[112.44161,39.31496]}},{"type":"Feature","properties":{"id":"st-2645","name":"应县","province":"山西","city":"朔州","tier":"local","sourceCount":0,"source":"csv"},"geometry":{"type":"Point","coordinates":[113.056497,39.624298]}},{"type":"Feature","properties":{"id":"st-2646","name":"太谷西","province":"山西","city":"晋中","tier":"regional-hub","sourceCount":0,"source":"csv"},"geometry":{"type":"Point","coordinates":[112.503108,37.447685]}},{"type":"Feature","properties":{"id":"st-2647","name":"太原北","province":"山西","city":"太原","tier":"national-hub","sourceCount":0,"source":"csv"},"geometry":{"type":"Point","coordinates":[112.559749,37.917476]}},{"type":"Feature","properties":{"id":"st-2648","name":"汾河","province":"山西","city":"太原","tier":"local","sourceCount":0,"source":"csv"},"geometry":{"type":"Point","coordinates":[112.530071,37.946599]}},{"type":"Feature","properties":{"id":"st-2649","name":"太原东","province":"山西","city":"太原","tier":"national-hub","sourceCount":0,"source":"csv"},"geometry":{"type":"Point","coordinates":[112.579647,37.884619]}},{"type":"Feature","properties":{"id":"st-2650","name":"太原","province":"山西","city":"太原","tier":"national-hub","sourceCount":46,"source":"csv"},"geometry":{"type":"Point","coordinates":[112.581385,37.860021]}},{"type":"Feature","properties":{"id":"st-2651","name":"清徐","province":"山西","city":"太原","tier":"local","sourceCount":0,"source":"csv"},"geometry":{"type":"Point","coordinates":[112.307235,37.556683]}},{"type":"Feature","properties":{"id":"st-2652","name":"北白","province":"山西","city":"太原","tier":"local","sourceCount":0,"source":"csv"},"geometry":{"type":"Point","coordinates":[112.648426,38.187838]}},{"type":"Feature","properties":{"id":"st-2653","name":"阳曲","province":"山西","city":"太原","tier":"local","sourceCount":0,"source":"csv"},"geometry":{"type":"Point","coordinates":[112.675403,38.057434]}},{"type":"Feature","properties":{"id":"st-2654","name":"东镇","province":"山西","city":"运城","tier":"local","sourceCount":0,"source":"csv"},"geometry":{"type":"Point","coordinates":[111.306085,35.427387]}},{"type":"Feature","properties":{"id":"st-2655","name":"闻喜西","province":"山西","city":"运城","tier":"regional-hub","sourceCount":1,"source":"csv"},"geometry":{"type":"Point","coordinates":[111.173549,35.337049]}},{"type":"Feature","properties":{"id":"st-2656","name":"闻喜","province":"山西","city":"运城","tier":"local","sourceCount":0,"source":"csv"},"geometry":{"type":"Point","coordinates":[111.210873,35.356566]}},{"type":"Feature","properties":{"id":"st-2657","name":"襄汾","province":"山西","city":"临汾","tier":"local","sourceCount":0,"source":"csv"},"geometry":{"type":"Point","coordinates":[111.435724,35.880037]}},{"type":"Feature","properties":{"id":"st-2658","name":"襄汾西","province":"山西","city":"临汾","tier":"regional-hub","sourceCount":0,"source":"csv"},"geometry":{"type":"Point","coordinates":[111.331083,35.838385]}},{"type":"Feature","properties":{"id":"st-2659","name":"太原南","province":"山西","city":"太原","tier":"national-hub","sourceCount":73,"source":"csv"},"geometry":{"type":"Point","coordinates":[112.604281,37.791281]}},{"type":"Feature","properties":{"id":"st-2660","name":"白壁关","province":"山西","city":"吕梁","tier":"local","sourceCount":0,"source":"csv"},"geometry":{"type":"Point","coordinates":[111.721695,37.149038]}},{"type":"Feature","properties":{"id":"st-2661","name":"阳泉曲","province":"山西","city":"阳泉","tier":"local","sourceCount":1,"source":"csv"},"geometry":{"type":"Point","coordinates":[113.580496,37.861881]}},{"type":"Feature","properties":{"id":"st-2662","name":"北义井","province":"山西","city":"忻州","tier":"local","sourceCount":0,"source":"csv"},"geometry":{"type":"Point","coordinates":[112.82774,38.457543]}},{"type":"Feature","properties":{"id":"st-2663","name":"蒋村","province":"山西","city":"忻州","tier":"local","sourceCount":0,"source":"csv"},"geometry":{"type":"Point","coordinates":[113.020953,38.532443]}},{"type":"Feature","properties":{"id":"st-2664","name":"秦家庄","province":"山西","city":"忻州","tier":"local","sourceCount":0,"source":"csv"},"geometry":{"type":"Point","coordinates":[111.652108,38.811326]}},{"type":"Feature","properties":{"id":"st-2665","name":"安塘","province":"山西","city":"忻州","tier":"local","sourceCount":0,"source":"csv"},"geometry":{"type":"Point","coordinates":[111.707642,38.820906]}},{"type":"Feature","properties":{"id":"st-2666","name":"岢岚","province":"山西","city":"忻州","tier":"local","sourceCount":2,"source":"csv"},"geometry":{"type":"Point","coordinates":[111.574474,38.718208]}},{"type":"Feature","properties":{"id":"st-2667","name":"神池","province":"山西","city":"忻州","tier":"local","sourceCount":0,"source":"csv"},"geometry":{"type":"Point","coordinates":[112.192409,39.082143]}},{"type":"Feature","properties":{"id":"st-2668","name":"宁武","province":"山西","city":"忻州","tier":"regional-hub","sourceCount":4,"source":"csv"},"geometry":{"type":"Point","coordinates":[112.312442,39.005356]}},{"type":"Feature","properties":{"id":"st-2669","name":"阳方口","province":"山西","city":"忻州","tier":"local","sourceCount":0,"source":"csv"},"geometry":{"type":"Point","coordinates":[112.32583,39.094701]}},{"type":"Feature","properties":{"id":"st-2670","name":"五寨","province":"山西","city":"忻州","tier":"local","sourceCount":0,"source":"csv"},"geometry":{"type":"Point","coordinates":[111.827602,38.91634]}},{"type":"Feature","properties":{"id":"st-2671","name":"播明","province":"山西","city":"忻州","tier":"local","sourceCount":0,"source":"csv"},"geometry":{"type":"Point","coordinates":[112.73658,38.49528]}},{"type":"Feature","properties":{"id":"st-2672","name":"豆罗","province":"山西","city":"忻州","tier":"local","sourceCount":0,"source":"csv"},"geometry":{"type":"Point","coordinates":[112.694874,38.303285]}},{"type":"Feature","properties":{"id":"st-2673","name":"平社","province":"山西","city":"忻州","tier":"local","sourceCount":0,"source":"csv"},"geometry":{"type":"Point","coordinates":[112.588495,38.274483]}},{"type":"Feature","properties":{"id":"st-2674","name":"忻州","province":"山西","city":"忻州","tier":"local","sourceCount":2,"source":"csv"},"geometry":{"type":"Point","coordinates":[112.739963,38.419107]}},{"type":"Feature","properties":{"id":"st-2675","name":"新绛","province":"山西","city":"运城","tier":"local","sourceCount":0,"source":"csv"},"geometry":{"type":"Point","coordinates":[111.204867,35.610577]}},{"type":"Feature","properties":{"id":"st-2676","name":"高村","province":"山西","city":"太原","tier":"local","sourceCount":0,"source":"csv"},"geometry":{"type":"Point","coordinates":[112.692543,38.174324]}},{"type":"Feature","properties":{"id":"st-2677","name":"永济","province":"山西","city":"运城","tier":"local","sourceCount":1,"source":"csv"},"geometry":{"type":"Point","coordinates":[110.44839,34.870394]}},{"type":"Feature","properties":{"id":"st-2678","name":"永济北","province":"山西","city":"运城","tier":"regional-hub","sourceCount":2,"source":"csv"},"geometry":{"type":"Point","coordinates":[110.419124,35.028226]}},{"type":"Feature","properties":{"id":"st-2679","name":"榆社","province":"山西","city":"晋中","tier":"local","sourceCount":0,"source":"csv"},"geometry":{"type":"Point","coordinates":[112.963219,37.05151]}},{"type":"Feature","properties":{"id":"st-2680","name":"轩岗","province":"山西","city":"忻州","tier":"local","sourceCount":2,"source":"csv"},"geometry":{"type":"Point","coordinates":[112.424329,38.893337]}},{"type":"Feature","properties":{"id":"st-2681","name":"原平","province":"山西","city":"忻州","tier":"local","sourceCount":2,"source":"csv"},"geometry":{"type":"Point","coordinates":[112.721542,38.719039]}},{"type":"Feature","properties":{"id":"st-2682","name":"运城","province":"山西","city":"运城","tier":"regional-hub","sourceCount":5,"source":"csv"},"geometry":{"type":"Point","coordinates":[110.985117,35.026898]}},{"type":"Feature","properties":{"id":"st-2683","name":"运城北","province":"山西","city":"运城","tier":"regional-hub","sourceCount":25,"source":"csv"},"geometry":{"type":"Point","coordinates":[110.978272,35.099771]}},{"type":"Feature","properties":{"id":"st-2684","name":"武乡","province":"山西","city":"长治","tier":"local","sourceCount":0,"source":"csv"},"geometry":{"type":"Point","coordinates":[112.847037,36.855572]}},{"type":"Feature","properties":{"id":"st-2685","name":"红柳河","province":"甘肃","city":"酒泉","tier":"local","sourceCount":0,"source":"csv"},"geometry":{"type":"Point","coordinates":[94.725616,41.532021]}},{"type":"Feature","properties":{"id":"st-2686","name":"柳园","province":"甘肃","city":"酒泉","tier":"local","sourceCount":1,"source":"csv"},"geometry":{"type":"Point","coordinates":[95.504459,41.105084]}},{"type":"Feature","properties":{"id":"st-2687","name":"柳园南","province":"甘肃","city":"酒泉","tier":"regional-hub","sourceCount":0,"source":"csv"},"geometry":{"type":"Point","coordinates":[95.471173,41.101213]}},{"type":"Feature","properties":{"id":"st-2688","name":"福海","province":"新疆维吾尔自治区","city":"阿勒泰","tier":"local","sourceCount":0,"source":"csv"},"geometry":{"type":"Point","coordinates":[87.459693,47.119896]}},{"type":"Feature","properties":{"id":"st-2689","name":"北屯市","province":"新疆维吾尔自治区","city":"阿勒泰","tier":"local","sourceCount":3,"source":"csv"},"geometry":{"type":"Point","coordinates":[87.813867,47.332166]}},{"type":"Feature","properties":{"id":"st-2690","name":"阿拉山口","province":"新疆维吾尔自治区","city":"博尔塔拉蒙古自治州","tier":"local","sourceCount":2,"source":"csv"},"geometry":{"type":"Point","coordinates":[82.570332,45.170301]}},{"type":"Feature","properties":{"id":"st-2691","name":"博乐","province":"新疆维吾尔自治区","city":"博尔塔拉蒙古自治州","tier":"local","sourceCount":1,"source":"csv"},"geometry":{"type":"Point","coordinates":[82.647785,44.931355]}},{"type":"Feature","properties":{"id":"st-2692","name":"精河南","province":"新疆维吾尔自治区","city":"博尔塔拉蒙古自治州","tier":"regional-hub","sourceCount":0,"source":"csv"},"geometry":{"type":"Point","coordinates":[82.917788,44.605328]}},{"type":"Feature","properties":{"id":"st-2693","name":"精河","province":"新疆维吾尔自治区","city":"博尔塔拉蒙古自治州","tier":"local","sourceCount":0,"source":"csv"},"geometry":{"type":"Point","coordinates":[83.02185,44.635208]}},{"type":"Feature","properties":{"id":"st-2694","name":"奎屯","province":"新疆维吾尔自治区","city":"伊犁哈萨克自治州","tier":"regional-hub","sourceCount":7,"source":"csv"},"geometry":{"type":"Point","coordinates":[84.898243,44.403162]}},{"type":"Feature","properties":{"id":"st-2695","name":"玛纳斯","province":"新疆维吾尔自治区","city":"昌吉回族自治州","tier":"local","sourceCount":0,"source":"csv"},"geometry":{"type":"Point","coordinates":[86.200224,44.254062]}},{"type":"Feature","properties":{"id":"st-2696","name":"和什托洛盖","province":"新疆维吾尔自治区","city":"伊犁哈萨克自治州","tier":"local","sourceCount":0,"source":"csv"},"geometry":{"type":"Point","coordinates":[86.271311,46.406143]}},{"type":"Feature","properties":{"id":"st-2697","name":"沙湾县","province":"新疆维吾尔自治区","city":"伊犁哈萨克自治州","tier":"local","sourceCount":0,"source":"csv"},"geometry":{"type":"Point","coordinates":[85.606028,44.321603]}},{"type":"Feature","properties":{"id":"st-2698","name":"石河子","province":"新疆维吾尔自治区","city":"石河子","tier":"regional-hub","sourceCount":4,"source":"csv"},"geometry":{"type":"Point","coordinates":[86.060405,44.268497]}},{"type":"Feature","properties":{"id":"st-2699","name":"阿克苏","province":"新疆维吾尔自治区","city":"阿克苏","tier":"regional-hub","sourceCount":8,"source":"csv"},"geometry":{"type":"Point","coordinates":[80.304787,41.144045]}},{"type":"Feature","properties":{"id":"st-2700","name":"金银川","province":"新疆维吾尔自治区","city":"阿克苏","tier":"national-hub","sourceCount":0,"source":"csv"},"geometry":{"type":"Point","coordinates":[79.837749,40.707704]}},{"type":"Feature","properties":{"id":"st-2701","name":"柯坪","province":"新疆维吾尔自治区","city":"阿克苏","tier":"local","sourceCount":0,"source":"csv"},"geometry":{"type":"Point","coordinates":[78.992545,40.456227]}},{"type":"Feature","properties":{"id":"st-2702","name":"库车","province":"新疆维吾尔自治区","city":"阿克苏","tier":"local","sourceCount":0,"source":"csv"},"geometry":{"type":"Point","coordinates":[83.013513,41.693581]}},{"type":"Feature","properties":{"id":"st-2703","name":"新和","province":"新疆维吾尔自治区","city":"阿克苏","tier":"local","sourceCount":0,"source":"csv"},"geometry":{"type":"Point","coordinates":[82.624605,41.57939]}},{"type":"Feature","properties":{"id":"st-2704","name":"和硕","province":"新疆维吾尔自治区","city":"巴音郭楞蒙古自治州","tier":"local","sourceCount":0,"source":"csv"},"geometry":{"type":"Point","coordinates":[87.378948,42.233512]}},{"type":"Feature","properties":{"id":"st-2705","name":"库尔勒","province":"新疆维吾尔自治区","city":"巴音郭楞蒙古自治州","tier":"regional-hub","sourceCount":10,"source":"csv"},"geometry":{"type":"Point","coordinates":[86.139504,41.781768]}},{"type":"Feature","properties":{"id":"st-2706","name":"马兰","province":"新疆维吾尔自治区","city":"巴音郭楞蒙古自治州","tier":"local","sourceCount":0,"source":"csv"},"geometry":{"type":"Point","coordinates":[87.378948,42.233512]}},{"type":"Feature","properties":{"id":"st-2707","name":"焉耆","province":"新疆维吾尔自治区","city":"巴音郭楞蒙古自治州","tier":"local","sourceCount":0,"source":"csv"},"geometry":{"type":"Point","coordinates":[86.544356,42.074745]}},{"type":"Feature","properties":{"id":"st-2708","name":"哈密","province":"新疆维吾尔自治区","city":"哈密","tier":"regional-hub","sourceCount":11,"source":"csv"},"geometry":{"type":"Point","coordinates":[93.504348,42.847972]}},{"type":"Feature","properties":{"id":"st-2709","name":"了墩","province":"新疆维吾尔自治区","city":"哈密","tier":"local","sourceCount":0,"source":"csv"},"geometry":{"type":"Point","coordinates":[92.224419,43.148155]}},{"type":"Feature","properties":{"id":"st-2710","name":"柳树泉","province":"新疆维吾尔自治区","city":"哈密","tier":"local","sourceCount":0,"source":"csv"},"geometry":{"type":"Point","coordinates":[92.848336,43.051166]}},{"type":"Feature","properties":{"id":"st-2711","name":"山口","province":"新疆维吾尔自治区","city":"哈密","tier":"local","sourceCount":0,"source":"csv"},"geometry":{"type":"Point","coordinates":[94.124357,42.131017]}},{"type":"Feature","properties":{"id":"st-2712","name":"和田","province":"新疆维吾尔自治区","city":"和田","tier":"regional-hub","sourceCount":7,"source":"csv"},"geometry":{"type":"Point","coordinates":[79.905141,37.158338]}},{"type":"Feature","properties":{"id":"st-2713","name":"墨玉","province":"新疆维吾尔自治区","city":"和田","tier":"local","sourceCount":0,"source":"csv"},"geometry":{"type":"Point","coordinates":[79.730564,37.222746]}},{"type":"Feature","properties":{"id":"st-2714","name":"皮山","province":"新疆维吾尔自治区","city":"和田","tier":"local","sourceCount":0,"source":"csv"},"geometry":{"type":"Point","coordinates":[78.28316,37.566695]}},{"type":"Feature","properties":{"id":"st-2715","name":"巴楚","province":"新疆维吾尔自治区","city":"喀什","tier":"local","sourceCount":0,"source":"csv"},"geometry":{"type":"Point","coordinates":[78.547845,39.835396]}},{"type":"Feature","properties":{"id":"st-2716","name":"喀什","province":"新疆维吾尔自治区","city":"喀什","tier":"regional-hub","sourceCount":12,"source":"csv"},"geometry":{"type":"Point","coordinates":[76.046335,39.492206]}},{"type":"Feature","properties":{"id":"st-2717","name":"莎车","province":"新疆维吾尔自治区","city":"喀什","tier":"local","sourceCount":1,"source":"csv"},"geometry":{"type":"Point","coordinates":[77.228762,38.375066]}},{"type":"Feature","properties":{"id":"st-2718","name":"疏勒","province":"新疆维吾尔自治区","city":"喀什","tier":"local","sourceCount":0,"source":"csv"},"geometry":{"type":"Point","coordinates":[75.991692,39.382038]}},{"type":"Feature","properties":{"id":"st-2719","name":"叶城","province":"新疆维吾尔自治区","city":"喀什","tier":"local","sourceCount":1,"source":"csv"},"geometry":{"type":"Point","coordinates":[77.470662,37.892064]}},{"type":"Feature","properties":{"id":"st-2720","name":"英吉沙","province":"新疆维吾尔自治区","city":"喀什","tier":"local","sourceCount":0,"source":"csv"},"geometry":{"type":"Point","coordinates":[76.160895,38.967377]}},{"type":"Feature","properties":{"id":"st-2721","name":"泽普","province":"新疆维吾尔自治区","city":"喀什","tier":"local","sourceCount":0,"source":"csv"},"geometry":{"type":"Point","coordinates":[77.305432,38.178532]}},{"type":"Feature","properties":{"id":"st-2722","name":"克拉玛依","province":"新疆维吾尔自治区","city":"克拉玛依","tier":"regional-hub","sourceCount":9,"source":"csv"},"geometry":{"type":"Point","coordinates":[84.892756,45.527525]}},{"type":"Feature","properties":{"id":"st-2723","name":"阿克陶","province":"新疆维吾尔自治区","city":"克孜勒苏柯尔克孜自治州","tier":"local","sourceCount":0,"source":"csv"},"geometry":{"type":"Point","coordinates":[75.972327,39.166657]}},{"type":"Feature","properties":{"id":"st-2724","name":"阿图什","province":"新疆维吾尔自治区","city":"克孜勒苏柯尔克孜自治州","tier":"local","sourceCount":0,"source":"csv"},"geometry":{"type":"Point","coordinates":[76.219413,39.719495]}},{"type":"Feature","properties":{"id":"st-2725","name":"七泉湖","province":"新疆维吾尔自治区","city":"吐鲁番","tier":"local","sourceCount":0,"source":"csv"},"geometry":{"type":"Point","coordinates":[89.465923,43.130002]}},{"type":"Feature","properties":{"id":"st-2726","name":"吐哈","province":"新疆维吾尔自治区","city":"吐鲁番","tier":"local","sourceCount":0,"source":"csv"},"geometry":{"type":"Point","coordinates":[90.530062,43.058754]}},{"type":"Feature","properties":{"id":"st-2727","name":"鄯善","province":"新疆维吾尔自治区","city":"吐鲁番","tier":"local","sourceCount":0,"source":"csv"},"geometry":{"type":"Point","coordinates":[90.482005,43.095865]}},{"type":"Feature","properties":{"id":"st-2728","name":"吐鲁番北","province":"新疆维吾尔自治区","city":"吐鲁番","tier":"regional-hub","sourceCount":4,"source":"csv"},"geometry":{"type":"Point","coordinates":[89.108132,43.020668]}},{"type":"Feature","properties":{"id":"st-2729","name":"吐鲁番","province":"新疆维吾尔自治区","city":"吐鲁番","tier":"local","sourceCount":0,"source":"csv"},"geometry":{"type":"Point","coordinates":[88.872731,43.150326]}},{"type":"Feature","properties":{"id":"st-2730","name":"鱼儿沟","province":"新疆维吾尔自治区","city":"吐鲁番","tier":"local","sourceCount":0,"source":"csv"},"geometry":{"type":"Point","coordinates":[87.885924,42.835058]}},{"type":"Feature","properties":{"id":"st-2731","name":"乌鲁木齐","province":"新疆维吾尔自治区","city":"乌鲁木齐","tier":"national-hub","sourceCount":103,"source":"csv"},"geometry":{"type":"Point","coordinates":[87.580363,43.777985]}},{"type":"Feature","properties":{"id":"st-2732","name":"乌鲁木齐南","province":"新疆维吾尔自治区","city":"乌鲁木齐","tier":"national-hub","sourceCount":2,"source":"csv"},"geometry":{"type":"Point","coordinates":[87.58336,43.779119]}},{"type":"Feature","properties":{"id":"st-2733","name":"乌西","province":"新疆维吾尔自治区","city":"乌鲁木齐","tier":"regional-hub","sourceCount":0,"source":"csv"},"geometry":{"type":"Point","coordinates":[87.418126,43.868331]}},{"type":"Feature","properties":{"id":"st-2734","name":"霍尔果斯","province":"新疆维吾尔自治区","city":"伊犁哈萨克自治州","tier":"regional-hub","sourceCount":7,"source":"csv"},"geometry":{"type":"Point","coordinates":[80.451351,44.154345]}},{"type":"Feature","properties":{"id":"st-2735","name":"五五","province":"新疆维吾尔自治区","city":"克拉玛依","tier":"local","sourceCount":0,"source":"csv"},"geometry":{"type":"Point","coordinates":[84.81565,44.858523]}},{"type":"Feature","properties":{"id":"st-2736","name":"尼勒克","province":"新疆维吾尔自治区","city":"伊犁哈萨克自治州","tier":"local","sourceCount":0,"source":"csv"},"geometry":{"type":"Point","coordinates":[82.045996,43.965451]}},{"type":"Feature","properties":{"id":"st-2737","name":"伊宁东","province":"新疆维吾尔自治区","city":"伊犁哈萨克自治州","tier":"regional-hub","sourceCount":0,"source":"csv"},"geometry":{"type":"Point","coordinates":[81.500145,43.95453]}},{"type":"Feature","properties":{"id":"st-2738","name":"布列开","province":"新疆维吾尔自治区","city":"伊犁哈萨克自治州","tier":"local","sourceCount":0,"source":"csv"},"geometry":{"type":"Point","coordinates":[81.79214,43.898324]}},{"type":"Feature","properties":{"id":"st-2739","name":"伊宁","province":"新疆维吾尔自治区","city":"伊犁哈萨克自治州","tier":"regional-hub","sourceCount":17,"source":"csv"},"geometry":{"type":"Point","coordinates":[81.500145,43.95453]}},{"type":"Feature","properties":{"id":"st-2740","name":"潢川","province":"河南","city":"信阳","tier":"local","sourceCount":0,"source":"csv"},"geometry":{"type":"Point","coordinates":[115.096635,32.113908]}},{"type":"Feature","properties":{"id":"st-2741","name":"漯河西","province":"河南","city":"漯河","tier":"regional-hub","sourceCount":1,"source":"csv"},"geometry":{"type":"Point","coordinates":[113.957537,33.574608]}},{"type":"Feature","properties":{"id":"st-2742","name":"漯河","province":"河南","city":"漯河","tier":"local","sourceCount":2,"source":"csv"},"geometry":{"type":"Point","coordinates":[114.036578,33.572329]}},{"type":"Feature","properties":{"id":"st-2743","name":"平顶山","province":"河南","city":"平顶山","tier":"regional-hub","sourceCount":6,"source":"csv"},"geometry":{"type":"Point","coordinates":[113.297906,33.720836]}},{"type":"Feature","properties":{"id":"st-2744","name":"商城","province":"河南","city":"信阳","tier":"local","sourceCount":0,"source":"csv"},"geometry":{"type":"Point","coordinates":[115.436944,31.955557]}},{"type":"Feature","properties":{"id":"st-2745","name":"沈丘","province":"河南","city":"周口","tier":"local","sourceCount":0,"source":"csv"},"geometry":{"type":"Point","coordinates":[115.081325,33.362947]}},{"type":"Feature","properties":{"id":"st-2746","name":"项城","province":"河南","city":"周口","tier":"local","sourceCount":0,"source":"csv"},"geometry":{"type":"Point","coordinates":[114.884079,33.41638]}},{"type":"Feature","properties":{"id":"st-2747","name":"新县","province":"河南","city":"信阳","tier":"local","sourceCount":0,"source":"csv"},"geometry":{"type":"Point","coordinates":[114.883065,31.644709]}},{"type":"Feature","properties":{"id":"st-2748","name":"固始","province":"河南","city":"信阳","tier":"local","sourceCount":1,"source":"csv"},"geometry":{"type":"Point","coordinates":[115.664301,31.917316]}},{"type":"Feature","properties":{"id":"st-2749","name":"淮滨","province":"河南","city":"信阳","tier":"local","sourceCount":1,"source":"csv"},"geometry":{"type":"Point","coordinates":[115.406425,32.502871]}},{"type":"Feature","properties":{"id":"st-2750","name":"罗山","province":"河南","city":"信阳","tier":"local","sourceCount":0,"source":"csv"},"geometry":{"type":"Point","coordinates":[114.545084,32.168349]}},{"type":"Feature","properties":{"id":"st-2751","name":"信阳","province":"河南","city":"信阳","tier":"regional-hub","sourceCount":5,"source":"csv"},"geometry":{"type":"Point","coordinates":[114.076359,32.130874]}},{"type":"Feature","properties":{"id":"st-2752","name":"明港东","province":"河南","city":"信阳","tier":"regional-hub","sourceCount":0,"source":"csv"},"geometry":{"type":"Point","coordinates":[114.059022,32.489334]}},{"type":"Feature","properties":{"id":"st-2753","name":"息县","province":"河南","city":"信阳","tier":"local","sourceCount":0,"source":"csv"},"geometry":{"type":"Point","coordinates":[114.827305,32.175204]}},{"type":"Feature","properties":{"id":"st-2754","name":"信阳东","province":"河南","city":"信阳","tier":"regional-hub","sourceCount":1,"source":"csv"},"geometry":{"type":"Point","coordinates":[114.154511,32.146327]}},{"type":"Feature","properties":{"id":"st-2755","name":"周口","province":"河南","city":"周口","tier":"regional-hub","sourceCount":4,"source":"csv"},"geometry":{"type":"Point","coordinates":[114.660175,33.580795]}},{"type":"Feature","properties":{"id":"st-2756","name":"确山","province":"河南","city":"驻马店","tier":"local","sourceCount":0,"source":"csv"},"geometry":{"type":"Point","coordinates":[114.030371,32.803601]}},{"type":"Feature","properties":{"id":"st-2757","name":"遂平","province":"河南","city":"驻马店","tier":"local","sourceCount":0,"source":"csv"},"geometry":{"type":"Point","coordinates":[114.029449,33.145908]}},{"type":"Feature","properties":{"id":"st-2758","name":"西平","province":"河南","city":"驻马店","tier":"local","sourceCount":0,"source":"csv"},"geometry":{"type":"Point","coordinates":[114.032687,33.379142]}},{"type":"Feature","properties":{"id":"st-2759","name":"驻马店","province":"河南","city":"驻马店","tier":"local","sourceCount":0,"source":"csv"},"geometry":{"type":"Point","coordinates":[114.037764,32.980841]}},{"type":"Feature","properties":{"id":"st-2760","name":"驻马店西","province":"河南","city":"驻马店","tier":"regional-hub","sourceCount":2,"source":"csv"},"geometry":{"type":"Point","coordinates":[113.974275,33.002394]}},{"type":"Feature","properties":{"id":"st-2761","name":"安陆","province":"湖北","city":"孝感","tier":"local","sourceCount":0,"source":"csv"},"geometry":{"type":"Point","coordinates":[113.68929,31.25875]}},{"type":"Feature","properties":{"id":"st-2762","name":"赤壁北","province":"湖北","city":"咸宁","tier":"regional-hub","sourceCount":0,"source":"csv"},"geometry":{"type":"Point","coordinates":[113.895041,29.738807]}},{"type":"Feature","properties":{"id":"st-2763","name":"赤壁","province":"湖北","city":"咸宁","tier":"local","sourceCount":0,"source":"csv"},"geometry":{"type":"Point","coordinates":[113.924407,29.724644]}},{"type":"Feature","properties":{"id":"st-2764","name":"黄石","province":"湖北","city":"黄石","tier":"local","sourceCount":0,"source":"csv"},"geometry":{"type":"Point","coordinates":[114.935645,30.156579]}},{"type":"Feature","properties":{"id":"st-2765","name":"大冶北","province":"湖北","city":"黄石","tier":"regional-hub","sourceCount":6,"source":"csv"},"geometry":{"type":"Point","coordinates":[114.995071,30.123555]}},{"type":"Feature","properties":{"id":"st-2766","name":"武当山","province":"湖北","city":"十堰","tier":"local","sourceCount":1,"source":"csv"},"geometry":{"type":"Point","coordinates":[110.960972,32.54071]}},{"type":"Feature","properties":{"id":"st-2767","name":"当阳","province":"湖北","city":"宜昌","tier":"local","sourceCount":0,"source":"csv"},"geometry":{"type":"Point","coordinates":[111.806164,30.849123]}},{"type":"Feature","properties":{"id":"st-2768","name":"花湖","province":"湖北","city":"鄂州","tier":"local","sourceCount":0,"source":"csv"},"geometry":{"type":"Point","coordinates":[115.017022,30.263562]}},{"type":"Feature","properties":{"id":"st-2769","name":"鄂州","province":"湖北","city":"鄂州","tier":"local","sourceCount":0,"source":"csv"},"geometry":{"type":"Point","coordinates":[114.86154,30.365146]}},{"type":"Feature","properties":{"id":"st-2770","name":"葛店南","province":"湖北","city":"鄂州","tier":"regional-hub","sourceCount":0,"source":"csv"},"geometry":{"type":"Point","coordinates":[114.654704,30.492877]}},{"type":"Feature","properties":{"id":"st-2771","name":"鄂州东","province":"湖北","city":"鄂州","tier":"regional-hub","sourceCount":0,"source":"csv"},"geometry":{"type":"Point","coordinates":[114.942948,30.364119]}},{"type":"Feature","properties":{"id":"st-2772","name":"建始","province":"湖北","city":"恩施土家族苗族自治州","tier":"local","sourceCount":0,"source":"csv"},"geometry":{"type":"Point","coordinates":[109.723368,30.569957]}},{"type":"Feature","properties":{"id":"st-2773","name":"恩施","province":"湖北","city":"恩施土家族苗族自治州","tier":"regional-hub","sourceCount":9,"source":"csv"},"geometry":{"type":"Point","coordinates":[109.480752,30.35086]}},{"type":"Feature","properties":{"id":"st-2774","name":"巴东","province":"湖北","city":"恩施土家族苗族自治州","tier":"regional-hub","sourceCount":0,"source":"csv"},"geometry":{"type":"Point","coordinates":[110.352683,30.665202]}},{"type":"Feature","properties":{"id":"st-2775","name":"红安西","province":"湖北","city":"黄冈","tier":"regional-hub","sourceCount":0,"source":"csv"},"geometry":{"type":"Point","coordinates":[114.626773,31.006567]}},{"type":"Feature","properties":{"id":"st-2776","name":"华容","province":"湖北","city":"黄冈","tier":"local","sourceCount":0,"source":"csv"},"geometry":{"type":"Point","coordinates":[114.717278,30.52736]}},{"type":"Feature","properties":{"id":"st-2777","name":"华容东","province":"湖北","city":"鄂州","tier":"regional-hub","sourceCount":0,"source":"csv"},"geometry":{"type":"Point","coordinates":[114.781273,30.534453]}},{"type":"Feature","properties":{"id":"st-2778","name":"华容南","province":"湖北","city":"鄂州","tier":"regional-hub","sourceCount":0,"source":"csv"},"geometry":{"type":"Point","coordinates":[114.76937,30.44927]}},{"type":"Feature","properties":{"id":"st-2779","name":"黄州","province":"湖北","city":"黄冈","tier":"local","sourceCount":0,"source":"csv"},"geometry":{"type":"Point","coordinates":[114.999253,30.587777]}},{"type":"Feature","properties":{"id":"st-2780","name":"黄冈","province":"湖北","city":"黄冈","tier":"local","sourceCount":0,"source":"csv"},"geometry":{"type":"Point","coordinates":[114.93818,30.488649]}},{"type":"Feature","properties":{"id":"st-2781","name":"黄冈东","province":"湖北","city":"黄冈","tier":"regional-hub","sourceCount":19,"source":"csv"},"geometry":{"type":"Point","coordinates":[114.980116,30.510066]}},{"type":"Feature","properties":{"id":"st-2782","name":"黄冈西","province":"湖北","city":"黄冈","tier":"regional-hub","sourceCount":0,"source":"csv"},"geometry":{"type":"Point","coordinates":[114.88296,30.506374]}},{"type":"Feature","properties":{"id":"st-2783","name":"黄石北","province":"湖北","city":"黄石","tier":"regional-hub","sourceCount":0,"source":"csv"},"geometry":{"type":"Point","coordinates":[115.002856,30.213997]}},{"type":"Feature","properties":{"id":"st-2784","name":"阳新","province":"湖北","city":"黄石","tier":"regional-hub","sourceCount":5,"source":"csv"},"geometry":{"type":"Point","coordinates":[115.174967,29.862523]}},{"type":"Feature","properties":{"id":"st-2785","name":"京山","province":"湖北","city":"荆门","tier":"local","sourceCount":0,"source":"csv"},"geometry":{"type":"Point","coordinates":[113.130173,31.037814]}},{"type":"Feature","properties":{"id":"st-2786","name":"荆门","province":"湖北","city":"荆门","tier":"regional-hub","sourceCount":9,"source":"csv"},"geometry":{"type":"Point","coordinates":[112.206092,31.053273]}},{"type":"Feature","properties":{"id":"st-2787","name":"荆州","province":"湖北","city":"荆州","tier":"local","sourceCount":2,"source":"csv"},"geometry":{"type":"Point","coordinates":[112.207267,30.37229]}},{"type":"Feature","properties":{"id":"st-2788","name":"利川","province":"湖北","city":"恩施土家族苗族自治州","tier":"regional-hub","sourceCount":7,"source":"csv"},"geometry":{"type":"Point","coordinates":[108.935953,30.282031]}},{"type":"Feature","properties":{"id":"st-2789","name":"麻城","province":"湖北","city":"黄冈","tier":"local","sourceCount":2,"source":"csv"},"geometry":{"type":"Point","coordinates":[114.95868,31.148545]}},{"type":"Feature","properties":{"id":"st-2790","name":"麻城北","province":"湖北","city":"黄冈","tier":"regional-hub","sourceCount":1,"source":"csv"},"geometry":{"type":"Point","coordinates":[114.985861,31.194891]}},{"type":"Feature","properties":{"id":"st-2791","name":"蕲春","province":"湖北","city":"黄冈","tier":"local","sourceCount":0,"source":"csv"},"geometry":{"type":"Point","coordinates":[115.440183,30.244256]}},{"type":"Feature","properties":{"id":"st-2792","name":"潜江","province":"湖北","city":"潜江","tier":"local","sourceCount":0,"source":"csv"},"geometry":{"type":"Point","coordinates":[112.933528,30.39231]}},{"type":"Feature","properties":{"id":"st-2793","name":"十堰","province":"湖北","city":"十堰","tier":"regional-hub","sourceCount":12,"source":"csv"},"geometry":{"type":"Point","coordinates":[110.776289,32.605774]}},{"type":"Feature","properties":{"id":"st-2794","name":"松滋","province":"湖北","city":"荆州","tier":"local","sourceCount":0,"source":"csv"},"geometry":{"type":"Point","coordinates":[111.602135,30.175454]}},{"type":"Feature","properties":{"id":"st-2795","name":"随州","province":"湖北","city":"随州","tier":"local","sourceCount":0,"source":"csv"},"geometry":{"type":"Point","coordinates":[113.411013,31.723643]}},{"type":"Feature","properties":{"id":"st-2796","name":"广水","province":"湖北","city":"随州","tier":"local","sourceCount":0,"source":"csv"},"geometry":{"type":"Point","coordinates":[114.031209,31.633738]}},{"type":"Feature","properties":{"id":"st-2797","name":"天门南","province":"湖北","city":"天门","tier":"regional-hub","sourceCount":0,"source":"csv"},"geometry":{"type":"Point","coordinates":[113.450523,30.430248]}},{"type":"Feature","properties":{"id":"st-2798","name":"天门","province":"湖北","city":"天门","tier":"local","sourceCount":0,"source":"csv"},"geometry":{"type":"Point","coordinates":[113.450523,30.430248]}},{"type":"Feature","properties":{"id":"st-2799","name":"庙山","province":"湖北","city":"武汉","tier":"local","sourceCount":0,"source":"csv"},"geometry":{"type":"Point","coordinates":[114.367817,30.415317]}},{"type":"Feature","properties":{"id":"st-2800","name":"普安","province":"湖北","city":"武汉","tier":"local","sourceCount":0,"source":"csv"},"geometry":{"type":"Point","coordinates":[114.348715,30.389203]}},{"type":"Feature","properties":{"id":"st-2801","name":"汤逊湖","province":"湖北","city":"武汉","tier":"local","sourceCount":0,"source":"csv"},"geometry":{"type":"Point","coordinates":[114.379374,30.447918]}},{"type":"Feature","properties":{"id":"st-2802","name":"花山南","province":"湖北","city":"武汉","tier":"regional-hub","sourceCount":0,"source":"csv"},"geometry":{"type":"Point","coordinates":[114.507653,30.53154]}},{"type":"Feature","properties":{"id":"st-2803","name":"武汉","province":"湖北","city":"武汉","tier":"national-hub","sourceCount":122,"source":"csv"},"geometry":{"type":"Point","coordinates":[114.418855,30.609377]}},{"type":"Feature","properties":{"id":"st-2804","name":"左岭","province":"湖北","city":"武汉","tier":"local","sourceCount":0,"source":"csv"},"geometry":{"type":"Point","coordinates":[114.6048,30.502237]}},{"type":"Feature","properties":{"id":"st-2805","name":"乌龙泉南","province":"湖北","city":"武汉","tier":"regional-hub","sourceCount":0,"source":"csv"},"geometry":{"type":"Point","coordinates":[114.339577,30.259148]}},{"type":"Feature","properties":{"id":"st-2806","name":"纸坊东","province":"湖北","city":"武汉","tier":"regional-hub","sourceCount":0,"source":"csv"},"geometry":{"type":"Point","coordinates":[114.338966,30.356178]}},{"type":"Feature","properties":{"id":"st-2807","name":"武昌","province":"湖北","city":"武汉","tier":"national-hub","sourceCount":54,"source":"csv"},"geometry":{"type":"Point","coordinates":[114.312343,30.530832]}},{"type":"Feature","properties":{"id":"st-2808","name":"武穴","province":"湖北","city":"黄冈","tier":"local","sourceCount":0,"source":"csv"},"geometry":{"type":"Point","coordinates":[115.632541,29.971709]}},{"type":"Feature","properties":{"id":"st-2809","name":"浠水","province":"湖北","city":"黄冈","tier":"local","sourceCount":0,"source":"csv"},"geometry":{"type":"Point","coordinates":[115.237359,30.435522]}},{"type":"Feature","properties":{"id":"st-2810","name":"仙桃西","province":"湖北","city":"仙桃","tier":"regional-hub","sourceCount":0,"source":"csv"},"geometry":{"type":"Point","coordinates":[113.134095,30.42605]}},{"type":"Feature","properties":{"id":"st-2811","name":"贺胜桥东","province":"湖北","city":"咸宁","tier":"regional-hub","sourceCount":0,"source":"csv"},"geometry":{"type":"Point","coordinates":[114.365385,30.020791]}},{"type":"Feature","properties":{"id":"st-2812","name":"横沟桥东","province":"湖北","city":"咸宁","tier":"regional-hub","sourceCount":0,"source":"csv"},"geometry":{"type":"Point","coordinates":[114.367136,29.935935]}},{"type":"Feature","properties":{"id":"st-2813","name":"山坡东","province":"湖北","city":"武汉","tier":"regional-hub","sourceCount":0,"source":"csv"},"geometry":{"type":"Point","coordinates":[114.354471,30.088347]}},{"type":"Feature","properties":{"id":"st-2814","name":"土地堂东","province":"湖北","city":"武汉","tier":"regional-hub","sourceCount":0,"source":"csv"},"geometry":{"type":"Point","coordinates":[114.332169,30.214863]}},{"type":"Feature","properties":{"id":"st-2815","name":"咸宁南","province":"湖北","city":"咸宁","tier":"regional-hub","sourceCount":8,"source":"csv"},"geometry":{"type":"Point","coordinates":[114.300142,29.839599]}},{"type":"Feature","properties":{"id":"st-2816","name":"咸宁","province":"湖北","city":"咸宁","tier":"local","sourceCount":0,"source":"csv"},"geometry":{"type":"Point","coordinates":[114.283475,29.882244]}},{"type":"Feature","properties":{"id":"st-2817","name":"咸宁东","province":"湖北","city":"咸宁","tier":"regional-hub","sourceCount":0,"source":"csv"},"geometry":{"type":"Point","coordinates":[114.339736,29.868494]}},{"type":"Feature","properties":{"id":"st-2818","name":"襄阳","province":"湖北","city":"襄阳","tier":"regional-hub","sourceCount":30,"source":"csv"},"geometry":{"type":"Point","coordinates":[112.148775,32.060025]}},{"type":"Feature","properties":{"id":"st-2819","name":"谷城","province":"湖北","city":"襄阳","tier":"local","sourceCount":0,"source":"csv"},"geometry":{"type":"Point","coordinates":[111.597011,32.26753]}},{"type":"Feature","properties":{"id":"st-2820","name":"襄阳东","province":"湖北","city":"襄阳","tier":"regional-hub","sourceCount":6,"source":"csv"},"geometry":{"type":"Point","coordinates":[112.220616,32.09879]}},{"type":"Feature","properties":{"id":"st-2821","name":"孝感北","province":"湖北","city":"孝感","tier":"regional-hub","sourceCount":0,"source":"csv"},"geometry":{"type":"Point","coordinates":[114.21562,31.590066]}},{"type":"Feature","properties":{"id":"st-2822","name":"花园","province":"湖北","city":"孝感","tier":"local","sourceCount":0,"source":"csv"},"geometry":{"type":"Point","coordinates":[113.977369,31.252858]}},{"type":"Feature","properties":{"id":"st-2823","name":"孝感","province":"湖北","city":"孝感","tier":"local","sourceCount":0,"source":"csv"},"geometry":{"type":"Point","coordinates":[113.923769,30.957413]}},{"type":"Feature","properties":{"id":"st-2824","name":"云梦","province":"湖北","city":"孝感","tier":"local","sourceCount":0,"source":"csv"},"geometry":{"type":"Point","coordinates":[113.732885,31.023903]}},{"type":"Feature","properties":{"id":"st-2825","name":"宜昌东","province":"湖北","city":"宜昌","tier":"regional-hub","sourceCount":51,"source":"csv"},"geometry":{"type":"Point","coordinates":[111.364858,30.66049]}},{"type":"Feature","properties":{"id":"st-2826","name":"长阳","province":"湖北","city":"宜昌","tier":"local","sourceCount":0,"source":"csv"},"geometry":{"type":"Point","coordinates":[110.845193,30.622605]}},{"type":"Feature","properties":{"id":"st-2827","name":"枝江北","province":"湖北","city":"宜昌","tier":"regional-hub","sourceCount":0,"source":"csv"},"geometry":{"type":"Point","coordinates":[111.766576,30.479157]}},{"type":"Feature","properties":{"id":"st-2828","name":"宜城","province":"湖北","city":"襄阳","tier":"local","sourceCount":0,"source":"csv"},"geometry":{"type":"Point","coordinates":[112.178629,31.631919]}},{"type":"Feature","properties":{"id":"st-2829","name":"枝城","province":"湖北","city":"宜昌","tier":"local","sourceCount":0,"source":"csv"},"geometry":{"type":"Point","coordinates":[111.510381,30.280133]}},{"type":"Feature","properties":{"id":"st-2830","name":"应城","province":"湖北","city":"孝感","tier":"local","sourceCount":0,"source":"csv"},"geometry":{"type":"Point","coordinates":[113.567133,30.925051]}},{"type":"Feature","properties":{"id":"st-2831","name":"枣阳","province":"湖北","city":"襄阳","tier":"local","sourceCount":0,"source":"csv"},"geometry":{"type":"Point","coordinates":[112.755942,32.072681]}},{"type":"Feature","properties":{"id":"st-2832","name":"钟祥","province":"湖北","city":"荆门","tier":"local","sourceCount":0,"source":"csv"},"geometry":{"type":"Point","coordinates":[112.610884,31.178163]}},{"type":"Feature","properties":{"id":"st-2833","name":"咸宁北","province":"湖北","city":"咸宁","tier":"regional-hub","sourceCount":0,"source":"csv"},"geometry":{"type":"Point","coordinates":[114.296639,29.901616]}},{"type":"Feature","properties":{"id":"st-2834","name":"安口窑","province":"甘肃","city":"平凉","tier":"local","sourceCount":0,"source":"csv"},"geometry":{"type":"Point","coordinates":[106.804674,35.235351]}},{"type":"Feature","properties":{"id":"st-2835","name":"徽县","province":"甘肃","city":"陇南","tier":"local","sourceCount":0,"source":"csv"},"geometry":{"type":"Point","coordinates":[106.196799,33.701578]}},{"type":"Feature","properties":{"id":"st-2836","name":"宏庆","province":"甘肃","city":"陇南","tier":"local","sourceCount":0,"source":"csv"},"geometry":{"type":"Point","coordinates":[106.422637,33.850097]}},{"type":"Feature","properties":{"id":"st-2837","name":"两当","province":"甘肃","city":"陇南","tier":"local","sourceCount":0,"source":"csv"},"geometry":{"type":"Point","coordinates":[106.306196,33.776135]}},{"type":"Feature","properties":{"id":"st-2838","name":"神峪河","province":"甘肃","city":"平凉","tier":"local","sourceCount":0,"source":"csv"},"geometry":{"type":"Point","coordinates":[106.786741,35.137548]}},{"type":"Feature","properties":{"id":"st-2839","name":"元龙","province":"甘肃","city":"天水","tier":"local","sourceCount":0,"source":"csv"},"geometry":{"type":"Point","coordinates":[106.156322,34.531616]}},{"type":"Feature","properties":{"id":"st-2840","name":"白河县","province":"陕西","city":"安康","tier":"local","sourceCount":0,"source":"csv"},"geometry":{"type":"Point","coordinates":[110.092665,32.835811]}},{"type":"Feature","properties":{"id":"st-2841","name":"张家船","province":"陕西","city":"安康","tier":"local","sourceCount":0,"source":"csv"},"geometry":{"type":"Point","coordinates":[109.579684,35.321784]}},{"type":"Feature","properties":{"id":"st-2842","name":"白河东","province":"陕西","city":"安康","tier":"regional-hub","sourceCount":0,"source":"csv"},"geometry":{"type":"Point","coordinates":[110.109817,32.805815]}},{"type":"Feature","properties":{"id":"st-2843","name":"冷水","province":"陕西","city":"安康","tier":"local","sourceCount":0,"source":"csv"},"geometry":{"type":"Point","coordinates":[109.870382,32.900253]}},{"type":"Feature","properties":{"id":"st-2844","name":"大竹园","province":"陕西","city":"安康","tier":"local","sourceCount":0,"source":"csv"},"geometry":{"type":"Point","coordinates":[108.722378,32.562245]}},{"type":"Feature","properties":{"id":"st-2845","name":"梅子铺","province":"陕西","city":"安康","tier":"local","sourceCount":0,"source":"csv"},"geometry":{"type":"Point","coordinates":[108.685012,32.77137]}},{"type":"Feature","properties":{"id":"st-2846","name":"石庙沟","province":"陕西","city":"安康","tier":"local","sourceCount":0,"source":"csv"},"geometry":{"type":"Point","coordinates":[108.919743,32.650452]}},{"type":"Feature","properties":{"id":"st-2847","name":"汉阴","province":"陕西","city":"安康","tier":"local","sourceCount":0,"source":"csv"},"geometry":{"type":"Point","coordinates":[108.502377,32.879255]}},{"type":"Feature","properties":{"id":"st-2848","name":"涧池铺","province":"陕西","city":"安康","tier":"local","sourceCount":0,"source":"csv"},"geometry":{"type":"Point","coordinates":[108.590204,32.830272]}},{"type":"Feature","properties":{"id":"st-2849","name":"高梁铺","province":"陕西","city":"安康","tier":"local","sourceCount":0,"source":"csv"},"geometry":{"type":"Point","coordinates":[108.413108,32.914604]}},{"type":"Feature","properties":{"id":"st-2850","name":"石泉县","province":"陕西","city":"安康","tier":"local","sourceCount":0,"source":"csv"},"geometry":{"type":"Point","coordinates":[108.246782,33.031017]}},{"type":"Feature","properties":{"id":"st-2851","name":"池河","province":"陕西","city":"安康","tier":"local","sourceCount":0,"source":"csv"},"geometry":{"type":"Point","coordinates":[108.327567,32.97341]}},{"type":"Feature","properties":{"id":"st-2852","name":"缯溪河","province":"陕西","city":"安康","tier":"local","sourceCount":0,"source":"csv"},"geometry":{"type":"Point","coordinates":[108.145895,33.033449]}},{"type":"Feature","properties":{"id":"st-2853","name":"蜀河","province":"陕西","city":"安康","tier":"local","sourceCount":0,"source":"csv"},"geometry":{"type":"Point","coordinates":[109.672058,32.909473]}},{"type":"Feature","properties":{"id":"st-2854","name":"小河镇","province":"陕西","city":"安康","tier":"local","sourceCount":0,"source":"csv"},"geometry":{"type":"Point","coordinates":[109.158365,33.119242]}},{"type":"Feature","properties":{"id":"st-2855","name":"高滩","province":"陕西","city":"安康","tier":"local","sourceCount":0,"source":"csv"},"geometry":{"type":"Point","coordinates":[108.322902,32.41646]}},{"type":"Feature","properties":{"id":"st-2856","name":"麻柳","province":"陕西","city":"安康","tier":"local","sourceCount":0,"source":"csv"},"geometry":{"type":"Point","coordinates":[108.190407,32.30038]}},{"type":"Feature","properties":{"id":"st-2857","name":"紫阳","province":"陕西","city":"安康","tier":"local","sourceCount":0,"source":"csv"},"geometry":{"type":"Point","coordinates":[108.552646,32.534062]}},{"type":"Feature","properties":{"id":"st-2858","name":"虢镇","province":"陕西","city":"宝鸡","tier":"local","sourceCount":0,"source":"csv"},"geometry":{"type":"Point","coordinates":[107.353625,34.365833]}},{"type":"Feature","properties":{"id":"st-2859","name":"千河","province":"陕西","city":"宝鸡","tier":"local","sourceCount":0,"source":"csv"},"geometry":{"type":"Point","coordinates":[107.299002,34.392479]}},{"type":"Feature","properties":{"id":"st-2860","name":"凤县","province":"陕西","city":"宝鸡","tier":"local","sourceCount":0,"source":"csv"},"geometry":{"type":"Point","coordinates":[106.503087,33.906269]}},{"type":"Feature","properties":{"id":"st-2861","name":"秦岭","province":"陕西","city":"宝鸡","tier":"local","sourceCount":0,"source":"csv"},"geometry":{"type":"Point","coordinates":[106.906857,34.240683]}},{"type":"Feature","properties":{"id":"st-2862","name":"凤州","province":"陕西","city":"宝鸡","tier":"local","sourceCount":0,"source":"csv"},"geometry":{"type":"Point","coordinates":[106.657435,33.977793]}},{"type":"Feature","properties":{"id":"st-2863","name":"凤翔","province":"陕西","city":"宝鸡","tier":"local","sourceCount":0,"source":"csv"},"geometry":{"type":"Point","coordinates":[107.246273,34.463065]}},{"type":"Feature","properties":{"id":"st-2864","name":"冯家山","province":"陕西","city":"宝鸡","tier":"local","sourceCount":0,"source":"csv"},"geometry":{"type":"Point","coordinates":[107.184653,34.525724]}},{"type":"Feature","properties":{"id":"st-2865","name":"绛帐","province":"陕西","city":"宝鸡","tier":"local","sourceCount":0,"source":"csv"},"geometry":{"type":"Point","coordinates":[107.949568,34.275211]}},{"type":"Feature","properties":{"id":"st-2866","name":"宝鸡南","province":"陕西","city":"宝鸡","tier":"regional-hub","sourceCount":9,"source":"csv"},"geometry":{"type":"Point","coordinates":[107.226448,34.336019]}},{"type":"Feature","properties":{"id":"st-2867","name":"福临堡","province":"陕西","city":"宝鸡","tier":"local","sourceCount":0,"source":"csv"},"geometry":{"type":"Point","coordinates":[107.086076,34.386274]}},{"type":"Feature","properties":{"id":"st-2868","name":"娘娘庙","province":"陕西","city":"宝鸡","tier":"local","sourceCount":0,"source":"csv"},"geometry":{"type":"Point","coordinates":[106.938343,34.806424]}},{"type":"Feature","properties":{"id":"st-2869","name":"火烧寨","province":"陕西","city":"宝鸡","tier":"local","sourceCount":0,"source":"csv"},"geometry":{"type":"Point","coordinates":[106.779234,35.047192]}},{"type":"Feature","properties":{"id":"st-2870","name":"史家铺","province":"陕西","city":"宝鸡","tier":"local","sourceCount":0,"source":"csv"},"geometry":{"type":"Point","coordinates":[106.7846,34.96656]}},{"type":"Feature","properties":{"id":"st-2871","name":"陇县","province":"陕西","city":"宝鸡","tier":"local","sourceCount":0,"source":"csv"},"geometry":{"type":"Point","coordinates":[106.846577,34.872301]}},{"type":"Feature","properties":{"id":"st-2872","name":"常兴","province":"陕西","city":"宝鸡","tier":"local","sourceCount":0,"source":"csv"},"geometry":{"type":"Point","coordinates":[107.832671,34.274502]}},{"type":"Feature","properties":{"id":"st-2873","name":"岐山","province":"陕西","city":"宝鸡","tier":"local","sourceCount":0,"source":"csv"},"geometry":{"type":"Point","coordinates":[107.608386,34.277283]}},{"type":"Feature","properties":{"id":"st-2874","name":"蔡家坡","province":"陕西","city":"宝鸡","tier":"local","sourceCount":0,"source":"csv"},"geometry":{"type":"Point","coordinates":[107.59341,34.322919]}},{"type":"Feature","properties":{"id":"st-2875","name":"千阳","province":"陕西","city":"宝鸡","tier":"local","sourceCount":0,"source":"csv"},"geometry":{"type":"Point","coordinates":[107.110946,34.636496]}},{"type":"Feature","properties":{"id":"st-2876","name":"水沟","province":"陕西","city":"宝鸡","tier":"local","sourceCount":0,"source":"csv"},"geometry":{"type":"Point","coordinates":[107.014895,34.747407]}},{"type":"Feature","properties":{"id":"st-2877","name":"宝鸡","province":"陕西","city":"宝鸡","tier":"regional-hub","sourceCount":14,"source":"csv"},"geometry":{"type":"Point","coordinates":[107.148111,34.374091]}},{"type":"Feature","properties":{"id":"st-2878","name":"丹凤","province":"陕西","city":"商洛","tier":"local","sourceCount":0,"source":"csv"},"geometry":{"type":"Point","coordinates":[110.349097,33.68172]}},{"type":"Feature","properties":{"id":"st-2879","name":"张桥","province":"陕西","city":"渭南","tier":"local","sourceCount":0,"source":"csv"},"geometry":{"type":"Point","coordinates":[109.396923,34.773154]}},{"type":"Feature","properties":{"id":"st-2880","name":"富县","province":"陕西","city":"延安","tier":"local","sourceCount":0,"source":"csv"},"geometry":{"type":"Point","coordinates":[109.384374,36.008696]}},{"type":"Feature","properties":{"id":"st-2881","name":"富县东","province":"陕西","city":"延安","tier":"regional-hub","sourceCount":0,"source":"csv"},"geometry":{"type":"Point","coordinates":[109.39284,36.021071]}},{"type":"Feature","properties":{"id":"st-2882","name":"甘泉","province":"陕西","city":"延安","tier":"local","sourceCount":0,"source":"csv"},"geometry":{"type":"Point","coordinates":[109.34198,36.258498]}},{"type":"Feature","properties":{"id":"st-2883","name":"韩城","province":"陕西","city":"渭南","tier":"regional-hub","sourceCount":6,"source":"csv"},"geometry":{"type":"Point","coordinates":[110.436298,35.484165]}},{"type":"Feature","properties":{"id":"st-2884","name":"安康","province":"陕西","city":"安康","tier":"regional-hub","sourceCount":9,"source":"csv"},"geometry":{"type":"Point","coordinates":[109.012609,32.714608]}},{"type":"Feature","properties":{"id":"st-2885","name":"城固","province":"陕西","city":"汉中","tier":"local","sourceCount":0,"source":"csv"},"geometry":{"type":"Point","coordinates":[107.318051,33.14057]}},{"type":"Feature","properties":{"id":"st-2886","name":"汉中","province":"陕西","city":"汉中","tier":"regional-hub","sourceCount":14,"source":"csv"},"geometry":{"type":"Point","coordinates":[107.025595,33.09172]}},{"type":"Feature","properties":{"id":"st-2887","name":"白水江","province":"陕西","city":"汉中","tier":"local","sourceCount":0,"source":"csv"},"geometry":{"type":"Point","coordinates":[106.078606,33.575147]}},{"type":"Feature","properties":{"id":"st-2888","name":"略阳","province":"陕西","city":"汉中","tier":"local","sourceCount":0,"source":"csv"},"geometry":{"type":"Point","coordinates":[106.142112,33.333039]}},{"type":"Feature","properties":{"id":"st-2889","name":"乐素河","province":"陕西","city":"汉中","tier":"local","sourceCount":0,"source":"csv"},"geometry":{"type":"Point","coordinates":[106.046079,33.193829]}},{"type":"Feature","properties":{"id":"st-2890","name":"高潭子","province":"陕西","city":"汉中","tier":"local","sourceCount":0,"source":"csv"},"geometry":{"type":"Point","coordinates":[106.041994,33.124542]}},{"type":"Feature","properties":{"id":"st-2891","name":"马蹄湾","province":"陕西","city":"汉中","tier":"local","sourceCount":0,"source":"csv"},"geometry":{"type":"Point","coordinates":[106.037214,33.470977]}},{"type":"Feature","properties":{"id":"st-2892","name":"徐家坪","province":"陕西","city":"汉中","tier":"local","sourceCount":0,"source":"csv"},"geometry":{"type":"Point","coordinates":[106.049453,33.407086]}},{"type":"Feature","properties":{"id":"st-2893","name":"勉县","province":"陕西","city":"汉中","tier":"local","sourceCount":0,"source":"csv"},"geometry":{"type":"Point","coordinates":[106.688027,33.173093]}},{"type":"Feature","properties":{"id":"st-2894","name":"巨亭","province":"陕西","city":"汉中","tier":"local","sourceCount":0,"source":"csv"},"geometry":{"type":"Point","coordinates":[106.084476,33.057787]}},{"type":"Feature","properties":{"id":"st-2895","name":"燕子砭","province":"陕西","city":"汉中","tier":"local","sourceCount":0,"source":"csv"},"geometry":{"type":"Point","coordinates":[105.921986,32.919427]}},{"type":"Feature","properties":{"id":"st-2896","name":"阳平关","province":"陕西","city":"汉中","tier":"local","sourceCount":1,"source":"csv"},"geometry":{"type":"Point","coordinates":[106.039979,32.974292]}},{"type":"Feature","properties":{"id":"st-2897","name":"茶镇","province":"陕西","city":"汉中","tier":"local","sourceCount":0,"source":"csv"},"geometry":{"type":"Point","coordinates":[108.050246,33.041317]}},{"type":"Feature","properties":{"id":"st-2898","name":"西乡","province":"陕西","city":"汉中","tier":"local","sourceCount":0,"source":"csv"},"geometry":{"type":"Point","coordinates":[107.755338,32.995784]}},{"type":"Feature","properties":{"id":"st-2899","name":"三花石","province":"陕西","city":"汉中","tier":"local","sourceCount":0,"source":"csv"},"geometry":{"type":"Point","coordinates":[108.073149,33.034569]}},{"type":"Feature","properties":{"id":"st-2900","name":"晏家坝","province":"陕西","city":"汉中","tier":"local","sourceCount":0,"source":"csv"},"geometry":{"type":"Point","coordinates":[107.461617,33.114493]}},{"type":"Feature","properties":{"id":"st-2901","name":"华山北","province":"陕西","city":"渭南","tier":"regional-hub","sourceCount":1,"source":"csv"},"geometry":{"type":"Point","coordinates":[110.093004,34.581704]}},{"type":"Feature","properties":{"id":"st-2902","name":"华山","province":"陕西","city":"渭南","tier":"local","sourceCount":0,"source":"csv"},"geometry":{"type":"Point","coordinates":[110.135191,34.556139]}},{"type":"Feature","properties":{"id":"st-2903","name":"黄陵","province":"陕西","city":"延安","tier":"local","sourceCount":0,"source":"csv"},"geometry":{"type":"Point","coordinates":[109.351266,35.618284]}},{"type":"Feature","properties":{"id":"st-2904","name":"刘家沟","province":"陕西","city":"延安","tier":"local","sourceCount":0,"source":"csv"},"geometry":{"type":"Point","coordinates":[113.125049,41.947888]}},{"type":"Feature","properties":{"id":"st-2905","name":"永乐店","province":"陕西","city":"咸阳","tier":"local","sourceCount":0,"source":"csv"},"geometry":{"type":"Point","coordinates":[108.942921,34.536267]}},{"type":"Feature","properties":{"id":"st-2906","name":"靖边","province":"陕西","city":"榆林","tier":"local","sourceCount":0,"source":"csv"},"geometry":{"type":"Point","coordinates":[108.751156,37.618891]}},{"type":"Feature","properties":{"id":"st-2907","name":"洛川","province":"陕西","city":"榆林","tier":"local","sourceCount":0,"source":"csv"},"geometry":{"type":"Point","coordinates":[109.325014,35.782653]}},{"type":"Feature","properties":{"id":"st-2908","name":"贺家河","province":"陕西","city":"渭南","tier":"local","sourceCount":0,"source":"csv"},"geometry":{"type":"Point","coordinates":[109.473443,35.416505]}},{"type":"Feature","properties":{"id":"st-2909","name":"杜赵","province":"陕西","city":"渭南","tier":"local","sourceCount":0,"source":"csv"},"geometry":{"type":"Point","coordinates":[109.642429,34.940231]}},{"type":"Feature","properties":{"id":"st-2910","name":"集北","province":"陕西","city":"渭南","tier":"regional-hub","sourceCount":0,"source":"csv"},"geometry":{"type":"Point","coordinates":[109.487133,34.899197]}},{"type":"Feature","properties":{"id":"st-2911","name":"苏家坡","province":"陕西","city":"渭南","tier":"local","sourceCount":0,"source":"csv"},"geometry":{"type":"Point","coordinates":[109.814261,35.040474]}},{"type":"Feature","properties":{"id":"st-2912","name":"蒲城东","province":"陕西","city":"渭南","tier":"regional-hub","sourceCount":0,"source":"csv"},"geometry":{"type":"Point","coordinates":[109.605064,34.990213]}},{"type":"Feature","properties":{"id":"st-2913","name":"三原","province":"陕西","city":"咸阳","tier":"local","sourceCount":0,"source":"csv"},"geometry":{"type":"Point","coordinates":[108.942954,34.606743]}},{"type":"Feature","properties":{"id":"st-2914","name":"商洛","province":"陕西","city":"商洛","tier":"local","sourceCount":0,"source":"csv"},"geometry":{"type":"Point","coordinates":[110.013266,33.82293]}},{"type":"Feature","properties":{"id":"st-2915","name":"砚川","province":"陕西","city":"商洛","tier":"local","sourceCount":0,"source":"csv"},"geometry":{"type":"Point","coordinates":[109.842933,34.05974]}},{"type":"Feature","properties":{"id":"st-2916","name":"柞水","province":"陕西","city":"商洛","tier":"local","sourceCount":0,"source":"csv"},"geometry":{"type":"Point","coordinates":[109.141845,33.640748]}},{"type":"Feature","properties":{"id":"st-2917","name":"镇安","province":"陕西","city":"商洛","tier":"local","sourceCount":0,"source":"csv"},"geometry":{"type":"Point","coordinates":[109.164374,33.422486]}},{"type":"Feature","properties":{"id":"st-2918","name":"商南","province":"陕西","city":"商洛","tier":"regional-hub","sourceCount":1,"source":"csv"},"geometry":{"type":"Point","coordinates":[110.895601,33.527998]}},{"type":"Feature","properties":{"id":"st-2919","name":"钟家村","province":"陕西","city":"渭南","tier":"local","sourceCount":0,"source":"csv"},"geometry":{"type":"Point","coordinates":[109.470241,34.829274]}},{"type":"Feature","properties":{"id":"st-2920","name":"洞子崖","province":"陕西","city":"渭南","tier":"local","sourceCount":0,"source":"csv"},"geometry":{"type":"Point","coordinates":[109.725386,35.227736]}},{"type":"Feature","properties":{"id":"st-2921","name":"韦庄","province":"陕西","city":"渭南","tier":"local","sourceCount":0,"source":"csv"},"geometry":{"type":"Point","coordinates":[109.930822,34.971475]}},{"type":"Feature","properties":{"id":"st-2922","name":"大荔","province":"陕西","city":"渭南","tier":"local","sourceCount":0,"source":"csv"},"geometry":{"type":"Point","coordinates":[109.822607,34.89854]}},{"type":"Feature","properties":{"id":"st-2923","name":"合阳","province":"陕西","city":"渭南","tier":"local","sourceCount":0,"source":"csv"},"geometry":{"type":"Point","coordinates":[110.086079,35.195701]}},{"type":"Feature","properties":{"id":"st-2924","name":"渭南","province":"陕西","city":"渭南","tier":"regional-hub","sourceCount":2,"source":"csv"},"geometry":{"type":"Point","coordinates":[109.488591,34.486148]}},{"type":"Feature","properties":{"id":"st-2925","name":"渭南南","province":"陕西","city":"渭南","tier":"regional-hub","sourceCount":0,"source":"csv"},"geometry":{"type":"Point","coordinates":[110.051585,35.285178]}},{"type":"Feature","properties":{"id":"st-2926","name":"渭南北","province":"陕西","city":"渭南","tier":"regional-hub","sourceCount":0,"source":"csv"},"geometry":{"type":"Point","coordinates":[109.476327,34.537515]}},{"type":"Feature","properties":{"id":"st-2927","name":"坡底村","province":"陕西","city":"渭南","tier":"local","sourceCount":0,"source":"csv"},"geometry":{"type":"Point","coordinates":[109.819009,35.092966]}},{"type":"Feature","properties":{"id":"st-2928","name":"孙镇","province":"陕西","city":"渭南","tier":"local","sourceCount":0,"source":"csv"},"geometry":{"type":"Point","coordinates":[109.761387,34.978008]}},{"type":"Feature","properties":{"id":"st-2929","name":"潼关","province":"陕西","city":"渭南","tier":"local","sourceCount":1,"source":"csv"},"geometry":{"type":"Point","coordinates":[110.242685,34.537229]}},{"type":"Feature","properties":{"id":"st-2930","name":"吴堡","province":"陕西","city":"榆林","tier":"local","sourceCount":0,"source":"csv"},"geometry":{"type":"Point","coordinates":[110.272722,38.031779]}},{"type":"Feature","properties":{"id":"st-2931","name":"西安","province":"陕西","city":"西安","tier":"national-hub","sourceCount":76,"source":"csv"},"geometry":{"type":"Point","coordinates":[108.957995,34.278711]}},{"type":"Feature","properties":{"id":"st-2932","name":"阎良","province":"陕西","city":"西安","tier":"local","sourceCount":2,"source":"csv"},"geometry":{"type":"Point","coordinates":[109.223876,34.669391]}},{"type":"Feature","properties":{"id":"st-2933","name":"杨陵","province":"陕西","city":"咸阳","tier":"local","sourceCount":0,"source":"csv"},"geometry":{"type":"Point","coordinates":[108.073873,34.269308]}},{"type":"Feature","properties":{"id":"st-2934","name":"西安南","province":"陕西","city":"西安","tier":"national-hub","sourceCount":0,"source":"csv"},"geometry":{"type":"Point","coordinates":[109.096409,34.094282]}},{"type":"Feature","properties":{"id":"st-2935","name":"咸阳","province":"陕西","city":"咸阳","tier":"local","sourceCount":0,"source":"csv"},"geometry":{"type":"Point","coordinates":[108.730077,34.345274]}},{"type":"Feature","properties":{"id":"st-2936","name":"武功","province":"陕西","city":"咸阳","tier":"local","sourceCount":0,"source":"csv"},"geometry":{"type":"Point","coordinates":[108.200431,34.259591]}},{"type":"Feature","properties":{"id":"st-2937","name":"咸阳秦都","province":"陕西","city":"咸阳","tier":"local","sourceCount":0,"source":"csv"},"geometry":{"type":"Point","coordinates":[108.66222,34.332684]}},{"type":"Feature","properties":{"id":"st-2938","name":"兴平","province":"陕西","city":"咸阳","tier":"local","sourceCount":0,"source":"csv"},"geometry":{"type":"Point","coordinates":[108.484151,34.290526]}},{"type":"Feature","properties":{"id":"st-2939","name":"旬阳北","province":"陕西","city":"安康","tier":"regional-hub","sourceCount":0,"source":"csv"},"geometry":{"type":"Point","coordinates":[109.299942,32.849207]}},{"type":"Feature","properties":{"id":"st-2940","name":"旬阳","province":"陕西","city":"安康","tier":"local","sourceCount":0,"source":"csv"},"geometry":{"type":"Point","coordinates":[109.348038,32.838806]}},{"type":"Feature","properties":{"id":"st-2941","name":"棕溪","province":"陕西","city":"安康","tier":"local","sourceCount":0,"source":"csv"},"geometry":{"type":"Point","coordinates":[109.553959,32.873224]}},{"type":"Feature","properties":{"id":"st-2942","name":"延安","province":"陕西","city":"延安","tier":"regional-hub","sourceCount":6,"source":"csv"},"geometry":{"type":"Point","coordinates":[109.475776,36.557405]}},{"type":"Feature","properties":{"id":"st-2943","name":"道镇","province":"陕西","city":"延安","tier":"local","sourceCount":0,"source":"csv"},"geometry":{"type":"Point","coordinates":[109.363221,36.133151]}},{"type":"Feature","properties":{"id":"st-2944","name":"甘泉北","province":"陕西","city":"延安","tier":"regional-hub","sourceCount":0,"source":"csv"},"geometry":{"type":"Point","coordinates":[109.341508,36.277933]}},{"type":"Feature","properties":{"id":"st-2945","name":"子长","province":"陕西","city":"延安","tier":"local","sourceCount":0,"source":"csv"},"geometry":{"type":"Point","coordinates":[109.742554,37.152282]}},{"type":"Feature","properties":{"id":"st-2946","name":"杨陵南","province":"陕西","city":"咸阳","tier":"regional-hub","sourceCount":0,"source":"csv"},"geometry":{"type":"Point","coordinates":[108.048084,34.253774]}},{"type":"Feature","properties":{"id":"st-2947","name":"米脂","province":"陕西","city":"榆林","tier":"local","sourceCount":0,"source":"csv"},"geometry":{"type":"Point","coordinates":[110.167504,37.747377]}},{"type":"Feature","properties":{"id":"st-2948","name":"清涧县","province":"陕西","city":"榆林","tier":"local","sourceCount":0,"source":"csv"},"geometry":{"type":"Point","coordinates":[109.992754,37.166394]}},{"type":"Feature","properties":{"id":"st-2949","name":"神木","province":"陕西","city":"榆林","tier":"regional-hub","sourceCount":4,"source":"csv"},"geometry":{"type":"Point","coordinates":[110.48205,38.860233]}},{"type":"Feature","properties":{"id":"st-2950","name":"绥德","province":"陕西","city":"榆林","tier":"local","sourceCount":0,"source":"csv"},"geometry":{"type":"Point","coordinates":[110.257752,37.548108]}},{"type":"Feature","properties":{"id":"st-2951","name":"榆林","province":"陕西","city":"榆林","tier":"local","sourceCount":3,"source":"csv"},"geometry":{"type":"Point","coordinates":[109.714589,38.273206]}},{"type":"Feature","properties":{"id":"st-2952","name":"巴山","province":"陕西","city":"汉中","tier":"local","sourceCount":0,"source":"csv"},"geometry":{"type":"Point","coordinates":[108.113844,32.258926]}},{"type":"Feature","properties":{"id":"st-2953","name":"子洲","province":"陕西","city":"榆林","tier":"local","sourceCount":0,"source":"csv"},"geometry":{"type":"Point","coordinates":[109.94783,37.61084]}},{"type":"Feature","properties":{"id":"st-2954","name":"毛坝关","province":"陕西","city":"安康","tier":"local","sourceCount":0,"source":"csv"},"geometry":{"type":"Point","coordinates":[108.24672,32.344412]}},{"type":"Feature","properties":{"id":"st-2955","name":"蒲家","province":"四川","city":"达州","tier":"local","sourceCount":0,"source":"csv"},"geometry":{"type":"Point","coordinates":[107.503243,31.389459]}},{"type":"Feature","properties":{"id":"st-2956","name":"石柱槽","province":"四川","city":"达州","tier":"local","sourceCount":0,"source":"csv"},"geometry":{"type":"Point","coordinates":[107.594477,31.456848]}},{"type":"Feature","properties":{"id":"st-2957","name":"朝天","province":"四川","city":"广元","tier":"local","sourceCount":0,"source":"csv"},"geometry":{"type":"Point","coordinates":[105.919476,32.78719]}},{"type":"Feature","properties":{"id":"st-2958","name":"大滩","province":"四川","city":"广元","tier":"local","sourceCount":0,"source":"csv"},"geometry":{"type":"Point","coordinates":[105.926019,32.793079]}},{"type":"Feature","properties":{"id":"st-2959","name":"花楼坝","province":"四川","city":"遂宁","tier":"local","sourceCount":0,"source":"csv"},"geometry":{"type":"Point","coordinates":[107.854674,31.796069]}},{"type":"Feature","properties":{"id":"st-2960","name":"万源","province":"四川","city":"达州","tier":"local","sourceCount":2,"source":"csv"},"geometry":{"type":"Point","coordinates":[108.037254,32.085544]}},{"type":"Feature","properties":{"id":"st-2961","name":"青花","province":"四川","city":"达州","tier":"local","sourceCount":0,"source":"csv"},"geometry":{"type":"Point","coordinates":[108.00195,31.982421]}},{"type":"Feature","properties":{"id":"st-2962","name":"宣汉","province":"四川","city":"达州","tier":"local","sourceCount":0,"source":"csv"},"geometry":{"type":"Point","coordinates":[107.654126,31.545171]}},{"type":"Feature","properties":{"id":"st-2963","name":"毛坝","province":"四川","city":"达州","tier":"local","sourceCount":0,"source":"csv"},"geometry":{"type":"Point","coordinates":[107.740422,31.618593]}},{"type":"Feature","properties":{"id":"st-2964","name":"安阳东","province":"河南","city":"安阳","tier":"regional-hub","sourceCount":5,"source":"csv"},"geometry":{"type":"Point","coordinates":[114.446049,36.084529]}},{"type":"Feature","properties":{"id":"st-2965","name":"鹤壁东","province":"河南","city":"鹤壁","tier":"regional-hub","sourceCount":0,"source":"csv"},"geometry":{"type":"Point","coordinates":[114.294159,35.706186]}},{"type":"Feature","properties":{"id":"st-2966","name":"平顶山西","province":"河南","city":"平顶山","tier":"regional-hub","sourceCount":0,"source":"csv"},"geometry":{"type":"Point","coordinates":[113.04059,33.856417]}},{"type":"Feature","properties":{"id":"st-2967","name":"邓州","province":"河南","city":"南阳","tier":"local","sourceCount":2,"source":"csv"},"geometry":{"type":"Point","coordinates":[112.064686,32.685001]}},{"type":"Feature","properties":{"id":"st-2968","name":"封丘","province":"河南","city":"新乡","tier":"local","sourceCount":0,"source":"csv"},"geometry":{"type":"Point","coordinates":[114.413085,35.045317]}},{"type":"Feature","properties":{"id":"st-2969","name":"巩义","province":"河南","city":"郑州","tier":"local","sourceCount":0,"source":"csv"},"geometry":{"type":"Point","coordinates":[112.97484,34.761444]}},{"type":"Feature","properties":{"id":"st-2970","name":"巩义南","province":"河南","city":"郑州","tier":"regional-hub","sourceCount":0,"source":"csv"},"geometry":{"type":"Point","coordinates":[112.909588,34.672554]}},{"type":"Feature","properties":{"id":"st-2971","name":"安阳","province":"河南","city":"安阳","tier":"regional-hub","sourceCount":7,"source":"csv"},"geometry":{"type":"Point","coordinates":[114.334509,36.104631]}},{"type":"Feature","properties":{"id":"st-2972","name":"鹤壁","province":"河南","city":"鹤壁","tier":"local","sourceCount":0,"source":"csv"},"geometry":{"type":"Point","coordinates":[114.268301,35.759925]}},{"type":"Feature","properties":{"id":"st-2973","name":"滑县南","province":"河南","city":"安阳","tier":"regional-hub","sourceCount":0,"source":"csv"},"geometry":{"type":"Point","coordinates":[114.485179,35.226634]}},{"type":"Feature","properties":{"id":"st-2974","name":"获嘉","province":"河南","city":"新乡","tier":"local","sourceCount":0,"source":"csv"},"geometry":{"type":"Point","coordinates":[113.642926,35.256673]}},{"type":"Feature","properties":{"id":"st-2975","name":"狮子营","province":"河南","city":"新乡","tier":"local","sourceCount":0,"source":"csv"},"geometry":{"type":"Point","coordinates":[113.540733,35.250216]}},{"type":"Feature","properties":{"id":"st-2976","name":"济源","province":"河南","city":"济源","tier":"local","sourceCount":0,"source":"csv"},"geometry":{"type":"Point","coordinates":[112.567879,35.111358]}},{"type":"Feature","properties":{"id":"st-2977","name":"盘古寺","province":"河南","city":"济源","tier":"local","sourceCount":0,"source":"csv"},"geometry":{"type":"Point","coordinates":[112.584752,35.165313]}},{"type":"Feature","properties":{"id":"st-2978","name":"莲东","province":"河南","city":"济源","tier":"regional-hub","sourceCount":0,"source":"csv"},"geometry":{"type":"Point","coordinates":[112.633643,35.130548]}},{"type":"Feature","properties":{"id":"st-2979","name":"沁河北","province":"河南","city":"济源","tier":"regional-hub","sourceCount":0,"source":"csv"},"geometry":{"type":"Point","coordinates":[115.655461,38.613268]}},{"type":"Feature","properties":{"id":"st-2980","name":"轵城","province":"河南","city":"济源","tier":"local","sourceCount":0,"source":"csv"},"geometry":{"type":"Point","coordinates":[112.589088,35.04092]}},{"type":"Feature","properties":{"id":"st-2981","name":"月山","province":"河南","city":"焦作","tier":"local","sourceCount":0,"source":"csv"},"geometry":{"type":"Point","coordinates":[113.048117,35.210455]}},{"type":"Feature","properties":{"id":"st-2982","name":"焦作","province":"河南","city":"焦作","tier":"regional-hub","sourceCount":27,"source":"csv"},"geometry":{"type":"Point","coordinates":[113.228564,35.223366]}},{"type":"Feature","properties":{"id":"st-2983","name":"待王","province":"河南","city":"焦作","tier":"local","sourceCount":0,"source":"csv"},"geometry":{"type":"Point","coordinates":[113.329686,35.238931]}},{"type":"Feature","properties":{"id":"st-2984","name":"后寨","province":"河南","city":"沁阳","tier":"local","sourceCount":0,"source":"csv"},"geometry":{"type":"Point","coordinates":[112.944363,35.200479]}},{"type":"Feature","properties":{"id":"st-2985","name":"开封","province":"河南","city":"开封","tier":"local","sourceCount":0,"source":"csv"},"geometry":{"type":"Point","coordinates":[114.34715,34.771931]}},{"type":"Feature","properties":{"id":"st-2986","name":"兰考","province":"河南","city":"开封","tier":"local","sourceCount":0,"source":"csv"},"geometry":{"type":"Point","coordinates":[114.813972,34.816293]}},{"type":"Feature","properties":{"id":"st-2987","name":"灵宝","province":"河南","city":"三门峡","tier":"local","sourceCount":0,"source":"csv"},"geometry":{"type":"Point","coordinates":[110.89254,34.512107]}},{"type":"Feature","properties":{"id":"st-2988","name":"灵宝西","province":"河南","city":"三门峡","tier":"regional-hub","sourceCount":2,"source":"csv"},"geometry":{"type":"Point","coordinates":[110.68375,34.579661]}},{"type":"Feature","properties":{"id":"st-2989","name":"洛阳东","province":"河南","city":"洛阳","tier":"regional-hub","sourceCount":0,"source":"csv"},"geometry":{"type":"Point","coordinates":[112.480248,34.6972]}},{"type":"Feature","properties":{"id":"st-2990","name":"留庄","province":"河南","city":"洛阳","tier":"local","sourceCount":0,"source":"csv"},"geometry":{"type":"Point","coordinates":[112.502893,34.934909]}},{"type":"Feature","properties":{"id":"st-2991","name":"关林","province":"河南","city":"洛阳","tier":"local","sourceCount":0,"source":"csv"},"geometry":{"type":"Point","coordinates":[112.506838,34.635455]}},{"type":"Feature","properties":{"id":"st-2992","name":"洛阳","province":"河南","city":"洛阳","tier":"regional-hub","sourceCount":23,"source":"csv"},"geometry":{"type":"Point","coordinates":[112.429938,34.68662]}},{"type":"Feature","properties":{"id":"st-2993","name":"临颍","province":"河南","city":"漯河","tier":"local","sourceCount":0,"source":"csv"},"geometry":{"type":"Point","coordinates":[113.91458,33.80824]}},{"type":"Feature","properties":{"id":"st-2994","name":"白合","province":"河南","city":"洛阳","tier":"local","sourceCount":0,"source":"csv"},"geometry":{"type":"Point","coordinates":[112.540529,34.850996]}},{"type":"Feature","properties":{"id":"st-2995","name":"王庄","province":"河南","city":"洛阳","tier":"local","sourceCount":0,"source":"csv"},"geometry":{"type":"Point","coordinates":[112.48869,34.887648]}},{"type":"Feature","properties":{"id":"st-2996","name":"孟津","province":"河南","city":"洛阳","tier":"local","sourceCount":0,"source":"csv"},"geometry":{"type":"Point","coordinates":[112.594538,34.796997]}},{"type":"Feature","properties":{"id":"st-2997","name":"渑池","province":"河南","city":"三门峡","tier":"local","sourceCount":0,"source":"csv"},"geometry":{"type":"Point","coordinates":[111.779834,34.754583]}},{"type":"Feature","properties":{"id":"st-2998","name":"渑池南","province":"河南","city":"三门峡","tier":"regional-hub","sourceCount":0,"source":"csv"},"geometry":{"type":"Point","coordinates":[111.768268,34.686204]}},{"type":"Feature","properties":{"id":"st-2999","name":"南阳","province":"河南","city":"南阳","tier":"regional-hub","sourceCount":5,"source":"csv"},"geometry":{"type":"Point","coordinates":[112.506233,33.000431]}},{"type":"Feature","properties":{"id":"st-3000","name":"南召","province":"河南","city":"南阳","tier":"local","sourceCount":0,"source":"csv"},"geometry":{"type":"Point","coordinates":[112.734179,33.441748]}},{"type":"Feature","properties":{"id":"st-3001","name":"内乡","province":"河南","city":"南阳","tier":"local","sourceCount":0,"source":"csv"},"geometry":{"type":"Point","coordinates":[111.860075,33.069871]}},{"type":"Feature","properties":{"id":"st-3002","name":"鲁山","province":"河南","city":"平顶山","tier":"local","sourceCount":0,"source":"csv"},"geometry":{"type":"Point","coordinates":[112.89798,33.749898]}},{"type":"Feature","properties":{"id":"st-3003","name":"沁阳","province":"河南","city":"焦作","tier":"local","sourceCount":0,"source":"csv"},"geometry":{"type":"Point","coordinates":[112.944103,35.200526]}},{"type":"Feature","properties":{"id":"st-3004","name":"捏掌","province":"河南","city":"沁阳","tier":"local","sourceCount":0,"source":"csv"},"geometry":{"type":"Point","coordinates":[112.824589,35.191384]}},{"type":"Feature","properties":{"id":"st-3005","name":"汝阳","province":"河南","city":"沁阳","tier":"local","sourceCount":0,"source":"csv"},"geometry":{"type":"Point","coordinates":[112.549501,34.308744]}},{"type":"Feature","properties":{"id":"st-3006","name":"汝州","province":"河南","city":"平顶山","tier":"local","sourceCount":0,"source":"csv"},"geometry":{"type":"Point","coordinates":[112.821607,34.171208]}},{"type":"Feature","properties":{"id":"st-3007","name":"三门峡南","province":"河南","city":"三门峡","tier":"regional-hub","sourceCount":0,"source":"csv"},"geometry":{"type":"Point","coordinates":[111.154273,34.749567]}},{"type":"Feature","properties":{"id":"st-3008","name":"三门峡","province":"河南","city":"三门峡","tier":"local","sourceCount":0,"source":"csv"},"geometry":{"type":"Point","coordinates":[111.227189,34.76158]}},{"type":"Feature","properties":{"id":"st-3009","name":"三门峡西","province":"河南","city":"三门峡","tier":"regional-hub","sourceCount":0,"source":"csv"},"geometry":{"type":"Point","coordinates":[111.081256,34.694404]}},{"type":"Feature","properties":{"id":"st-3010","name":"民权","province":"河南","city":"商丘","tier":"local","sourceCount":0,"source":"csv"},"geometry":{"type":"Point","coordinates":[115.13481,34.646332]}},{"type":"Feature","properties":{"id":"st-3011","name":"商丘南","province":"河南","city":"商丘","tier":"regional-hub","sourceCount":0,"source":"csv"},"geometry":{"type":"Point","coordinates":[115.699055,34.40946]}},{"type":"Feature","properties":{"id":"st-3012","name":"宁陵县","province":"河南","city":"商丘","tier":"local","sourceCount":0,"source":"csv"},"geometry":{"type":"Point","coordinates":[115.311905,34.574499]}},{"type":"Feature","properties":{"id":"st-3013","name":"商丘","province":"河南","city":"商丘","tier":"regional-hub","sourceCount":19,"source":"csv"},"geometry":{"type":"Point","coordinates":[115.651356,34.444987]}},{"type":"Feature","properties":{"id":"st-3014","name":"汤阴","province":"河南","city":"安阳","tier":"local","sourceCount":0,"source":"csv"},"geometry":{"type":"Point","coordinates":[114.340228,35.914548]}},{"type":"Feature","properties":{"id":"st-3015","name":"唐河","province":"河南","city":"南阳","tier":"local","sourceCount":0,"source":"csv"},"geometry":{"type":"Point","coordinates":[112.845403,32.669144]}},{"type":"Feature","properties":{"id":"st-3016","name":"桐柏","province":"河南","city":"南阳","tier":"local","sourceCount":0,"source":"csv"},"geometry":{"type":"Point","coordinates":[113.430085,32.391735]}},{"type":"Feature","properties":{"id":"st-3017","name":"卫辉","province":"河南","city":"新乡","tier":"local","sourceCount":0,"source":"csv"},"geometry":{"type":"Point","coordinates":[114.055922,35.432045]}},{"type":"Feature","properties":{"id":"st-3018","name":"西峡","province":"河南","city":"南阳","tier":"local","sourceCount":1,"source":"csv"},"geometry":{"type":"Point","coordinates":[111.506344,33.273099]}},{"type":"Feature","properties":{"id":"st-3019","name":"新安县","province":"河南","city":"洛阳","tier":"local","sourceCount":0,"source":"csv"},"geometry":{"type":"Point","coordinates":[112.148062,34.719394]}},{"type":"Feature","properties":{"id":"st-3020","name":"新乡","province":"河南","city":"新乡","tier":"regional-hub","sourceCount":10,"source":"csv"},"geometry":{"type":"Point","coordinates":[113.853652,35.306359]}},{"type":"Feature","properties":{"id":"st-3021","name":"新乡东","province":"河南","city":"新乡","tier":"regional-hub","sourceCount":0,"source":"csv"},"geometry":{"type":"Point","coordinates":[113.97267,35.314883]}},{"type":"Feature","properties":{"id":"st-3022","name":"修武","province":"河南","city":"焦作","tier":"local","sourceCount":0,"source":"csv"},"geometry":{"type":"Point","coordinates":[113.432561,35.243569]}},{"type":"Feature","properties":{"id":"st-3023","name":"许昌东","province":"河南","city":"许昌","tier":"regional-hub","sourceCount":4,"source":"csv"},"geometry":{"type":"Point","coordinates":[113.882369,34.049719]}},{"type":"Feature","properties":{"id":"st-3024","name":"许昌","province":"河南","city":"许昌","tier":"local","sourceCount":0,"source":"csv"},"geometry":{"type":"Point","coordinates":[113.814932,34.021687]}},{"type":"Feature","properties":{"id":"st-3025","name":"长葛","province":"河南","city":"许昌","tier":"local","sourceCount":0,"source":"csv"},"geometry":{"type":"Point","coordinates":[113.772506,34.215195]}},{"type":"Feature","properties":{"id":"st-3026","name":"延津","province":"河南","city":"新乡","tier":"local","sourceCount":0,"source":"csv"},"geometry":{"type":"Point","coordinates":[113.97267,35.314883]}},{"type":"Feature","properties":{"id":"st-3027","name":"偃师","province":"河南","city":"洛阳","tier":"local","sourceCount":0,"source":"csv"},"geometry":{"type":"Point","coordinates":[112.788236,34.729569]}},{"type":"Feature","properties":{"id":"st-3028","name":"义马","province":"河南","city":"三门峡","tier":"local","sourceCount":0,"source":"csv"},"geometry":{"type":"Point","coordinates":[111.90655,34.722392]}},{"type":"Feature","properties":{"id":"st-3029","name":"长垣","province":"河南","city":"新乡","tier":"local","sourceCount":0,"source":"csv"},"geometry":{"type":"Point","coordinates":[114.654194,35.211404]}},{"type":"Feature","properties":{"id":"st-3030","name":"文庄村","province":"河南","city":"新乡","tier":"local","sourceCount":0,"source":"csv"},"geometry":{"type":"Point","coordinates":[114.654194,35.211404]}},{"type":"Feature","properties":{"id":"st-3031","name":"镇平","province":"河南","city":"南阳","tier":"local","sourceCount":0,"source":"csv"},"geometry":{"type":"Point","coordinates":[112.218481,33.055182]}},{"type":"Feature","properties":{"id":"st-3032","name":"郑州","province":"河南","city":"郑州","tier":"national-hub","sourceCount":66,"source":"csv"},"geometry":{"type":"Point","coordinates":[113.653617,34.747507]}},{"type":"Feature","properties":{"id":"st-3033","name":"上街","province":"河南","city":"郑州","tier":"local","sourceCount":0,"source":"csv"},"geometry":{"type":"Point","coordinates":[113.265029,34.827361]}},{"type":"Feature","properties":{"id":"st-3034","name":"郑州东","province":"河南","city":"郑州","tier":"national-hub","sourceCount":89,"source":"csv"},"geometry":{"type":"Point","coordinates":[113.772957,34.760199]}},{"type":"Feature","properties":{"id":"st-3035","name":"东明县","province":"山东","city":"菏泽","tier":"local","sourceCount":0,"source":"csv"},"geometry":{"type":"Point","coordinates":[115.086541,35.268884]}},{"type":"Feature","properties":{"id":"st-3036","name":"算王庄","province":"山东","city":"菏泽","tier":"local","sourceCount":0,"source":"csv"},"geometry":{"type":"Point","coordinates":[115.300401,35.253322]}},{"type":"Feature","properties":{"id":"st-3037","name":"南陈铺","province":"山西","city":"晋城","tier":"local","sourceCount":0,"source":"csv"},"geometry":{"type":"Point","coordinates":[112.901812,35.727172]}},{"type":"Feature","properties":{"id":"st-3038","name":"西阳村","province":"山西","city":"晋城","tier":"local","sourceCount":0,"source":"csv"},"geometry":{"type":"Point","coordinates":[112.87241,35.869385]}},{"type":"Feature","properties":{"id":"st-3039","name":"赵庄","province":"山西","city":"晋城","tier":"local","sourceCount":0,"source":"csv"},"geometry":{"type":"Point","coordinates":[112.852499,35.943603]}},{"type":"Feature","properties":{"id":"st-3040","name":"高平","province":"山西","city":"晋城","tier":"local","sourceCount":0,"source":"csv"},"geometry":{"type":"Point","coordinates":[112.912862,35.80132]}},{"type":"Feature","properties":{"id":"st-3041","name":"西武匠","province":"山西","city":"晋城","tier":"local","sourceCount":0,"source":"csv"},"geometry":{"type":"Point","coordinates":[112.870247,35.450811]}},{"type":"Feature","properties":{"id":"st-3042","name":"晋城北","province":"山西","city":"晋城","tier":"regional-hub","sourceCount":0,"source":"csv"},"geometry":{"type":"Point","coordinates":[112.898743,35.509719]}},{"type":"Feature","properties":{"id":"st-3043","name":"晋城","province":"山西","city":"晋城","tier":"local","sourceCount":1,"source":"csv"},"geometry":{"type":"Point","coordinates":[112.867478,35.476159]}},{"type":"Feature","properties":{"id":"st-3044","name":"北板桥","province":"山西","city":"晋城","tier":"local","sourceCount":0,"source":"csv"},"geometry":{"type":"Point","coordinates":[112.889784,35.648085]}},{"type":"Feature","properties":{"id":"st-3045","name":"东坡","province":"山西","city":"晋城","tier":"local","sourceCount":0,"source":"csv"},"geometry":{"type":"Point","coordinates":[112.917838,35.384824]}},{"type":"Feature","properties":{"id":"st-3046","name":"孔庄","province":"山西","city":"晋城","tier":"local","sourceCount":0,"source":"csv"},"geometry":{"type":"Point","coordinates":[112.958479,35.330872]}},{"type":"Feature","properties":{"id":"st-3047","name":"东元庆","province":"山西","city":"晋城","tier":"local","sourceCount":0,"source":"csv"},"geometry":{"type":"Point","coordinates":[112.933728,35.57121]}},{"type":"Feature","properties":{"id":"st-3048","name":"嘉峰","province":"山西","city":"晋城","tier":"local","sourceCount":0,"source":"csv"},"geometry":{"type":"Point","coordinates":[112.516395,35.586614]}},{"type":"Feature","properties":{"id":"st-3049","name":"襄垣","province":"山西","city":"长治","tier":"local","sourceCount":0,"source":"csv"},"geometry":{"type":"Point","coordinates":[113.028987,36.506235]}},{"type":"Feature","properties":{"id":"st-3050","name":"阳城","province":"山西","city":"晋城","tier":"local","sourceCount":0,"source":"csv"},"geometry":{"type":"Point","coordinates":[112.486261,35.492896]}},{"type":"Feature","properties":{"id":"st-3051","name":"磨滩","province":"山西","city":"大同","tier":"local","sourceCount":0,"source":"csv"},"geometry":{"type":"Point","coordinates":[112.606427,35.338531]}},{"type":"Feature","properties":{"id":"st-3052","name":"大辛庄","province":"山西","city":"长治","tier":"local","sourceCount":0,"source":"csv"},"geometry":{"type":"Point","coordinates":[113.093887,36.242473]}},{"type":"Feature","properties":{"id":"st-3053","name":"长治","province":"山西","city":"长治","tier":"local","sourceCount":0,"source":"csv"},"geometry":{"type":"Point","coordinates":[113.06439,36.188478]}},{"type":"Feature","properties":{"id":"st-3054","name":"长治北","province":"山西","city":"长治","tier":"regional-hub","sourceCount":5,"source":"csv"},"geometry":{"type":"Point","coordinates":[113.118241,36.30848]}},{"type":"Feature","properties":{"id":"st-3055","name":"小宋","province":"山西","city":"长治","tier":"local","sourceCount":0,"source":"csv"},"geometry":{"type":"Point","coordinates":[113.015339,36.131069]}},{"type":"Feature","properties":{"id":"st-3056","name":"东田良","province":"山西","city":"长治","tier":"local","sourceCount":0,"source":"csv"},"geometry":{"type":"Point","coordinates":[112.924729,35.996525]}},{"type":"Feature","properties":{"id":"st-3057","name":"长子","province":"山西","city":"长治","tier":"local","sourceCount":0,"source":"csv"},"geometry":{"type":"Point","coordinates":[112.795985,36.111083]}},{"type":"Feature","properties":{"id":"osm-0","name":"沈阳南","province":"辽宁","city":"沈阳","tier":"national-hub","sourceCount":0,"source":"osm-augmented"},"geometry":{"type":"Point","coordinates":[123.3998162,41.6660114]}},{"type":"Feature","properties":{"id":"osm-1","name":"珲春","province":"吉林","city":"延边朝鲜族自治州","tier":"local","sourceCount":0,"source":"osm-augmented"},"geometry":{"type":"Point","coordinates":[130.3953236,42.8992207]}},{"type":"Feature","properties":{"id":"osm-2","name":"齐齐哈尔南","province":"黑龙江","city":"齐齐哈尔","tier":"regional-hub","sourceCount":0,"source":"osm-augmented"},"geometry":{"type":"Point","coordinates":[123.9653116,47.2824806]}},{"type":"Feature","properties":{"id":"osm-3","name":"延吉西","province":"吉林","city":"延边朝鲜族自治州","tier":"regional-hub","sourceCount":0,"source":"osm-augmented"},"geometry":{"type":"Point","coordinates":[129.4077614,42.9025351]}},{"type":"Feature","properties":{"id":"osm-4","name":"南宁东","province":"广西壮族自治区","city":"南宁","tier":"national-hub","sourceCount":0,"source":"osm-augmented"},"geometry":{"type":"Point","coordinates":[108.4099277,22.8447744]}},{"type":"Feature","properties":{"id":"osm-5","name":"贵阳北","province":"贵州","city":"贵阳","tier":"national-hub","sourceCount":0,"source":"osm-augmented"},"geometry":{"type":"Point","coordinates":[106.6723915,26.622752]}},{"type":"Feature","properties":{"id":"osm-6","name":"西安北","province":"陕西","city":"西安","tier":"national-hub","sourceCount":0,"source":"osm-augmented"},"geometry":{"type":"Point","coordinates":[108.9343711,34.3810488]}},{"type":"Feature","properties":{"id":"osm-7","name":"青岛北","province":"山东","city":"青岛","tier":"national-hub","sourceCount":0,"source":"osm-augmented"},"geometry":{"type":"Point","coordinates":[120.3719797,36.1694796]}},{"type":"Feature","properties":{"id":"osm-8","name":"汉口","province":"湖北","city":"武汉","tier":"national-hub","sourceCount":0,"source":"osm-augmented"},"geometry":{"type":"Point","coordinates":[114.2494144,30.6216514]}},{"type":"Feature","properties":{"id":"osm-9","name":"昆明南","province":"云南","city":"昆明","tier":"national-hub","sourceCount":0,"source":"osm-augmented"},"geometry":{"type":"Point","coordinates":[102.8594017,24.8730809]}},{"type":"Feature","properties":{"id":"osm-10","name":"荣成","province":"山东","city":"威海","tier":"local","sourceCount":0,"source":"osm-augmented"},"geometry":{"type":"Point","coordinates":[122.4020742,37.1435045]}},{"type":"Feature","properties":{"id":"osm-11","name":"盐城北","province":"江苏","city":"盐城","tier":"regional-hub","sourceCount":0,"source":"osm-augmented"},"geometry":{"type":"Point","coordinates":[120.0976829,33.4501223]}},{"type":"Feature","properties":{"id":"osm-12","name":"桂林北","province":"广西壮族自治区","city":"桂林","tier":"regional-hub","sourceCount":0,"source":"osm-augmented"},"geometry":{"type":"Point","coordinates":[110.2981859,25.33146]}},{"type":"Feature","properties":{"id":"osm-13","name":"万州北","province":"重庆","city":"万州区","tier":"regional-hub","sourceCount":0,"source":"osm-augmented"},"geometry":{"type":"Point","coordinates":[108.3621441,30.8655821]}},{"type":"Feature","properties":{"id":"osm-14","name":"千岛湖","province":"浙江","city":"金华","tier":"local","sourceCount":0,"source":"osm-augmented"},"geometry":{"type":"Point","coordinates":[119.1868632,29.7377193]}},{"type":"Feature","properties":{"id":"osm-15","name":"嘉峪关南","province":"甘肃","city":"嘉峪关","tier":"regional-hub","sourceCount":0,"source":"osm-augmented"},"geometry":{"type":"Point","coordinates":[98.3092476,39.7167075]}},{"type":"Feature","properties":{"id":"osm-16","name":"张掖西","province":"甘肃","city":"张掖","tier":"regional-hub","sourceCount":0,"source":"osm-augmented"},"geometry":{"type":"Point","coordinates":[100.4265546,38.9225017]}},{"type":"Feature","properties":{"id":"osm-17","name":"三江南","province":"广西壮族自治区","city":"柳州","tier":"regional-hub","sourceCount":0,"source":"osm-augmented"},"geometry":{"type":"Point","coordinates":[109.5715732,25.7286956]}},{"type":"Feature","properties":{"id":"osm-18","name":"南充北","province":"四川","city":"南充","tier":"regional-hub","sourceCount":0,"source":"osm-augmented"},"geometry":{"type":"Point","coordinates":[106.0659281,30.8600344]}},{"type":"Feature","properties":{"id":"osm-19","name":"景德镇北","province":"江西","city":"景德镇","tier":"regional-hub","sourceCount":0,"source":"osm-augmented"},"geometry":{"type":"Point","coordinates":[117.2376217,29.3416354]}},{"type":"Feature","properties":{"id":"osm-20","name":"南部","province":"四川","city":"南充","tier":"local","sourceCount":0,"source":"osm-augmented"},"geometry":{"type":"Point","coordinates":[106.0091709,31.3733736]}},{"type":"Feature","properties":{"id":"osm-21","name":"苍溪","province":"四川","city":"广元","tier":"local","sourceCount":0,"source":"osm-augmented"},"geometry":{"type":"Point","coordinates":[105.9117927,31.7626797]}},{"type":"Feature","properties":{"id":"osm-22","name":"阆中","province":"四川","city":"南充","tier":"local","sourceCount":0,"source":"osm-augmented"},"geometry":{"type":"Point","coordinates":[105.9527161,31.5601678]}},{"type":"Feature","properties":{"id":"osm-23","name":"武胜","province":"重庆","city":"潼南县","tier":"local","sourceCount":0,"source":"osm-augmented"},"geometry":{"type":"Point","coordinates":[106.1017897,30.3720464]}},{"type":"Feature","properties":{"id":"osm-24","name":"原平西","province":"山西","city":"忻州","tier":"regional-hub","sourceCount":0,"source":"osm-augmented"},"geometry":{"type":"Point","coordinates":[112.6685366,38.7381167]}},{"type":"Feature","properties":{"id":"osm-25","name":"孝感东","province":"湖北","city":"孝感","tier":"regional-hub","sourceCount":0,"source":"osm-augmented"},"geometry":{"type":"Point","coordinates":[113.9424846,30.9357745]}},{"type":"Feature","properties":{"id":"osm-26","name":"大明湖","province":"山东","city":"济南","tier":"local","sourceCount":0,"source":"osm-augmented"},"geometry":{"type":"Point","coordinates":[117.0219482,36.6811875]}},{"type":"Feature","properties":{"id":"osm-27","name":"龙口市","province":"山东","city":"烟台","tier":"local","sourceCount":0,"source":"osm-augmented"},"geometry":{"type":"Point","coordinates":[120.5178135,37.6179961]}},{"type":"Feature","properties":{"id":"osm-28","name":"平原东","province":"山东","city":"德州","tier":"regional-hub","sourceCount":0,"source":"osm-augmented"},"geometry":{"type":"Point","coordinates":[116.5763201,37.2173416]}},{"type":"Feature","properties":{"id":"osm-29","name":"婺源","province":"江西","city":"景德镇","tier":"local","sourceCount":0,"source":"osm-augmented"},"geometry":{"type":"Point","coordinates":[117.8724329,29.2421028]}},{"type":"Feature","properties":{"id":"osm-30","name":"长汀南","province":"福建","city":"龙岩","tier":"regional-hub","sourceCount":0,"source":"osm-augmented"},"geometry":{"type":"Point","coordinates":[116.3527953,25.7692988]}},{"type":"Feature","properties":{"id":"osm-31","name":"秦皇岛","province":"河北","city":"秦皇岛","tier":"local","sourceCount":0,"source":"osm-augmented"},"geometry":{"type":"Point","coordinates":[119.5863191,39.9648614]}},{"type":"Feature","properties":{"id":"osm-32","name":"衡水北","province":"河北","city":"衡水","tier":"regional-hub","sourceCount":0,"source":"osm-augmented"},"geometry":{"type":"Point","coordinates":[115.6692499,37.7719911]}},{"type":"Feature","properties":{"id":"osm-33","name":"呼和浩特东","province":"内蒙古自治区","city":"呼和浩特","tier":"national-hub","sourceCount":0,"source":"osm-augmented"},"geometry":{"type":"Point","coordinates":[111.7582244,40.8497206]}},{"type":"Feature","properties":{"id":"osm-34","name":"乌兰察布","province":"内蒙古自治区","city":"乌兰察布","tier":"local","sourceCount":0,"source":"osm-augmented"},"geometry":{"type":"Point","coordinates":[113.1523899,40.963263]}},{"type":"Feature","properties":{"id":"osm-35","name":"鄂尔多斯","province":"内蒙古自治区","city":"鄂尔多斯","tier":"local","sourceCount":0,"source":"osm-augmented"},"geometry":{"type":"Point","coordinates":[109.8369698,39.5600184]}},{"type":"Feature","properties":{"id":"osm-36","name":"怀化南","province":"湖南","city":"怀化","tier":"regional-hub","sourceCount":0,"source":"osm-augmented"},"geometry":{"type":"Point","coordinates":[109.988764,27.5155158]}},{"type":"Feature","properties":{"id":"osm-37","name":"佛山西","province":"广东","city":"佛山","tier":"regional-hub","sourceCount":0,"source":"osm-augmented"},"geometry":{"type":"Point","coordinates":[113.0280719,23.0823919]}},{"type":"Feature","properties":{"id":"osm-38","name":"肇庆东","province":"广东","city":"佛山","tier":"regional-hub","sourceCount":0,"source":"osm-augmented"},"geometry":{"type":"Point","coordinates":[112.6581162,23.2173959]}},{"type":"Feature","properties":{"id":"osm-39","name":"怀集","province":"广西壮族自治区","city":"贺州","tier":"local","sourceCount":0,"source":"osm-augmented"},"geometry":{"type":"Point","coordinates":[112.1540561,23.8947088]}},{"type":"Feature","properties":{"id":"osm-40","name":"庄河北","province":"辽宁","city":"大连","tier":"regional-hub","sourceCount":0,"source":"osm-augmented"},"geometry":{"type":"Point","coordinates":[122.9310267,39.7266758]}},{"type":"Feature","properties":{"id":"osm-41","name":"岚山西","province":"山东","city":"日照","tier":"regional-hub","sourceCount":0,"source":"osm-augmented"},"geometry":{"type":"Point","coordinates":[119.2708931,35.1875003]}},{"type":"Feature","properties":{"id":"osm-42","name":"日照西","province":"山东","city":"日照","tier":"regional-hub","sourceCount":0,"source":"osm-augmented"},"geometry":{"type":"Point","coordinates":[119.4133106,35.3908386]}},{"type":"Feature","properties":{"id":"osm-43","name":"綦江东","province":"重庆","city":"綦江区","tier":"regional-hub","sourceCount":0,"source":"osm-augmented"},"geometry":{"type":"Point","coordinates":[106.6596463,29.0263631]}},{"type":"Feature","properties":{"id":"osm-44","name":"富宁","province":"广西壮族自治区","city":"百色","tier":"local","sourceCount":0,"source":"osm-augmented"},"geometry":{"type":"Point","coordinates":[105.5818028,23.6772685]}},{"type":"Feature","properties":{"id":"osm-45","name":"普者黑","province":"云南","city":"曲靖","tier":"local","sourceCount":0,"source":"osm-augmented"},"geometry":{"type":"Point","coordinates":[104.1771193,23.9712519]}},{"type":"Feature","properties":{"id":"osm-46","name":"弥勒","province":"云南","city":"昆明","tier":"local","sourceCount":0,"source":"osm-augmented"},"geometry":{"type":"Point","coordinates":[103.4080445,24.3398328]}},{"type":"Feature","properties":{"id":"osm-47","name":"鄯善北","province":"新疆维吾尔自治区","city":"吐鲁番","tier":"regional-hub","sourceCount":0,"source":"osm-augmented"},"geometry":{"type":"Point","coordinates":[90.1937129,42.9172553]}},{"type":"Feature","properties":{"id":"osm-48","name":"陇南","province":"","city":"","tier":"regional-hub","sourceCount":0,"source":"osm-augmented"},"geometry":{"type":"Point","coordinates":[104.9569401,33.377143]}},{"type":"Feature","properties":{"id":"osm-49","name":"门源","province":"青海","city":"海北藏族自治州","tier":"local","sourceCount":0,"source":"osm-augmented"},"geometry":{"type":"Point","coordinates":[101.5262461,37.4265332]}},{"type":"Feature","properties":{"id":"osm-50","name":"天水南","province":"甘肃","city":"天水","tier":"regional-hub","sourceCount":0,"source":"osm-augmented"},"geometry":{"type":"Point","coordinates":[105.8523245,34.5510165]}},{"type":"Feature","properties":{"id":"osm-51","name":"中川机场","province":"甘肃","city":"兰州","tier":"local","sourceCount":0,"source":"osm-augmented"},"geometry":{"type":"Point","coordinates":[103.6138024,36.5044994]}},{"type":"Feature","properties":{"id":"osm-52","name":"东岔","province":"甘肃","city":"天水","tier":"local","sourceCount":0,"source":"osm-augmented"},"geometry":{"type":"Point","coordinates":[106.5359848,34.443955]}},{"type":"Feature","properties":{"id":"osm-53","name":"福田","province":"广东","city":"深圳","tier":"local","sourceCount":0,"source":"osm-augmented"},"geometry":{"type":"Point","coordinates":[114.0511799,22.5413178]}},{"type":"Feature","properties":{"id":"osm-54","name":"鹰潭北","province":"江西","city":"鹰潭","tier":"regional-hub","sourceCount":0,"source":"osm-augmented"},"geometry":{"type":"Point","coordinates":[117.0338664,28.3087644]}},{"type":"Feature","properties":{"id":"osm-55","name":"洛阳龙门","province":"河南","city":"洛阳","tier":"local","sourceCount":0,"source":"osm-augmented"},"geometry":{"type":"Point","coordinates":[112.4526879,34.5942768]}},{"type":"Feature","properties":{"id":"osm-56","name":"大庆东","province":"黑龙江","city":"大庆","tier":"regional-hub","sourceCount":0,"source":"osm-augmented"},"geometry":{"type":"Point","coordinates":[125.1160204,46.5306615]}},{"type":"Feature","properties":{"id":"osm-57","name":"萍乡北","province":"江西","city":"萍乡","tier":"regional-hub","sourceCount":0,"source":"osm-augmented"},"geometry":{"type":"Point","coordinates":[113.8422996,27.6874541]}},{"type":"Feature","properties":{"id":"osm-58","name":"开封北","province":"河南","city":"开封","tier":"regional-hub","sourceCount":0,"source":"osm-augmented"},"geometry":{"type":"Point","coordinates":[114.2560503,34.8406362]}},{"type":"Feature","properties":{"id":"osm-59","name":"义乌","province":"浙江","city":"绍兴","tier":"local","sourceCount":0,"source":"osm-augmented"},"geometry":{"type":"Point","coordinates":[120.0403976,29.3796602]}},{"type":"Feature","properties":{"id":"osm-60","name":"承德南","province":"河北","city":"承德","tier":"regional-hub","sourceCount":0,"source":"osm-augmented"},"geometry":{"type":"Point","coordinates":[117.9583137,40.8827849]}},{"type":"Feature","properties":{"id":"osm-61","name":"安顺西","province":"贵州","city":"安顺","tier":"regional-hub","sourceCount":0,"source":"osm-augmented"},"geometry":{"type":"Point","coordinates":[105.8723451,26.2021337]}},{"type":"Feature","properties":{"id":"osm-62","name":"凯里南","province":"贵州","city":"凯里","tier":"regional-hub","sourceCount":0,"source":"osm-augmented"},"geometry":{"type":"Point","coordinates":[107.8837989,26.517651]}},{"type":"Feature","properties":{"id":"osm-63","name":"铜仁南","province":"贵州","city":"铜仁","tier":"regional-hub","sourceCount":0,"source":"osm-augmented"},"geometry":{"type":"Point","coordinates":[108.9713101,27.2824472]}},{"type":"Feature","properties":{"id":"osm-64","name":"牛河梁","province":"辽宁","city":"朝阳","tier":"local","sourceCount":0,"source":"osm-augmented"},"geometry":{"type":"Point","coordinates":[119.3927944,41.1940677]}},{"type":"Feature","properties":{"id":"osm-65","name":"沙坪坝","province":"重庆","city":"沙坪坝区","tier":"local","sourceCount":0,"source":"osm-augmented"},"geometry":{"type":"Point","coordinates":[106.4562054,29.5580846]}},{"type":"Feature","properties":{"id":"osm-66","name":"内江北","province":"四川","city":"内江","tier":"regional-hub","sourceCount":0,"source":"osm-augmented"},"geometry":{"type":"Point","coordinates":[105.0822061,29.6124023]}},{"type":"Feature","properties":{"id":"osm-67","name":"资中北","province":"四川","city":"内江","tier":"regional-hub","sourceCount":0,"source":"osm-augmented"},"geometry":{"type":"Point","coordinates":[104.8702706,29.7997045]}},{"type":"Feature","properties":{"id":"osm-68","name":"隆昌北","province":"四川","city":"内江","tier":"regional-hub","sourceCount":0,"source":"osm-augmented"},"geometry":{"type":"Point","coordinates":[105.2874349,29.4683757]}},{"type":"Feature","properties":{"id":"osm-69","name":"永川东","province":"重庆","city":"永川区","tier":"regional-hub","sourceCount":0,"source":"osm-augmented"},"geometry":{"type":"Point","coordinates":[105.9460461,29.3743485]}},{"type":"Feature","properties":{"id":"osm-70","name":"峨眉山","province":"四川","city":"乐山","tier":"local","sourceCount":0,"source":"osm-augmented"},"geometry":{"type":"Point","coordinates":[103.4646539,29.5785842]}},{"type":"Feature","properties":{"id":"osm-71","name":"蛟河西","province":"吉林","city":"吉林","tier":"regional-hub","sourceCount":0,"source":"osm-augmented"},"geometry":{"type":"Point","coordinates":[127.293615,43.726727]}},{"type":"Feature","properties":{"id":"osm-72","name":"新郑机场","province":"河南","city":"郑州","tier":"local","sourceCount":0,"source":"osm-augmented"},"geometry":{"type":"Point","coordinates":[113.8474265,34.5271961]}},{"type":"Feature","properties":{"id":"osm-73","name":"宋城路","province":"河南","city":"开封","tier":"local","sourceCount":0,"source":"osm-augmented"},"geometry":{"type":"Point","coordinates":[114.2785621,34.7857534]}},{"type":"Feature","properties":{"id":"osm-74","name":"南阳寨","province":"河南","city":"郑州","tier":"local","sourceCount":0,"source":"osm-augmented"},"geometry":{"type":"Point","coordinates":[113.6109018,34.8154786]}},{"type":"Feature","properties":{"id":"osm-75","name":"金山卫","province":"上海","city":"奉贤区","tier":"local","sourceCount":0,"source":"osm-augmented"},"geometry":{"type":"Point","coordinates":[121.3580596,30.7301085]}},{"type":"Feature","properties":{"id":"osm-76","name":"安靖","province":"四川","city":"成都","tier":"local","sourceCount":0,"source":"osm-augmented"},"geometry":{"type":"Point","coordinates":[104.0342789,30.7399186]}},{"type":"Feature","properties":{"id":"osm-77","name":"眉山东","province":"四川","city":"眉山","tier":"regional-hub","sourceCount":0,"source":"osm-augmented"},"geometry":{"type":"Point","coordinates":[103.8192516,30.069678]}},{"type":"Feature","properties":{"id":"osm-78","name":"宜宾西","province":"四川","city":"宜宾","tier":"regional-hub","sourceCount":0,"source":"osm-augmented"},"geometry":{"type":"Point","coordinates":[104.6032423,28.7257904]}},{"type":"Feature","properties":{"id":"osm-79","name":"开阳","province":"贵州","city":"贵阳","tier":"local","sourceCount":0,"source":"osm-augmented"},"geometry":{"type":"Point","coordinates":[106.9700697,27.0446857]}},{"type":"Feature","properties":{"id":"osm-80","name":"烟台南","province":"山东","city":"烟台","tier":"regional-hub","sourceCount":0,"source":"osm-augmented"},"geometry":{"type":"Point","coordinates":[121.3872115,37.4317858]}},{"type":"Feature","properties":{"id":"osm-81","name":"成都西","province":"四川","city":"成都","tier":"national-hub","sourceCount":0,"source":"osm-augmented"},"geometry":{"type":"Point","coordinates":[103.9732887,30.686382]}},{"type":"Feature","properties":{"id":"osm-82","name":"邛崃","province":"四川","city":"成都","tier":"local","sourceCount":0,"source":"osm-augmented"},"geometry":{"type":"Point","coordinates":[103.4828129,30.4137542]}},{"type":"Feature","properties":{"id":"osm-83","name":"雅安","province":"四川","city":"乐山","tier":"local","sourceCount":0,"source":"osm-augmented"},"geometry":{"type":"Point","coordinates":[103.0546975,30.0313155]}},{"type":"Feature","properties":{"id":"osm-84","name":"长沙西","province":"湖南","city":"长沙","tier":"national-hub","sourceCount":0,"source":"osm-augmented"},"geometry":{"type":"Point","coordinates":[112.8205132,28.2653776]}},{"type":"Feature","properties":{"id":"osm-85","name":"株洲南","province":"湖南","city":"株洲","tier":"regional-hub","sourceCount":0,"source":"osm-augmented"},"geometry":{"type":"Point","coordinates":[113.1628275,27.7719839]}},{"type":"Feature","properties":{"id":"osm-86","name":"道滘","province":"广东","city":"东莞","tier":"local","sourceCount":0,"source":"osm-augmented"},"geometry":{"type":"Point","coordinates":[113.6537851,22.9937567]}},{"type":"Feature","properties":{"id":"osm-87","name":"小金口","province":"广东","city":"惠州","tier":"local","sourceCount":0,"source":"osm-augmented"},"geometry":{"type":"Point","coordinates":[114.4132051,23.1543456]}},{"type":"Feature","properties":{"id":"osm-88","name":"蒙自","province":"云南","city":"红河哈尼族彝族自治州","tier":"local","sourceCount":0,"source":"osm-augmented"},"geometry":{"type":"Point","coordinates":[103.4294397,23.3764384]}}]}
